-- Generated by seed/glove/generate.mjs — do not edit by hand.
PRAGMA foreign_keys = ON;
INSERT OR REPLACE INTO industry (id, name, sector, description) VALUES ('rubber-gloves', 'Rubber & Medical Gloves', 'Healthcare Manufacturing', 'Disposable nitrile/latex glove manufacturers — a deeply cyclical industry driven by ASP, capacity utilisation, raw-material (NBR latex) and energy costs. Malaysia supplies the majority of world demand.');
INSERT OR REPLACE INTO source (id, kind, name, url, retrieved_at, note) VALUES ('glove-tracker-top-glove', 'glove-tracker', 'glove-tracker import — Top Glove Corporation Bursa quarterly reports', 'https://www.bursamalaysia.com', '2026-04-20', 'Imported from weisiang329-eng/glove-tracker (data/fund.json, is_mock=0 rows only). Original source: Bursa Malaysia quarterly report PDFs, auto-parsed. See apps/api/seed/glove/fundamentals.json for per-row provenance.');
INSERT OR REPLACE INTO company (id, name, ticker, exchange, segment, country, industry_id, description, reporting_currency) VALUES ('top-glove', 'Top Glove Corporation', 'TOPGLOV', 'Bursa Malaysia', 'Rubber Gloves', 'Malaysia', 'rubber-gloves', 'The world''s largest glove manufacturer by capacity (Bursa 7113). Fiscal year ends August.', 'MYR');
INSERT OR REPLACE INTO financial_period (id, company_id, period_label, period_type, fiscal_year, fiscal_quarter, currency, unit, report_date, source_id) VALUES (20000, 'top-glove', 'Q1 FY03', 'quarter', 2003, 1, 'MYR', 'MYR millions', '2002-11-30', 'glove-tracker-top-glove');
INSERT OR REPLACE INTO financial_fact (period_id, concept, value, source_id) VALUES
  (20000, 'Revenue', 55.1, 'glove-tracker-top-glove'),
  (20000, 'NetIncome', 5.1, 'glove-tracker-top-glove');
INSERT OR REPLACE INTO financial_period (id, company_id, period_label, period_type, fiscal_year, fiscal_quarter, currency, unit, report_date, source_id) VALUES (20001, 'top-glove', 'Q2 FY03', 'quarter', 2003, 2, 'MYR', 'MYR millions', '2003-02-28', 'glove-tracker-top-glove');
INSERT OR REPLACE INTO financial_fact (period_id, concept, value, source_id) VALUES
  (20001, 'Revenue', 57.4, 'glove-tracker-top-glove'),
  (20001, 'NetIncome', 5.6, 'glove-tracker-top-glove');
INSERT OR REPLACE INTO financial_period (id, company_id, period_label, period_type, fiscal_year, fiscal_quarter, currency, unit, report_date, source_id) VALUES (20002, 'top-glove', 'Q3 FY03', 'quarter', 2003, 3, 'MYR', 'MYR millions', '2003-05-31', 'glove-tracker-top-glove');
INSERT OR REPLACE INTO financial_fact (period_id, concept, value, source_id) VALUES
  (20002, 'Revenue', 72.5, 'glove-tracker-top-glove'),
  (20002, 'NetIncome', 6.7, 'glove-tracker-top-glove');
INSERT OR REPLACE INTO financial_period (id, company_id, period_label, period_type, fiscal_year, fiscal_quarter, currency, unit, report_date, source_id) VALUES (20003, 'top-glove', 'Q4 FY03', 'quarter', 2003, 4, 'MYR', 'MYR millions', '2003-08-31', 'glove-tracker-top-glove');
INSERT OR REPLACE INTO financial_fact (period_id, concept, value, source_id) VALUES
  (20003, 'Revenue', 80, 'glove-tracker-top-glove'),
  (20003, 'NetIncome', 7.9, 'glove-tracker-top-glove');
INSERT OR REPLACE INTO financial_period (id, company_id, period_label, period_type, fiscal_year, fiscal_quarter, currency, unit, report_date, source_id) VALUES (20004, 'top-glove', 'Q2 FY04', 'quarter', 2004, 2, 'MYR', 'MYR millions', '2004-02-29', 'glove-tracker-top-glove');
INSERT OR REPLACE INTO financial_fact (period_id, concept, value, source_id) VALUES
  (20004, 'Revenue', 95.6, 'glove-tracker-top-glove'),
  (20004, 'NetIncome', 9.2, 'glove-tracker-top-glove');
INSERT OR REPLACE INTO financial_period (id, company_id, period_label, period_type, fiscal_year, fiscal_quarter, currency, unit, report_date, source_id) VALUES (20005, 'top-glove', 'Q3 FY04', 'quarter', 2004, 3, 'MYR', 'MYR millions', '2004-05-31', 'glove-tracker-top-glove');
INSERT OR REPLACE INTO financial_fact (period_id, concept, value, source_id) VALUES
  (20005, 'Revenue', 111.3, 'glove-tracker-top-glove'),
  (20005, 'NetIncome', 10, 'glove-tracker-top-glove');
INSERT OR REPLACE INTO financial_period (id, company_id, period_label, period_type, fiscal_year, fiscal_quarter, currency, unit, report_date, source_id) VALUES (20006, 'top-glove', 'Q4 FY04', 'quarter', 2004, 4, 'MYR', 'MYR millions', '2004-08-31', 'glove-tracker-top-glove');
INSERT OR REPLACE INTO financial_fact (period_id, concept, value, source_id) VALUES
  (20006, 'Revenue', 119.1, 'glove-tracker-top-glove'),
  (20006, 'NetIncome', 11.8, 'glove-tracker-top-glove');
INSERT OR REPLACE INTO financial_period (id, company_id, period_label, period_type, fiscal_year, fiscal_quarter, currency, unit, report_date, source_id) VALUES (20007, 'top-glove', 'Q1 FY05', 'quarter', 2005, 1, 'MYR', 'MYR millions', '2004-11-30', 'glove-tracker-top-glove');
INSERT OR REPLACE INTO financial_fact (period_id, concept, value, source_id) VALUES
  (20007, 'Revenue', 139.1, 'glove-tracker-top-glove'),
  (20007, 'NetIncome', 12.9, 'glove-tracker-top-glove');
INSERT OR REPLACE INTO financial_period (id, company_id, period_label, period_type, fiscal_year, fiscal_quarter, currency, unit, report_date, source_id) VALUES (20008, 'top-glove', 'Q2 FY05', 'quarter', 2005, 2, 'MYR', 'MYR millions', '2005-02-28', 'glove-tracker-top-glove');
INSERT OR REPLACE INTO financial_fact (period_id, concept, value, source_id) VALUES
  (20008, 'Revenue', 148.7, 'glove-tracker-top-glove'),
  (20008, 'NetIncome', 13.9, 'glove-tracker-top-glove');
INSERT OR REPLACE INTO financial_period (id, company_id, period_label, period_type, fiscal_year, fiscal_quarter, currency, unit, report_date, source_id) VALUES (20009, 'top-glove', 'Q3 FY05', 'quarter', 2005, 3, 'MYR', 'MYR millions', '2005-05-31', 'glove-tracker-top-glove');
INSERT OR REPLACE INTO financial_fact (period_id, concept, value, source_id) VALUES
  (20009, 'Revenue', 159.2, 'glove-tracker-top-glove'),
  (20009, 'NetIncome', 14.8, 'glove-tracker-top-glove');
INSERT OR REPLACE INTO financial_period (id, company_id, period_label, period_type, fiscal_year, fiscal_quarter, currency, unit, report_date, source_id) VALUES (20010, 'top-glove', 'Q4 FY05', 'quarter', 2005, 4, 'MYR', 'MYR millions', '2005-08-31', 'glove-tracker-top-glove');
INSERT OR REPLACE INTO financial_fact (period_id, concept, value, source_id) VALUES
  (20010, 'Revenue', 194.8, 'glove-tracker-top-glove'),
  (20010, 'NetIncome', 16.5, 'glove-tracker-top-glove');
INSERT OR REPLACE INTO financial_period (id, company_id, period_label, period_type, fiscal_year, fiscal_quarter, currency, unit, report_date, source_id) VALUES (20011, 'top-glove', 'Q1 FY06', 'quarter', 2006, 1, 'MYR', 'MYR millions', '2005-11-30', 'glove-tracker-top-glove');
INSERT OR REPLACE INTO financial_fact (period_id, concept, value, source_id) VALUES
  (20011, 'Revenue', 208.7, 'glove-tracker-top-glove'),
  (20011, 'NetIncome', 18.4, 'glove-tracker-top-glove');
INSERT OR REPLACE INTO financial_period (id, company_id, period_label, period_type, fiscal_year, fiscal_quarter, currency, unit, report_date, source_id) VALUES (20012, 'top-glove', 'Q2 FY06', 'quarter', 2006, 2, 'MYR', 'MYR millions', '2006-02-28', 'glove-tracker-top-glove');
INSERT OR REPLACE INTO financial_fact (period_id, concept, value, source_id) VALUES
  (20012, 'Revenue', 228.5, 'glove-tracker-top-glove'),
  (20012, 'NetIncome', 20, 'glove-tracker-top-glove');
INSERT OR REPLACE INTO financial_period (id, company_id, period_label, period_type, fiscal_year, fiscal_quarter, currency, unit, report_date, source_id) VALUES (20013, 'top-glove', 'Q3 FY06', 'quarter', 2006, 3, 'MYR', 'MYR millions', '2006-05-31', 'glove-tracker-top-glove');
INSERT OR REPLACE INTO financial_fact (period_id, concept, value, source_id) VALUES
  (20013, 'Revenue', 247.8, 'glove-tracker-top-glove'),
  (20013, 'NetIncome', 21.2, 'glove-tracker-top-glove');
INSERT OR REPLACE INTO financial_period (id, company_id, period_label, period_type, fiscal_year, fiscal_quarter, currency, unit, report_date, source_id) VALUES (20014, 'top-glove', 'Q4 FY06', 'quarter', 2006, 4, 'MYR', 'MYR millions', '2006-08-31', 'glove-tracker-top-glove');
INSERT OR REPLACE INTO financial_fact (period_id, concept, value, source_id) VALUES
  (20014, 'Revenue', 307.5, 'glove-tracker-top-glove'),
  (20014, 'NetIncome', 18.5, 'glove-tracker-top-glove');
INSERT OR REPLACE INTO financial_period (id, company_id, period_label, period_type, fiscal_year, fiscal_quarter, currency, unit, report_date, source_id) VALUES (20015, 'top-glove', 'Q1 FY07', 'quarter', 2007, 1, 'MYR', 'MYR millions', '2006-11-30', 'glove-tracker-top-glove');
INSERT OR REPLACE INTO financial_fact (period_id, concept, value, source_id) VALUES
  (20015, 'Revenue', 308.3, 'glove-tracker-top-glove'),
  (20015, 'NetIncome', 24.8, 'glove-tracker-top-glove');
INSERT OR REPLACE INTO financial_period (id, company_id, period_label, period_type, fiscal_year, fiscal_quarter, currency, unit, report_date, source_id) VALUES (20016, 'top-glove', 'Q2 FY07', 'quarter', 2007, 2, 'MYR', 'MYR millions', '2007-02-28', 'glove-tracker-top-glove');
INSERT OR REPLACE INTO financial_fact (period_id, concept, value, source_id) VALUES
  (20016, 'Revenue', 311.4, 'glove-tracker-top-glove'),
  (20016, 'NetIncome', 25.4, 'glove-tracker-top-glove');
INSERT OR REPLACE INTO financial_period (id, company_id, period_label, period_type, fiscal_year, fiscal_quarter, currency, unit, report_date, source_id) VALUES (20017, 'top-glove', 'Q3 FY07', 'quarter', 2007, 3, 'MYR', 'MYR millions', '2007-05-31', 'glove-tracker-top-glove');
INSERT OR REPLACE INTO financial_fact (period_id, concept, value, source_id) VALUES
  (20017, 'Revenue', 301.6, 'glove-tracker-top-glove'),
  (20017, 'NetIncome', 25.9, 'glove-tracker-top-glove');
INSERT OR REPLACE INTO financial_period (id, company_id, period_label, period_type, fiscal_year, fiscal_quarter, currency, unit, report_date, source_id) VALUES (20018, 'top-glove', 'Q4 FY07', 'quarter', 2007, 4, 'MYR', 'MYR millions', '2007-08-31', 'glove-tracker-top-glove');
INSERT OR REPLACE INTO financial_fact (period_id, concept, value, source_id) VALUES
  (20018, 'Revenue', 307.7, 'glove-tracker-top-glove'),
  (20018, 'NetIncome', 26.8, 'glove-tracker-top-glove');
INSERT OR REPLACE INTO financial_period (id, company_id, period_label, period_type, fiscal_year, fiscal_quarter, currency, unit, report_date, source_id) VALUES (20019, 'top-glove', 'Q1 FY08', 'quarter', 2008, 1, 'MYR', 'MYR millions', '2007-11-30', 'glove-tracker-top-glove');
INSERT OR REPLACE INTO financial_fact (period_id, concept, value, source_id) VALUES
  (20019, 'Revenue', 336.5, 'glove-tracker-top-glove'),
  (20019, 'NetIncome', 29.4, 'glove-tracker-top-glove');
INSERT OR REPLACE INTO financial_period (id, company_id, period_label, period_type, fiscal_year, fiscal_quarter, currency, unit, report_date, source_id) VALUES (20020, 'top-glove', 'Q2 FY08', 'quarter', 2008, 2, 'MYR', 'MYR millions', '2008-02-29', 'glove-tracker-top-glove');
INSERT OR REPLACE INTO financial_fact (period_id, concept, value, source_id) VALUES
  (20020, 'Revenue', 320.8, 'glove-tracker-top-glove'),
  (20020, 'NetIncome', 29.5, 'glove-tracker-top-glove');
INSERT OR REPLACE INTO financial_period (id, company_id, period_label, period_type, fiscal_year, fiscal_quarter, currency, unit, report_date, source_id) VALUES (20021, 'top-glove', 'Q3 FY08', 'quarter', 2008, 3, 'MYR', 'MYR millions', '2008-05-31', 'glove-tracker-top-glove');
INSERT OR REPLACE INTO financial_fact (period_id, concept, value, source_id) VALUES
  (20021, 'Revenue', 356.1, 'glove-tracker-top-glove'),
  (20021, 'NetIncome', 26.1, 'glove-tracker-top-glove');
INSERT OR REPLACE INTO financial_period (id, company_id, period_label, period_type, fiscal_year, fiscal_quarter, currency, unit, report_date, source_id) VALUES (20022, 'top-glove', 'Q4 FY08', 'quarter', 2008, 4, 'MYR', 'MYR millions', '2008-08-31', 'glove-tracker-top-glove');
INSERT OR REPLACE INTO financial_fact (period_id, concept, value, source_id) VALUES
  (20022, 'Revenue', 360.8, 'glove-tracker-top-glove'),
  (20022, 'NetIncome', 25.1, 'glove-tracker-top-glove');
INSERT OR REPLACE INTO financial_period (id, company_id, period_label, period_type, fiscal_year, fiscal_quarter, currency, unit, report_date, source_id) VALUES (20023, 'top-glove', 'Q1 FY09', 'quarter', 2009, 1, 'MYR', 'MYR millions', '2008-11-30', 'glove-tracker-top-glove');
INSERT OR REPLACE INTO financial_fact (period_id, concept, value, source_id) VALUES
  (20023, 'Revenue', 386.1, 'glove-tracker-top-glove'),
  (20023, 'NetIncome', 34.2, 'glove-tracker-top-glove');
INSERT OR REPLACE INTO financial_period (id, company_id, period_label, period_type, fiscal_year, fiscal_quarter, currency, unit, report_date, source_id) VALUES (20024, 'top-glove', 'Q2 FY09', 'quarter', 2009, 2, 'MYR', 'MYR millions', '2009-02-28', 'glove-tracker-top-glove');
INSERT OR REPLACE INTO financial_fact (period_id, concept, value, source_id) VALUES
  (20024, 'Revenue', 346.5, 'glove-tracker-top-glove'),
  (20024, 'NetIncome', 36, 'glove-tracker-top-glove');
INSERT OR REPLACE INTO financial_period (id, company_id, period_label, period_type, fiscal_year, fiscal_quarter, currency, unit, report_date, source_id) VALUES (20025, 'top-glove', 'Q3 FY09', 'quarter', 2009, 3, 'MYR', 'MYR millions', '2009-05-31', 'glove-tracker-top-glove');
INSERT OR REPLACE INTO financial_fact (period_id, concept, value, source_id) VALUES
  (20025, 'Revenue', 372, 'glove-tracker-top-glove'),
  (20025, 'NetIncome', 42.2, 'glove-tracker-top-glove');
INSERT OR REPLACE INTO financial_period (id, company_id, period_label, period_type, fiscal_year, fiscal_quarter, currency, unit, report_date, source_id) VALUES (20026, 'top-glove', 'Q4 FY09', 'quarter', 2009, 4, 'MYR', 'MYR millions', '2009-08-31', 'glove-tracker-top-glove');
INSERT OR REPLACE INTO financial_fact (period_id, concept, value, source_id) VALUES
  (20026, 'Revenue', 427.3, 'glove-tracker-top-glove'),
  (20026, 'NetIncome', 56.8, 'glove-tracker-top-glove');
INSERT OR REPLACE INTO financial_period (id, company_id, period_label, period_type, fiscal_year, fiscal_quarter, currency, unit, report_date, source_id) VALUES (20027, 'top-glove', 'Q1 FY10', 'quarter', 2010, 1, 'MYR', 'MYR millions', '2009-11-30', 'glove-tracker-top-glove');
INSERT OR REPLACE INTO financial_fact (period_id, concept, value, source_id) VALUES
  (20027, 'Revenue', 472.3, 'glove-tracker-top-glove'),
  (20027, 'NetIncome', 65.2, 'glove-tracker-top-glove');
INSERT OR REPLACE INTO financial_period (id, company_id, period_label, period_type, fiscal_year, fiscal_quarter, currency, unit, report_date, source_id) VALUES (20028, 'top-glove', 'Q2 FY10', 'quarter', 2010, 2, 'MYR', 'MYR millions', '2010-02-28', 'glove-tracker-top-glove');
INSERT OR REPLACE INTO financial_fact (period_id, concept, value, source_id) VALUES
  (20028, 'Revenue', 509.9, 'glove-tracker-top-glove'),
  (20028, 'NetIncome', 70.5, 'glove-tracker-top-glove');
INSERT OR REPLACE INTO financial_period (id, company_id, period_label, period_type, fiscal_year, fiscal_quarter, currency, unit, report_date, source_id) VALUES (20029, 'top-glove', 'Q3 FY10', 'quarter', 2010, 3, 'MYR', 'MYR millions', '2010-05-31', 'glove-tracker-top-glove');
INSERT OR REPLACE INTO financial_fact (period_id, concept, value, source_id) VALUES
  (20029, 'Revenue', 555.9, 'glove-tracker-top-glove'),
  (20029, 'NetIncome', 64.5, 'glove-tracker-top-glove');
INSERT OR REPLACE INTO financial_period (id, company_id, period_label, period_type, fiscal_year, fiscal_quarter, currency, unit, report_date, source_id) VALUES (20030, 'top-glove', 'Q4 FY10', 'quarter', 2010, 4, 'MYR', 'MYR millions', '2010-08-31', 'glove-tracker-top-glove');
INSERT OR REPLACE INTO financial_fact (period_id, concept, value, source_id) VALUES
  (20030, 'Revenue', 541.4, 'glove-tracker-top-glove'),
  (20030, 'NetIncome', 45.1, 'glove-tracker-top-glove');
INSERT OR REPLACE INTO financial_period (id, company_id, period_label, period_type, fiscal_year, fiscal_quarter, currency, unit, report_date, source_id) VALUES (20031, 'top-glove', 'Q1 FY11', 'quarter', 2011, 1, 'MYR', 'MYR millions', '2010-11-30', 'glove-tracker-top-glove');
INSERT OR REPLACE INTO financial_fact (period_id, concept, value, source_id) VALUES
  (20031, 'Revenue', 491.5, 'glove-tracker-top-glove'),
  (20031, 'NetIncome', 36.1, 'glove-tracker-top-glove');
INSERT OR REPLACE INTO financial_period (id, company_id, period_label, period_type, fiscal_year, fiscal_quarter, currency, unit, report_date, source_id) VALUES (20032, 'top-glove', 'Q2 FY11', 'quarter', 2011, 2, 'MYR', 'MYR millions', '2011-02-28', 'glove-tracker-top-glove');
INSERT OR REPLACE INTO financial_fact (period_id, concept, value, source_id) VALUES
  (20032, 'Revenue', 485.2, 'glove-tracker-top-glove'),
  (20032, 'NetIncome', 25.4, 'glove-tracker-top-glove');
INSERT OR REPLACE INTO financial_period (id, company_id, period_label, period_type, fiscal_year, fiscal_quarter, currency, unit, report_date, source_id) VALUES (20033, 'top-glove', 'Q3 FY11', 'quarter', 2011, 3, 'MYR', 'MYR millions', '2011-05-31', 'glove-tracker-top-glove');
INSERT OR REPLACE INTO financial_fact (period_id, concept, value, source_id) VALUES
  (20033, 'Revenue', 535.4, 'glove-tracker-top-glove'),
  (20033, 'NetIncome', 25.6, 'glove-tracker-top-glove');
INSERT OR REPLACE INTO financial_period (id, company_id, period_label, period_type, fiscal_year, fiscal_quarter, currency, unit, report_date, source_id) VALUES (20034, 'top-glove', 'Q4 FY11', 'quarter', 2011, 4, 'MYR', 'MYR millions', '2011-08-31', 'glove-tracker-top-glove');
INSERT OR REPLACE INTO financial_fact (period_id, concept, value, source_id) VALUES
  (20034, 'Revenue', 541.8, 'glove-tracker-top-glove'),
  (20034, 'NetIncome', 26.1, 'glove-tracker-top-glove');
INSERT OR REPLACE INTO financial_period (id, company_id, period_label, period_type, fiscal_year, fiscal_quarter, currency, unit, report_date, source_id) VALUES (20035, 'top-glove', 'Q1 FY12', 'quarter', 2012, 1, 'MYR', 'MYR millions', '2011-11-30', 'glove-tracker-top-glove');
INSERT OR REPLACE INTO financial_fact (period_id, concept, value, source_id) VALUES
  (20035, 'Revenue', 554.8, 'glove-tracker-top-glove'),
  (20035, 'NetIncome', 31.4, 'glove-tracker-top-glove');
INSERT OR REPLACE INTO financial_period (id, company_id, period_label, period_type, fiscal_year, fiscal_quarter, currency, unit, report_date, source_id) VALUES (20036, 'top-glove', 'Q2 FY12', 'quarter', 2012, 2, 'MYR', 'MYR millions', '2012-02-29', 'glove-tracker-top-glove');
INSERT OR REPLACE INTO financial_fact (period_id, concept, value, source_id) VALUES
  (20036, 'Revenue', 549, 'glove-tracker-top-glove'),
  (20036, 'NetIncome', 53.5, 'glove-tracker-top-glove');
INSERT OR REPLACE INTO financial_period (id, company_id, period_label, period_type, fiscal_year, fiscal_quarter, currency, unit, report_date, source_id) VALUES (20037, 'top-glove', 'Q3 FY12', 'quarter', 2012, 3, 'MYR', 'MYR millions', '2012-05-31', 'glove-tracker-top-glove');
INSERT OR REPLACE INTO financial_fact (period_id, concept, value, source_id) VALUES
  (20037, 'Revenue', 603.3, 'glove-tracker-top-glove'),
  (20037, 'NetIncome', 53.8, 'glove-tracker-top-glove');
INSERT OR REPLACE INTO financial_period (id, company_id, period_label, period_type, fiscal_year, fiscal_quarter, currency, unit, report_date, source_id) VALUES (20038, 'top-glove', 'Q4 FY12', 'quarter', 2012, 4, 'MYR', 'MYR millions', '2012-08-31', 'glove-tracker-top-glove');
INSERT OR REPLACE INTO financial_fact (period_id, concept, value, source_id) VALUES
  (20038, 'Revenue', 607.2, 'glove-tracker-top-glove'),
  (20038, 'NetIncome', 63.5, 'glove-tracker-top-glove');
INSERT OR REPLACE INTO financial_period (id, company_id, period_label, period_type, fiscal_year, fiscal_quarter, currency, unit, report_date, source_id) VALUES (20039, 'top-glove', 'Q1 FY13', 'quarter', 2013, 1, 'MYR', 'MYR millions', '2012-11-30', 'glove-tracker-top-glove');
INSERT OR REPLACE INTO financial_fact (period_id, concept, value, source_id) VALUES
  (20039, 'Revenue', 584.6, 'glove-tracker-top-glove'),
  (20039, 'NetIncome', 57.5, 'glove-tracker-top-glove');
INSERT OR REPLACE INTO financial_period (id, company_id, period_label, period_type, fiscal_year, fiscal_quarter, currency, unit, report_date, source_id) VALUES (20040, 'top-glove', 'Q2 FY13', 'quarter', 2013, 2, 'MYR', 'MYR millions', '2013-02-28', 'glove-tracker-top-glove');
INSERT OR REPLACE INTO financial_fact (period_id, concept, value, source_id) VALUES
  (20040, 'Revenue', 576.4, 'glove-tracker-top-glove'),
  (20040, 'NetIncome', 50.3, 'glove-tracker-top-glove');
INSERT OR REPLACE INTO financial_period (id, company_id, period_label, period_type, fiscal_year, fiscal_quarter, currency, unit, report_date, source_id) VALUES (20041, 'top-glove', 'Q3 FY13', 'quarter', 2013, 3, 'MYR', 'MYR millions', '2013-05-31', 'glove-tracker-top-glove');
INSERT OR REPLACE INTO financial_fact (period_id, concept, value, source_id) VALUES
  (20041, 'Revenue', 604.1, 'glove-tracker-top-glove'),
  (20041, 'NetIncome', 40.3, 'glove-tracker-top-glove');
INSERT OR REPLACE INTO financial_period (id, company_id, period_label, period_type, fiscal_year, fiscal_quarter, currency, unit, report_date, source_id) VALUES (20042, 'top-glove', 'Q4 FY13', 'quarter', 2013, 4, 'MYR', 'MYR millions', '2013-08-31', 'glove-tracker-top-glove');
INSERT OR REPLACE INTO financial_fact (period_id, concept, value, source_id) VALUES
  (20042, 'Revenue', 548.2, 'glove-tracker-top-glove'),
  (20042, 'NetIncome', 47.8, 'glove-tracker-top-glove');
INSERT OR REPLACE INTO financial_period (id, company_id, period_label, period_type, fiscal_year, fiscal_quarter, currency, unit, report_date, source_id) VALUES (20043, 'top-glove', 'Q1 FY14', 'quarter', 2014, 1, 'MYR', 'MYR millions', '2013-11-30', 'glove-tracker-top-glove');
INSERT OR REPLACE INTO financial_fact (period_id, concept, value, source_id) VALUES
  (20043, 'Revenue', 574, 'glove-tracker-top-glove'),
  (20043, 'NetIncome', 50.3, 'glove-tracker-top-glove');
INSERT OR REPLACE INTO financial_period (id, company_id, period_label, period_type, fiscal_year, fiscal_quarter, currency, unit, report_date, source_id) VALUES (20044, 'top-glove', 'Q2 FY14', 'quarter', 2014, 2, 'MYR', 'MYR millions', '2014-02-28', 'glove-tracker-top-glove');
INSERT OR REPLACE INTO financial_fact (period_id, concept, value, source_id) VALUES
  (20044, 'Revenue', 548.3, 'glove-tracker-top-glove'),
  (20044, 'NetIncome', 41.6, 'glove-tracker-top-glove');
INSERT OR REPLACE INTO financial_period (id, company_id, period_label, period_type, fiscal_year, fiscal_quarter, currency, unit, report_date, source_id) VALUES (20045, 'top-glove', 'Q3 FY14', 'quarter', 2014, 3, 'MYR', 'MYR millions', '2014-05-31', 'glove-tracker-top-glove');
INSERT OR REPLACE INTO financial_fact (period_id, concept, value, source_id) VALUES
  (20045, 'Revenue', 574, 'glove-tracker-top-glove'),
  (20045, 'NetIncome', 42.4, 'glove-tracker-top-glove');
INSERT OR REPLACE INTO financial_period (id, company_id, period_label, period_type, fiscal_year, fiscal_quarter, currency, unit, report_date, source_id) VALUES (20046, 'top-glove', 'Q4 FY14', 'quarter', 2014, 4, 'MYR', 'MYR millions', '2014-08-31', 'glove-tracker-top-glove');
INSERT OR REPLACE INTO financial_fact (period_id, concept, value, source_id) VALUES
  (20046, 'Revenue', 580.2, 'glove-tracker-top-glove'),
  (20046, 'NetIncome', 45.9, 'glove-tracker-top-glove');
INSERT OR REPLACE INTO financial_period (id, company_id, period_label, period_type, fiscal_year, fiscal_quarter, currency, unit, report_date, source_id) VALUES (20047, 'top-glove', 'Q1 FY15', 'quarter', 2015, 1, 'MYR', 'MYR millions', '2014-11-30', 'glove-tracker-top-glove');
INSERT OR REPLACE INTO financial_fact (period_id, concept, value, source_id) VALUES
  (20047, 'Revenue', 567.6, 'glove-tracker-top-glove'),
  (20047, 'NetIncome', 48.7, 'glove-tracker-top-glove');
INSERT OR REPLACE INTO financial_period (id, company_id, period_label, period_type, fiscal_year, fiscal_quarter, currency, unit, report_date, source_id) VALUES (20048, 'top-glove', 'Q2 FY15', 'quarter', 2015, 2, 'MYR', 'MYR millions', '2015-02-28', 'glove-tracker-top-glove');
INSERT OR REPLACE INTO financial_fact (period_id, concept, value, source_id) VALUES
  (20048, 'Revenue', 572.2, 'glove-tracker-top-glove'),
  (20048, 'NetIncome', 56.1, 'glove-tracker-top-glove');
INSERT OR REPLACE INTO financial_period (id, company_id, period_label, period_type, fiscal_year, fiscal_quarter, currency, unit, report_date, source_id) VALUES (20049, 'top-glove', 'Q3 FY15', 'quarter', 2015, 3, 'MYR', 'MYR millions', '2015-05-31', 'glove-tracker-top-glove');
INSERT OR REPLACE INTO financial_fact (period_id, concept, value, source_id) VALUES
  (20049, 'Revenue', 661.2, 'glove-tracker-top-glove'),
  (20049, 'NetIncome', 72.3, 'glove-tracker-top-glove');
INSERT OR REPLACE INTO financial_period (id, company_id, period_label, period_type, fiscal_year, fiscal_quarter, currency, unit, report_date, source_id) VALUES (20050, 'top-glove', 'Q4 FY15', 'quarter', 2015, 4, 'MYR', 'MYR millions', '2015-08-31', 'glove-tracker-top-glove');
INSERT OR REPLACE INTO financial_fact (period_id, concept, value, source_id) VALUES
  (20050, 'Revenue', 709.4, 'glove-tracker-top-glove'),
  (20050, 'NetIncome', 103.1, 'glove-tracker-top-glove');
INSERT OR REPLACE INTO financial_period (id, company_id, period_label, period_type, fiscal_year, fiscal_quarter, currency, unit, report_date, source_id) VALUES (20051, 'top-glove', 'Q1 FY16', 'quarter', 2016, 1, 'MYR', 'MYR millions', '2015-11-30', 'glove-tracker-top-glove');
INSERT OR REPLACE INTO financial_fact (period_id, concept, value, source_id) VALUES
  (20051, 'Revenue', 800.3, 'glove-tracker-top-glove'),
  (20051, 'NetIncome', 128.3, 'glove-tracker-top-glove');
INSERT OR REPLACE INTO financial_period (id, company_id, period_label, period_type, fiscal_year, fiscal_quarter, currency, unit, report_date, source_id) VALUES (20052, 'top-glove', 'Q2 FY16', 'quarter', 2016, 2, 'MYR', 'MYR millions', '2016-02-29', 'glove-tracker-top-glove');
INSERT OR REPLACE INTO financial_fact (period_id, concept, value, source_id) VALUES
  (20052, 'Revenue', 693.9, 'glove-tracker-top-glove'),
  (20052, 'NetIncome', 104.6, 'glove-tracker-top-glove');
INSERT OR REPLACE INTO financial_period (id, company_id, period_label, period_type, fiscal_year, fiscal_quarter, currency, unit, report_date, source_id) VALUES (20053, 'top-glove', 'Q3 FY16', 'quarter', 2016, 3, 'MYR', 'MYR millions', '2016-05-31', 'glove-tracker-top-glove');
INSERT OR REPLACE INTO financial_fact (period_id, concept, value, source_id) VALUES
  (20053, 'Revenue', 672.3, 'glove-tracker-top-glove'),
  (20053, 'NetIncome', 62.5, 'glove-tracker-top-glove');
INSERT OR REPLACE INTO financial_period (id, company_id, period_label, period_type, fiscal_year, fiscal_quarter, currency, unit, report_date, source_id) VALUES (20054, 'top-glove', 'Q4 FY16', 'quarter', 2016, 4, 'MYR', 'MYR millions', '2016-08-31', 'glove-tracker-top-glove');
INSERT OR REPLACE INTO financial_fact (period_id, concept, value, source_id) VALUES
  (20054, 'Revenue', 722.1, 'glove-tracker-top-glove'),
  (20054, 'NetIncome', 65.6, 'glove-tracker-top-glove');
INSERT OR REPLACE INTO financial_period (id, company_id, period_label, period_type, fiscal_year, fiscal_quarter, currency, unit, report_date, source_id) VALUES (20055, 'top-glove', 'Q1 FY17', 'quarter', 2017, 1, 'MYR', 'MYR millions', '2016-11-30', 'glove-tracker-top-glove');
INSERT OR REPLACE INTO financial_fact (period_id, concept, value, source_id) VALUES
  (20055, 'Revenue', 785.6, 'glove-tracker-top-glove'),
  (20055, 'NetIncome', 73.3, 'glove-tracker-top-glove');
INSERT OR REPLACE INTO financial_period (id, company_id, period_label, period_type, fiscal_year, fiscal_quarter, currency, unit, report_date, source_id) VALUES (20056, 'top-glove', 'Q2 FY17', 'quarter', 2017, 2, 'MYR', 'MYR millions', '2017-02-28', 'glove-tracker-top-glove');
INSERT OR REPLACE INTO financial_fact (period_id, concept, value, source_id) VALUES
  (20056, 'Revenue', 851.5, 'glove-tracker-top-glove'),
  (20056, 'NetIncome', 83.1, 'glove-tracker-top-glove');
INSERT OR REPLACE INTO financial_period (id, company_id, period_label, period_type, fiscal_year, fiscal_quarter, currency, unit, report_date, source_id) VALUES (20057, 'top-glove', 'Q3 FY17', 'quarter', 2017, 3, 'MYR', 'MYR millions', '2017-05-31', 'glove-tracker-top-glove');
INSERT OR REPLACE INTO financial_fact (period_id, concept, value, source_id) VALUES
  (20057, 'Revenue', 869.6, 'glove-tracker-top-glove'),
  (20057, 'NetIncome', 77.7, 'glove-tracker-top-glove');
INSERT OR REPLACE INTO financial_period (id, company_id, period_label, period_type, fiscal_year, fiscal_quarter, currency, unit, report_date, source_id) VALUES (20058, 'top-glove', 'Q4 FY17', 'quarter', 2017, 4, 'MYR', 'MYR millions', '2017-08-31', 'glove-tracker-top-glove');
INSERT OR REPLACE INTO financial_fact (period_id, concept, value, source_id) VALUES
  (20058, 'Revenue', 902.4, 'glove-tracker-top-glove'),
  (20058, 'NetIncome', 98.6, 'glove-tracker-top-glove');
INSERT OR REPLACE INTO financial_period (id, company_id, period_label, period_type, fiscal_year, fiscal_quarter, currency, unit, report_date, source_id) VALUES (20059, 'top-glove', 'Q1 FY18', 'quarter', 2018, 1, 'MYR', 'MYR millions', '2017-11-30', 'glove-tracker-top-glove');
INSERT OR REPLACE INTO financial_fact (period_id, concept, value, source_id) VALUES
  (20059, 'Revenue', 938.1, 'glove-tracker-top-glove'),
  (20059, 'NetIncome', 105.4, 'glove-tracker-top-glove');
INSERT OR REPLACE INTO financial_period (id, company_id, period_label, period_type, fiscal_year, fiscal_quarter, currency, unit, report_date, source_id) VALUES (20060, 'top-glove', 'Q2 FY18', 'quarter', 2018, 2, 'MYR', 'MYR millions', '2018-02-28', 'glove-tracker-top-glove');
INSERT OR REPLACE INTO financial_fact (period_id, concept, value, source_id) VALUES
  (20060, 'Revenue', 958.4, 'glove-tracker-top-glove'),
  (20060, 'NetIncome', 109, 'glove-tracker-top-glove');
INSERT OR REPLACE INTO financial_period (id, company_id, period_label, period_type, fiscal_year, fiscal_quarter, currency, unit, report_date, source_id) VALUES (20061, 'top-glove', 'Q3 FY18', 'quarter', 2018, 3, 'MYR', 'MYR millions', '2018-05-31', 'glove-tracker-top-glove');
INSERT OR REPLACE INTO financial_fact (period_id, concept, value, source_id) VALUES
  (20061, 'Revenue', 1100, 'glove-tracker-top-glove'),
  (20061, 'NetIncome', 117.6, 'glove-tracker-top-glove');
INSERT OR REPLACE INTO financial_period (id, company_id, period_label, period_type, fiscal_year, fiscal_quarter, currency, unit, report_date, source_id) VALUES (20062, 'top-glove', 'Q4 FY18', 'quarter', 2018, 4, 'MYR', 'MYR millions', '2018-08-31', 'glove-tracker-top-glove');
INSERT OR REPLACE INTO financial_fact (period_id, concept, value, source_id) VALUES
  (20062, 'Revenue', 1200, 'glove-tracker-top-glove'),
  (20062, 'NetIncome', 101.6, 'glove-tracker-top-glove');
INSERT OR REPLACE INTO financial_period (id, company_id, period_label, period_type, fiscal_year, fiscal_quarter, currency, unit, report_date, source_id) VALUES (20063, 'top-glove', 'Q1 FY19', 'quarter', 2019, 1, 'MYR', 'MYR millions', '2018-11-30', 'glove-tracker-top-glove');
INSERT OR REPLACE INTO financial_fact (period_id, concept, value, source_id) VALUES
  (20063, 'Revenue', 1300, 'glove-tracker-top-glove'),
  (20063, 'NetIncome', 110.1, 'glove-tracker-top-glove');
INSERT OR REPLACE INTO financial_period (id, company_id, period_label, period_type, fiscal_year, fiscal_quarter, currency, unit, report_date, source_id) VALUES (20064, 'top-glove', 'Q2 FY19', 'quarter', 2019, 2, 'MYR', 'MYR millions', '2019-02-28', 'glove-tracker-top-glove');
INSERT OR REPLACE INTO financial_fact (period_id, concept, value, source_id) VALUES
  (20064, 'Revenue', 1200, 'glove-tracker-top-glove'),
  (20064, 'NetIncome', 105.8, 'glove-tracker-top-glove');
INSERT OR REPLACE INTO financial_period (id, company_id, period_label, period_type, fiscal_year, fiscal_quarter, currency, unit, report_date, source_id) VALUES (20065, 'top-glove', 'Q3 FY19', 'quarter', 2019, 3, 'MYR', 'MYR millions', '2019-05-31', 'glove-tracker-top-glove');
INSERT OR REPLACE INTO financial_fact (period_id, concept, value, source_id) VALUES
  (20065, 'Revenue', 1200, 'glove-tracker-top-glove'),
  (20065, 'NetIncome', 74.7, 'glove-tracker-top-glove');
INSERT OR REPLACE INTO financial_period (id, company_id, period_label, period_type, fiscal_year, fiscal_quarter, currency, unit, report_date, source_id) VALUES (20066, 'top-glove', 'Q4 FY19', 'quarter', 2019, 4, 'MYR', 'MYR millions', '2019-08-31', 'glove-tracker-top-glove');
INSERT OR REPLACE INTO financial_fact (period_id, concept, value, source_id) VALUES
  (20066, 'Revenue', 1200, 'glove-tracker-top-glove'),
  (20066, 'NetIncome', 80.1, 'glove-tracker-top-glove');
INSERT OR REPLACE INTO financial_period (id, company_id, period_label, period_type, fiscal_year, fiscal_quarter, currency, unit, report_date, source_id) VALUES (20067, 'top-glove', 'Q1 FY20', 'quarter', 2020, 1, 'MYR', 'MYR millions', '2019-11-30', 'glove-tracker-top-glove');
INSERT OR REPLACE INTO financial_fact (period_id, concept, value, source_id) VALUES
  (20067, 'Revenue', 1200, 'glove-tracker-top-glove'),
  (20067, 'NetIncome', 111.4, 'glove-tracker-top-glove');
INSERT OR REPLACE INTO financial_period (id, company_id, period_label, period_type, fiscal_year, fiscal_quarter, currency, unit, report_date, source_id) VALUES (20068, 'top-glove', 'Q2 FY20', 'quarter', 2020, 2, 'MYR', 'MYR millions', '2020-02-29', 'glove-tracker-top-glove');
INSERT OR REPLACE INTO financial_fact (period_id, concept, value, source_id) VALUES
  (20068, 'Revenue', 1200, 'glove-tracker-top-glove'),
  (20068, 'NetIncome', 115.7, 'glove-tracker-top-glove');
INSERT OR REPLACE INTO financial_period (id, company_id, period_label, period_type, fiscal_year, fiscal_quarter, currency, unit, report_date, source_id) VALUES (20069, 'top-glove', 'Q3 FY20', 'quarter', 2020, 3, 'MYR', 'MYR millions', '2020-05-31', 'glove-tracker-top-glove');
INSERT OR REPLACE INTO financial_fact (period_id, concept, value, source_id) VALUES
  (20069, 'Revenue', 1700, 'glove-tracker-top-glove'),
  (20069, 'NetIncome', 347.9, 'glove-tracker-top-glove');
INSERT OR REPLACE INTO financial_period (id, company_id, period_label, period_type, fiscal_year, fiscal_quarter, currency, unit, report_date, source_id) VALUES (20070, 'top-glove', 'Q4 FY20', 'quarter', 2020, 4, 'MYR', 'MYR millions', '2020-08-31', 'glove-tracker-top-glove');
INSERT OR REPLACE INTO financial_fact (period_id, concept, value, source_id) VALUES
  (20070, 'Revenue', 3100, 'glove-tracker-top-glove'),
  (20070, 'NetIncome', 1300, 'glove-tracker-top-glove');
INSERT OR REPLACE INTO financial_period (id, company_id, period_label, period_type, fiscal_year, fiscal_quarter, currency, unit, report_date, source_id) VALUES (20071, 'top-glove', 'Q1 FY21', 'quarter', 2021, 1, 'MYR', 'MYR millions', '2020-11-30', 'glove-tracker-top-glove');
INSERT OR REPLACE INTO financial_fact (period_id, concept, value, source_id) VALUES
  (20071, 'Revenue', 4800, 'glove-tracker-top-glove'),
  (20071, 'NetIncome', 2400, 'glove-tracker-top-glove');
INSERT OR REPLACE INTO financial_period (id, company_id, period_label, period_type, fiscal_year, fiscal_quarter, currency, unit, report_date, source_id) VALUES (20072, 'top-glove', 'Q2 FY21', 'quarter', 2021, 2, 'MYR', 'MYR millions', '2021-02-28', 'glove-tracker-top-glove');
INSERT OR REPLACE INTO financial_fact (period_id, concept, value, source_id) VALUES
  (20072, 'Revenue', 5400, 'glove-tracker-top-glove'),
  (20072, 'NetIncome', 2900, 'glove-tracker-top-glove');
INSERT OR REPLACE INTO financial_period (id, company_id, period_label, period_type, fiscal_year, fiscal_quarter, currency, unit, report_date, source_id) VALUES (20073, 'top-glove', 'Q3 FY21', 'quarter', 2021, 3, 'MYR', 'MYR millions', '2021-05-31', 'glove-tracker-top-glove');
INSERT OR REPLACE INTO financial_fact (period_id, concept, value, source_id) VALUES
  (20073, 'Revenue', 4200, 'glove-tracker-top-glove'),
  (20073, 'NetIncome', 2000, 'glove-tracker-top-glove');
INSERT OR REPLACE INTO financial_period (id, company_id, period_label, period_type, fiscal_year, fiscal_quarter, currency, unit, report_date, source_id) VALUES (20074, 'top-glove', 'Q4 FY21', 'quarter', 2021, 4, 'MYR', 'MYR millions', '2021-08-31', 'glove-tracker-top-glove');
INSERT OR REPLACE INTO financial_fact (period_id, concept, value, source_id) VALUES
  (20074, 'Revenue', 2100, 'glove-tracker-top-glove'),
  (20074, 'NetIncome', 607.9, 'glove-tracker-top-glove');
INSERT OR REPLACE INTO financial_period (id, company_id, period_label, period_type, fiscal_year, fiscal_quarter, currency, unit, report_date, source_id) VALUES (20075, 'top-glove', 'Q1 FY22', 'quarter', 2022, 1, 'MYR', 'MYR millions', '2021-11-30', 'glove-tracker-top-glove');
INSERT OR REPLACE INTO financial_fact (period_id, concept, value, source_id) VALUES
  (20075, 'Revenue', 1600, 'glove-tracker-top-glove'),
  (20075, 'NetIncome', 185.7, 'glove-tracker-top-glove');
INSERT OR REPLACE INTO financial_period (id, company_id, period_label, period_type, fiscal_year, fiscal_quarter, currency, unit, report_date, source_id) VALUES (20076, 'top-glove', 'Q2 FY22', 'quarter', 2022, 2, 'MYR', 'MYR millions', '2022-02-28', 'glove-tracker-top-glove');
INSERT OR REPLACE INTO financial_fact (period_id, concept, value, source_id) VALUES
  (20076, 'Revenue', 1400, 'glove-tracker-top-glove'),
  (20076, 'NetIncome', 87.5, 'glove-tracker-top-glove');
INSERT OR REPLACE INTO financial_period (id, company_id, period_label, period_type, fiscal_year, fiscal_quarter, currency, unit, report_date, source_id) VALUES (20077, 'top-glove', 'Q3 FY22', 'quarter', 2022, 3, 'MYR', 'MYR millions', '2022-05-31', 'glove-tracker-top-glove');
INSERT OR REPLACE INTO financial_fact (period_id, concept, value, source_id) VALUES
  (20077, 'Revenue', 1500, 'glove-tracker-top-glove'),
  (20077, 'NetIncome', 15.3, 'glove-tracker-top-glove');
INSERT OR REPLACE INTO financial_period (id, company_id, period_label, period_type, fiscal_year, fiscal_quarter, currency, unit, report_date, source_id) VALUES (20078, 'top-glove', 'Q4 FY22', 'quarter', 2022, 4, 'MYR', 'MYR millions', '2022-08-31', 'glove-tracker-top-glove');
INSERT OR REPLACE INTO financial_fact (period_id, concept, value, source_id) VALUES
  (20078, 'Revenue', 990.1, 'glove-tracker-top-glove'),
  (20078, 'NetIncome', -52.6, 'glove-tracker-top-glove');
INSERT OR REPLACE INTO financial_period (id, company_id, period_label, period_type, fiscal_year, fiscal_quarter, currency, unit, report_date, source_id) VALUES (20079, 'top-glove', 'Q1 FY23', 'quarter', 2023, 1, 'MYR', 'MYR millions', '2022-11-30', 'glove-tracker-top-glove');
INSERT OR REPLACE INTO financial_fact (period_id, concept, value, source_id) VALUES
  (20079, 'Revenue', 632.5, 'glove-tracker-top-glove'),
  (20079, 'NetIncome', -168.2, 'glove-tracker-top-glove');
INSERT OR REPLACE INTO financial_period (id, company_id, period_label, period_type, fiscal_year, fiscal_quarter, currency, unit, report_date, source_id) VALUES (20080, 'top-glove', 'Q2 FY23', 'quarter', 2023, 2, 'MYR', 'MYR millions', '2023-02-28', 'glove-tracker-top-glove');
INSERT OR REPLACE INTO financial_fact (period_id, concept, value, source_id) VALUES
  (20080, 'Revenue', 618, 'glove-tracker-top-glove'),
  (20080, 'NetIncome', -164.7, 'glove-tracker-top-glove');
INSERT OR REPLACE INTO financial_period (id, company_id, period_label, period_type, fiscal_year, fiscal_quarter, currency, unit, report_date, source_id) VALUES (20081, 'top-glove', 'Q3 FY23', 'quarter', 2023, 3, 'MYR', 'MYR millions', '2023-05-31', 'glove-tracker-top-glove');
INSERT OR REPLACE INTO financial_fact (period_id, concept, value, source_id) VALUES
  (20081, 'Revenue', 530.62, 'glove-tracker-top-glove'),
  (20081, 'OperatingIncome', -118.856, 'glove-tracker-top-glove'),
  (20081, 'NetIncome', -130.589, 'glove-tracker-top-glove');
INSERT OR REPLACE INTO financial_period (id, company_id, period_label, period_type, fiscal_year, fiscal_quarter, currency, unit, report_date, source_id) VALUES (20082, 'top-glove', 'Q4 FY23', 'quarter', 2023, 4, 'MYR', 'MYR millions', '2023-08-31', 'glove-tracker-top-glove');
INSERT OR REPLACE INTO financial_fact (period_id, concept, value, source_id) VALUES
  (20082, 'Revenue', 475.9, 'glove-tracker-top-glove'),
  (20082, 'NetIncome', -463.1, 'glove-tracker-top-glove');
INSERT OR REPLACE INTO financial_period (id, company_id, period_label, period_type, fiscal_year, fiscal_quarter, currency, unit, report_date, source_id) VALUES (20083, 'top-glove', 'Q1 FY24', 'quarter', 2024, 1, 'MYR', 'MYR millions', '2023-11-30', 'glove-tracker-top-glove');
INSERT OR REPLACE INTO financial_fact (period_id, concept, value, source_id) VALUES
  (20083, 'Revenue', 493.459, 'glove-tracker-top-glove'),
  (20083, 'OperatingIncome', -59.527, 'glove-tracker-top-glove'),
  (20083, 'NetIncome', -57.711, 'glove-tracker-top-glove');
INSERT OR REPLACE INTO financial_period (id, company_id, period_label, period_type, fiscal_year, fiscal_quarter, currency, unit, report_date, source_id) VALUES (20084, 'top-glove', 'Q2 FY24', 'quarter', 2024, 2, 'MYR', 'MYR millions', '2024-02-29', 'glove-tracker-top-glove');
INSERT OR REPLACE INTO financial_fact (period_id, concept, value, source_id) VALUES
  (20084, 'Revenue', 550.334, 'glove-tracker-top-glove'),
  (20084, 'OperatingIncome', -58.738, 'glove-tracker-top-glove'),
  (20084, 'NetIncome', -51.197, 'glove-tracker-top-glove');
INSERT OR REPLACE INTO financial_period (id, company_id, period_label, period_type, fiscal_year, fiscal_quarter, currency, unit, report_date, source_id) VALUES (20085, 'top-glove', 'Q3 FY24', 'quarter', 2024, 3, 'MYR', 'MYR millions', '2024-05-31', 'glove-tracker-top-glove');
INSERT OR REPLACE INTO financial_fact (period_id, concept, value, source_id) VALUES
  (20085, 'Revenue', 636.877, 'glove-tracker-top-glove'),
  (20085, 'OperatingIncome', -34.301, 'glove-tracker-top-glove'),
  (20085, 'NetIncome', 50.67, 'glove-tracker-top-glove');
INSERT OR REPLACE INTO financial_period (id, company_id, period_label, period_type, fiscal_year, fiscal_quarter, currency, unit, report_date, source_id) VALUES (20086, 'top-glove', 'Q4 FY24', 'quarter', 2024, 4, 'MYR', 'MYR millions', '2024-08-31', 'glove-tracker-top-glove');
INSERT OR REPLACE INTO financial_fact (period_id, concept, value, source_id) VALUES
  (20086, 'Revenue', 835.309, 'glove-tracker-top-glove'),
  (20086, 'OperatingIncome', -27.715, 'glove-tracker-top-glove'),
  (20086, 'NetIncome', -3.571, 'glove-tracker-top-glove');
INSERT OR REPLACE INTO financial_period (id, company_id, period_label, period_type, fiscal_year, fiscal_quarter, currency, unit, report_date, source_id) VALUES (20087, 'top-glove', 'Q1 FY25', 'quarter', 2025, 1, 'MYR', 'MYR millions', '2024-11-30', 'glove-tracker-top-glove');
INSERT OR REPLACE INTO financial_fact (period_id, concept, value, source_id) VALUES
  (20087, 'Revenue', 885.891, 'glove-tracker-top-glove'),
  (20087, 'OperatingIncome', 2.259, 'glove-tracker-top-glove'),
  (20087, 'NetIncome', 5.474, 'glove-tracker-top-glove');
INSERT OR REPLACE INTO financial_period (id, company_id, period_label, period_type, fiscal_year, fiscal_quarter, currency, unit, report_date, source_id) VALUES (20088, 'top-glove', 'Q2 FY25', 'quarter', 2025, 2, 'MYR', 'MYR millions', '2025-02-28', 'glove-tracker-top-glove');
INSERT OR REPLACE INTO financial_fact (period_id, concept, value, source_id) VALUES
  (20088, 'Revenue', 883.652, 'glove-tracker-top-glove'),
  (20088, 'OperatingIncome', 44.197, 'glove-tracker-top-glove'),
  (20088, 'NetIncome', 30.284, 'glove-tracker-top-glove');
INSERT OR REPLACE INTO financial_period (id, company_id, period_label, period_type, fiscal_year, fiscal_quarter, currency, unit, report_date, source_id) VALUES (20089, 'top-glove', 'Q3 FY25', 'quarter', 2025, 3, 'MYR', 'MYR millions', '2025-05-31', 'glove-tracker-top-glove');
INSERT OR REPLACE INTO financial_fact (period_id, concept, value, source_id) VALUES
  (20089, 'Revenue', 830.251, 'glove-tracker-top-glove'),
  (20089, 'OperatingIncome', 8.319, 'glove-tracker-top-glove'),
  (20089, 'NetIncome', 34.745, 'glove-tracker-top-glove');
INSERT OR REPLACE INTO financial_period (id, company_id, period_label, period_type, fiscal_year, fiscal_quarter, currency, unit, report_date, source_id) VALUES (20090, 'top-glove', 'Q4 FY25', 'quarter', 2025, 4, 'MYR', 'MYR millions', '2025-08-31', 'glove-tracker-top-glove');
INSERT OR REPLACE INTO financial_fact (period_id, concept, value, source_id) VALUES
  (20090, 'Revenue', 889.621, 'glove-tracker-top-glove'),
  (20090, 'OperatingIncome', 33.38, 'glove-tracker-top-glove'),
  (20090, 'NetIncome', 38.564, 'glove-tracker-top-glove');
INSERT OR REPLACE INTO financial_period (id, company_id, period_label, period_type, fiscal_year, fiscal_quarter, currency, unit, report_date, source_id) VALUES (20091, 'top-glove', 'Q1 FY26', 'quarter', 2026, 1, 'MYR', 'MYR millions', '2025-11-30', 'glove-tracker-top-glove');
INSERT OR REPLACE INTO financial_fact (period_id, concept, value, source_id) VALUES
  (20091, 'Revenue', 883.575, 'glove-tracker-top-glove'),
  (20091, 'OperatingIncome', 40.643, 'glove-tracker-top-glove'),
  (20091, 'NetIncome', 38.583, 'glove-tracker-top-glove');
INSERT OR REPLACE INTO financial_period (id, company_id, period_label, period_type, fiscal_year, fiscal_quarter, currency, unit, report_date, source_id) VALUES (20092, 'top-glove', 'Q2 FY26', 'quarter', 2026, 2, 'MYR', 'MYR millions', '2026-02-28', 'glove-tracker-top-glove');
INSERT OR REPLACE INTO financial_fact (period_id, concept, value, source_id) VALUES
  (20092, 'Revenue', 1005.025, 'glove-tracker-top-glove'),
  (20092, 'OperatingIncome', 33.843, 'glove-tracker-top-glove'),
  (20092, 'NetIncome', 30.759, 'glove-tracker-top-glove');
INSERT OR REPLACE INTO financial_period (id, company_id, period_label, period_type, fiscal_year, fiscal_quarter, currency, unit, report_date, source_id) VALUES (50000, 'top-glove', 'FY03', 'annual', 2003, NULL, 'MYR', 'MYR millions', '2003-08-31', 'glove-tracker-top-glove');
INSERT OR REPLACE INTO financial_fact (period_id, concept, value, source_id) VALUES
  (50000, 'Revenue', 265, 'glove-tracker-top-glove'),
  (50000, 'NetIncome', 25.3, 'glove-tracker-top-glove');
INSERT OR REPLACE INTO financial_period (id, company_id, period_label, period_type, fiscal_year, fiscal_quarter, currency, unit, report_date, source_id) VALUES (50001, 'top-glove', 'FY05', 'annual', 2005, NULL, 'MYR', 'MYR millions', '2005-08-31', 'glove-tracker-top-glove');
INSERT OR REPLACE INTO financial_fact (period_id, concept, value, source_id) VALUES
  (50001, 'Revenue', 641.8, 'glove-tracker-top-glove'),
  (50001, 'NetIncome', 58.1, 'glove-tracker-top-glove');
INSERT OR REPLACE INTO financial_period (id, company_id, period_label, period_type, fiscal_year, fiscal_quarter, currency, unit, report_date, source_id) VALUES (50002, 'top-glove', 'FY06', 'annual', 2006, NULL, 'MYR', 'MYR millions', '2006-08-31', 'glove-tracker-top-glove');
INSERT OR REPLACE INTO financial_fact (period_id, concept, value, source_id) VALUES
  (50002, 'Revenue', 992.5, 'glove-tracker-top-glove'),
  (50002, 'NetIncome', 78.1, 'glove-tracker-top-glove');
INSERT OR REPLACE INTO financial_period (id, company_id, period_label, period_type, fiscal_year, fiscal_quarter, currency, unit, report_date, source_id) VALUES (50003, 'top-glove', 'FY07', 'annual', 2007, NULL, 'MYR', 'MYR millions', '2007-08-31', 'glove-tracker-top-glove');
INSERT OR REPLACE INTO financial_fact (period_id, concept, value, source_id) VALUES
  (50003, 'Revenue', 1229, 'glove-tracker-top-glove'),
  (50003, 'NetIncome', 102.9, 'glove-tracker-top-glove');
INSERT OR REPLACE INTO financial_period (id, company_id, period_label, period_type, fiscal_year, fiscal_quarter, currency, unit, report_date, source_id) VALUES (50004, 'top-glove', 'FY08', 'annual', 2008, NULL, 'MYR', 'MYR millions', '2008-08-31', 'glove-tracker-top-glove');
INSERT OR REPLACE INTO financial_fact (period_id, concept, value, source_id) VALUES
  (50004, 'Revenue', 1374.2, 'glove-tracker-top-glove'),
  (50004, 'NetIncome', 110.1, 'glove-tracker-top-glove');
INSERT OR REPLACE INTO financial_period (id, company_id, period_label, period_type, fiscal_year, fiscal_quarter, currency, unit, report_date, source_id) VALUES (50005, 'top-glove', 'FY09', 'annual', 2009, NULL, 'MYR', 'MYR millions', '2009-08-31', 'glove-tracker-top-glove');
INSERT OR REPLACE INTO financial_fact (period_id, concept, value, source_id) VALUES
  (50005, 'Revenue', 1531.9, 'glove-tracker-top-glove'),
  (50005, 'NetIncome', 169.2, 'glove-tracker-top-glove');
INSERT OR REPLACE INTO financial_period (id, company_id, period_label, period_type, fiscal_year, fiscal_quarter, currency, unit, report_date, source_id) VALUES (50006, 'top-glove', 'FY10', 'annual', 2010, NULL, 'MYR', 'MYR millions', '2010-08-31', 'glove-tracker-top-glove');
INSERT OR REPLACE INTO financial_fact (period_id, concept, value, source_id) VALUES
  (50006, 'Revenue', 2079.5, 'glove-tracker-top-glove'),
  (50006, 'NetIncome', 245.3, 'glove-tracker-top-glove');
INSERT OR REPLACE INTO financial_period (id, company_id, period_label, period_type, fiscal_year, fiscal_quarter, currency, unit, report_date, source_id) VALUES (50007, 'top-glove', 'FY11', 'annual', 2011, NULL, 'MYR', 'MYR millions', '2011-08-31', 'glove-tracker-top-glove');
INSERT OR REPLACE INTO financial_fact (period_id, concept, value, source_id) VALUES
  (50007, 'Revenue', 2053.9, 'glove-tracker-top-glove'),
  (50007, 'NetIncome', 113.2, 'glove-tracker-top-glove');
INSERT OR REPLACE INTO financial_period (id, company_id, period_label, period_type, fiscal_year, fiscal_quarter, currency, unit, report_date, source_id) VALUES (50008, 'top-glove', 'FY12', 'annual', 2012, NULL, 'MYR', 'MYR millions', '2012-08-31', 'glove-tracker-top-glove');
INSERT OR REPLACE INTO financial_fact (period_id, concept, value, source_id) VALUES
  (50008, 'Revenue', 2314.3, 'glove-tracker-top-glove'),
  (50008, 'NetIncome', 202.2, 'glove-tracker-top-glove');
INSERT OR REPLACE INTO financial_period (id, company_id, period_label, period_type, fiscal_year, fiscal_quarter, currency, unit, report_date, source_id) VALUES (50009, 'top-glove', 'FY13', 'annual', 2013, NULL, 'MYR', 'MYR millions', '2013-08-31', 'glove-tracker-top-glove');
INSERT OR REPLACE INTO financial_fact (period_id, concept, value, source_id) VALUES
  (50009, 'Revenue', 2313.3, 'glove-tracker-top-glove'),
  (50009, 'NetIncome', 195.9, 'glove-tracker-top-glove');
INSERT OR REPLACE INTO financial_period (id, company_id, period_label, period_type, fiscal_year, fiscal_quarter, currency, unit, report_date, source_id) VALUES (50010, 'top-glove', 'FY14', 'annual', 2014, NULL, 'MYR', 'MYR millions', '2014-08-31', 'glove-tracker-top-glove');
INSERT OR REPLACE INTO financial_fact (period_id, concept, value, source_id) VALUES
  (50010, 'Revenue', 2276.5, 'glove-tracker-top-glove'),
  (50010, 'NetIncome', 180.2, 'glove-tracker-top-glove');
INSERT OR REPLACE INTO financial_period (id, company_id, period_label, period_type, fiscal_year, fiscal_quarter, currency, unit, report_date, source_id) VALUES (50011, 'top-glove', 'FY15', 'annual', 2015, NULL, 'MYR', 'MYR millions', '2015-08-31', 'glove-tracker-top-glove');
INSERT OR REPLACE INTO financial_fact (period_id, concept, value, source_id) VALUES
  (50011, 'Revenue', 2510.4, 'glove-tracker-top-glove'),
  (50011, 'NetIncome', 280.2, 'glove-tracker-top-glove');
INSERT OR REPLACE INTO financial_period (id, company_id, period_label, period_type, fiscal_year, fiscal_quarter, currency, unit, report_date, source_id) VALUES (50012, 'top-glove', 'FY16', 'annual', 2016, NULL, 'MYR', 'MYR millions', '2016-08-31', 'glove-tracker-top-glove');
INSERT OR REPLACE INTO financial_fact (period_id, concept, value, source_id) VALUES
  (50012, 'Revenue', 2888.6, 'glove-tracker-top-glove'),
  (50012, 'NetIncome', 361, 'glove-tracker-top-glove');
INSERT OR REPLACE INTO financial_period (id, company_id, period_label, period_type, fiscal_year, fiscal_quarter, currency, unit, report_date, source_id) VALUES (50013, 'top-glove', 'FY17', 'annual', 2017, NULL, 'MYR', 'MYR millions', '2017-08-31', 'glove-tracker-top-glove');
INSERT OR REPLACE INTO financial_fact (period_id, concept, value, source_id) VALUES
  (50013, 'Revenue', 3409.1, 'glove-tracker-top-glove'),
  (50013, 'NetIncome', 332.7, 'glove-tracker-top-glove');
INSERT OR REPLACE INTO financial_period (id, company_id, period_label, period_type, fiscal_year, fiscal_quarter, currency, unit, report_date, source_id) VALUES (50014, 'top-glove', 'FY18', 'annual', 2018, NULL, 'MYR', 'MYR millions', '2018-08-31', 'glove-tracker-top-glove');
INSERT OR REPLACE INTO financial_fact (period_id, concept, value, source_id) VALUES
  (50014, 'Revenue', 4196.5, 'glove-tracker-top-glove'),
  (50014, 'NetIncome', 433.6, 'glove-tracker-top-glove');
INSERT OR REPLACE INTO financial_period (id, company_id, period_label, period_type, fiscal_year, fiscal_quarter, currency, unit, report_date, source_id) VALUES (50015, 'top-glove', 'FY19', 'annual', 2019, NULL, 'MYR', 'MYR millions', '2019-08-31', 'glove-tracker-top-glove');
INSERT OR REPLACE INTO financial_fact (period_id, concept, value, source_id) VALUES
  (50015, 'Revenue', 4900, 'glove-tracker-top-glove'),
  (50015, 'NetIncome', 370.7, 'glove-tracker-top-glove');
INSERT OR REPLACE INTO financial_period (id, company_id, period_label, period_type, fiscal_year, fiscal_quarter, currency, unit, report_date, source_id) VALUES (50016, 'top-glove', 'FY20', 'annual', 2020, NULL, 'MYR', 'MYR millions', '2020-08-31', 'glove-tracker-top-glove');
INSERT OR REPLACE INTO financial_fact (period_id, concept, value, source_id) VALUES
  (50016, 'Revenue', 7200, 'glove-tracker-top-glove'),
  (50016, 'NetIncome', 1875, 'glove-tracker-top-glove');
INSERT OR REPLACE INTO financial_period (id, company_id, period_label, period_type, fiscal_year, fiscal_quarter, currency, unit, report_date, source_id) VALUES (50017, 'top-glove', 'FY21', 'annual', 2021, NULL, 'MYR', 'MYR millions', '2021-08-31', 'glove-tracker-top-glove');
INSERT OR REPLACE INTO financial_fact (period_id, concept, value, source_id) VALUES
  (50017, 'Revenue', 16500, 'glove-tracker-top-glove'),
  (50017, 'NetIncome', 7907.9, 'glove-tracker-top-glove');
INSERT OR REPLACE INTO financial_period (id, company_id, period_label, period_type, fiscal_year, fiscal_quarter, currency, unit, report_date, source_id) VALUES (50018, 'top-glove', 'FY22', 'annual', 2022, NULL, 'MYR', 'MYR millions', '2022-08-31', 'glove-tracker-top-glove');
INSERT OR REPLACE INTO financial_fact (period_id, concept, value, source_id) VALUES
  (50018, 'Revenue', 5490.1, 'glove-tracker-top-glove'),
  (50018, 'NetIncome', 235.9, 'glove-tracker-top-glove');
INSERT OR REPLACE INTO financial_period (id, company_id, period_label, period_type, fiscal_year, fiscal_quarter, currency, unit, report_date, source_id) VALUES (50019, 'top-glove', 'FY23', 'annual', 2023, NULL, 'MYR', 'MYR millions', '2023-08-31', 'glove-tracker-top-glove');
INSERT OR REPLACE INTO financial_fact (period_id, concept, value, source_id) VALUES
  (50019, 'Revenue', 2257.02, 'glove-tracker-top-glove'),
  (50019, 'NetIncome', -926.589, 'glove-tracker-top-glove');
INSERT OR REPLACE INTO financial_period (id, company_id, period_label, period_type, fiscal_year, fiscal_quarter, currency, unit, report_date, source_id) VALUES (50020, 'top-glove', 'FY24', 'annual', 2024, NULL, 'MYR', 'MYR millions', '2024-08-31', 'glove-tracker-top-glove');
INSERT OR REPLACE INTO financial_fact (period_id, concept, value, source_id) VALUES
  (50020, 'Revenue', 2515.979, 'glove-tracker-top-glove'),
  (50020, 'OperatingIncome', -180.281, 'glove-tracker-top-glove'),
  (50020, 'NetIncome', -61.809, 'glove-tracker-top-glove');
INSERT OR REPLACE INTO financial_period (id, company_id, period_label, period_type, fiscal_year, fiscal_quarter, currency, unit, report_date, source_id) VALUES (50021, 'top-glove', 'FY25', 'annual', 2025, NULL, 'MYR', 'MYR millions', '2025-08-31', 'glove-tracker-top-glove');
INSERT OR REPLACE INTO financial_fact (period_id, concept, value, source_id) VALUES
  (50021, 'Revenue', 3489.415, 'glove-tracker-top-glove'),
  (50021, 'OperatingIncome', 88.155, 'glove-tracker-top-glove'),
  (50021, 'NetIncome', 109.067, 'glove-tracker-top-glove');
INSERT OR REPLACE INTO source (id, kind, name, url, retrieved_at, note) VALUES ('glove-tracker-hartalega', 'glove-tracker', 'glove-tracker import — Hartalega Holdings Bursa quarterly reports', 'https://www.bursamalaysia.com', '2026-04-20', 'Imported from weisiang329-eng/glove-tracker (data/fund.json, is_mock=0 rows only). Original source: Bursa Malaysia quarterly report PDFs, auto-parsed. See apps/api/seed/glove/fundamentals.json for per-row provenance.');
INSERT OR REPLACE INTO company (id, name, ticker, exchange, segment, country, industry_id, description, reporting_currency) VALUES ('hartalega', 'Hartalega Holdings', 'HARTA', 'Bursa Malaysia', 'Rubber Gloves', 'Malaysia', 'rubber-gloves', 'Nitrile glove pioneer with the industry''s most automated plants (Bursa 5168). Fiscal year ends March.', 'MYR');
INSERT OR REPLACE INTO financial_period (id, company_id, period_label, period_type, fiscal_year, fiscal_quarter, currency, unit, report_date, source_id) VALUES (21000, 'hartalega', 'Q3 FY08', 'quarter', 2008, 3, 'MYR', 'MYR millions', '2007-12-31', 'glove-tracker-hartalega');
INSERT OR REPLACE INTO financial_fact (period_id, concept, value, source_id) VALUES
  (21000, 'Revenue', 72, 'glove-tracker-hartalega'),
  (21000, 'NetIncome', 10.1, 'glove-tracker-hartalega');
INSERT OR REPLACE INTO financial_period (id, company_id, period_label, period_type, fiscal_year, fiscal_quarter, currency, unit, report_date, source_id) VALUES (21001, 'hartalega', 'Q4 FY08', 'quarter', 2008, 4, 'MYR', 'MYR millions', '2008-03-31', 'glove-tracker-hartalega');
INSERT OR REPLACE INTO financial_fact (period_id, concept, value, source_id) VALUES
  (21001, 'Revenue', 72.8, 'glove-tracker-hartalega'),
  (21001, 'NetIncome', 8.9, 'glove-tracker-hartalega');
INSERT OR REPLACE INTO financial_period (id, company_id, period_label, period_type, fiscal_year, fiscal_quarter, currency, unit, report_date, source_id) VALUES (21002, 'hartalega', 'Q1 FY09', 'quarter', 2009, 1, 'MYR', 'MYR millions', '2008-06-30', 'glove-tracker-hartalega');
INSERT OR REPLACE INTO financial_fact (period_id, concept, value, source_id) VALUES
  (21002, 'Revenue', 87.8, 'glove-tracker-hartalega'),
  (21002, 'NetIncome', 12.9, 'glove-tracker-hartalega');
INSERT OR REPLACE INTO financial_period (id, company_id, period_label, period_type, fiscal_year, fiscal_quarter, currency, unit, report_date, source_id) VALUES (21003, 'hartalega', 'Q2 FY09', 'quarter', 2009, 2, 'MYR', 'MYR millions', '2008-09-30', 'glove-tracker-hartalega');
INSERT OR REPLACE INTO financial_fact (period_id, concept, value, source_id) VALUES
  (21003, 'Revenue', 111.5, 'glove-tracker-hartalega'),
  (21003, 'NetIncome', 18.4, 'glove-tracker-hartalega');
INSERT OR REPLACE INTO financial_period (id, company_id, period_label, period_type, fiscal_year, fiscal_quarter, currency, unit, report_date, source_id) VALUES (21004, 'hartalega', 'Q3 FY09', 'quarter', 2009, 3, 'MYR', 'MYR millions', '2008-12-31', 'glove-tracker-hartalega');
INSERT OR REPLACE INTO financial_fact (period_id, concept, value, source_id) VALUES
  (21004, 'Revenue', 119.1, 'glove-tracker-hartalega'),
  (21004, 'NetIncome', 22.2, 'glove-tracker-hartalega');
INSERT OR REPLACE INTO financial_period (id, company_id, period_label, period_type, fiscal_year, fiscal_quarter, currency, unit, report_date, source_id) VALUES (21005, 'hartalega', 'Q4 FY09', 'quarter', 2009, 4, 'MYR', 'MYR millions', '2009-03-31', 'glove-tracker-hartalega');
INSERT OR REPLACE INTO financial_fact (period_id, concept, value, source_id) VALUES
  (21005, 'Revenue', 124.8, 'glove-tracker-hartalega'),
  (21005, 'NetIncome', 31, 'glove-tracker-hartalega');
INSERT OR REPLACE INTO financial_period (id, company_id, period_label, period_type, fiscal_year, fiscal_quarter, currency, unit, report_date, source_id) VALUES (21006, 'hartalega', 'Q1 FY10', 'quarter', 2010, 1, 'MYR', 'MYR millions', '2009-06-30', 'glove-tracker-hartalega');
INSERT OR REPLACE INTO financial_fact (period_id, concept, value, source_id) VALUES
  (21006, 'Revenue', 125.3, 'glove-tracker-hartalega'),
  (21006, 'NetIncome', 26.4, 'glove-tracker-hartalega');
INSERT OR REPLACE INTO financial_period (id, company_id, period_label, period_type, fiscal_year, fiscal_quarter, currency, unit, report_date, source_id) VALUES (21007, 'hartalega', 'Q2 FY10', 'quarter', 2010, 2, 'MYR', 'MYR millions', '2009-09-30', 'glove-tracker-hartalega');
INSERT OR REPLACE INTO financial_fact (period_id, concept, value, source_id) VALUES
  (21007, 'Revenue', 134.6, 'glove-tracker-hartalega'),
  (21007, 'NetIncome', 33.1, 'glove-tracker-hartalega');
INSERT OR REPLACE INTO financial_period (id, company_id, period_label, period_type, fiscal_year, fiscal_quarter, currency, unit, report_date, source_id) VALUES (21008, 'hartalega', 'Q3 FY10', 'quarter', 2010, 3, 'MYR', 'MYR millions', '2009-12-31', 'glove-tracker-hartalega');
INSERT OR REPLACE INTO financial_fact (period_id, concept, value, source_id) VALUES
  (21008, 'Revenue', 148.6, 'glove-tracker-hartalega'),
  (21008, 'NetIncome', 37.2, 'glove-tracker-hartalega');
INSERT OR REPLACE INTO financial_period (id, company_id, period_label, period_type, fiscal_year, fiscal_quarter, currency, unit, report_date, source_id) VALUES (21009, 'hartalega', 'Q4 FY10', 'quarter', 2010, 4, 'MYR', 'MYR millions', '2010-03-31', 'glove-tracker-hartalega');
INSERT OR REPLACE INTO financial_fact (period_id, concept, value, source_id) VALUES
  (21009, 'Revenue', 163.4, 'glove-tracker-hartalega'),
  (21009, 'NetIncome', 46.4, 'glove-tracker-hartalega');
INSERT OR REPLACE INTO financial_period (id, company_id, period_label, period_type, fiscal_year, fiscal_quarter, currency, unit, report_date, source_id) VALUES (21010, 'hartalega', 'Q1 FY11', 'quarter', 2011, 1, 'MYR', 'MYR millions', '2010-06-30', 'glove-tracker-hartalega');
INSERT OR REPLACE INTO financial_fact (period_id, concept, value, source_id) VALUES
  (21010, 'Revenue', 170, 'glove-tracker-hartalega'),
  (21010, 'NetIncome', 41.5, 'glove-tracker-hartalega');
INSERT OR REPLACE INTO financial_period (id, company_id, period_label, period_type, fiscal_year, fiscal_quarter, currency, unit, report_date, source_id) VALUES (21011, 'hartalega', 'Q2 FY11', 'quarter', 2011, 2, 'MYR', 'MYR millions', '2010-09-30', 'glove-tracker-hartalega');
INSERT OR REPLACE INTO financial_fact (period_id, concept, value, source_id) VALUES
  (21011, 'Revenue', 184.3, 'glove-tracker-hartalega'),
  (21011, 'NetIncome', 47.1, 'glove-tracker-hartalega');
INSERT OR REPLACE INTO financial_period (id, company_id, period_label, period_type, fiscal_year, fiscal_quarter, currency, unit, report_date, source_id) VALUES (21012, 'hartalega', 'Q3 FY11', 'quarter', 2011, 3, 'MYR', 'MYR millions', '2010-12-31', 'glove-tracker-hartalega');
INSERT OR REPLACE INTO financial_fact (period_id, concept, value, source_id) VALUES
  (21012, 'Revenue', 188.1, 'glove-tracker-hartalega'),
  (21012, 'NetIncome', 49.2, 'glove-tracker-hartalega');
INSERT OR REPLACE INTO financial_period (id, company_id, period_label, period_type, fiscal_year, fiscal_quarter, currency, unit, report_date, source_id) VALUES (21013, 'hartalega', 'Q4 FY11', 'quarter', 2011, 4, 'MYR', 'MYR millions', '2011-03-31', 'glove-tracker-hartalega');
INSERT OR REPLACE INTO financial_fact (period_id, concept, value, source_id) VALUES
  (21013, 'Revenue', 192.5, 'glove-tracker-hartalega'),
  (21013, 'NetIncome', 52.4, 'glove-tracker-hartalega');
INSERT OR REPLACE INTO financial_period (id, company_id, period_label, period_type, fiscal_year, fiscal_quarter, currency, unit, report_date, source_id) VALUES (21014, 'hartalega', 'Q1 FY12', 'quarter', 2012, 1, 'MYR', 'MYR millions', '2011-06-30', 'glove-tracker-hartalega');
INSERT OR REPLACE INTO financial_fact (period_id, concept, value, source_id) VALUES
  (21014, 'Revenue', 219.4, 'glove-tracker-hartalega'),
  (21014, 'NetIncome', 54.8, 'glove-tracker-hartalega');
INSERT OR REPLACE INTO financial_period (id, company_id, period_label, period_type, fiscal_year, fiscal_quarter, currency, unit, report_date, source_id) VALUES (21015, 'hartalega', 'Q2 FY12', 'quarter', 2012, 2, 'MYR', 'MYR millions', '2011-09-30', 'glove-tracker-hartalega');
INSERT OR REPLACE INTO financial_fact (period_id, concept, value, source_id) VALUES
  (21015, 'Revenue', 229.5, 'glove-tracker-hartalega'),
  (21015, 'NetIncome', 46.1, 'glove-tracker-hartalega');
INSERT OR REPLACE INTO financial_period (id, company_id, period_label, period_type, fiscal_year, fiscal_quarter, currency, unit, report_date, source_id) VALUES (21016, 'hartalega', 'Q3 FY12', 'quarter', 2012, 3, 'MYR', 'MYR millions', '2011-12-31', 'glove-tracker-hartalega');
INSERT OR REPLACE INTO financial_fact (period_id, concept, value, source_id) VALUES
  (21016, 'Revenue', 242, 'glove-tracker-hartalega'),
  (21016, 'NetIncome', 50.7, 'glove-tracker-hartalega');
INSERT OR REPLACE INTO financial_period (id, company_id, period_label, period_type, fiscal_year, fiscal_quarter, currency, unit, report_date, source_id) VALUES (21017, 'hartalega', 'Q4 FY12', 'quarter', 2012, 4, 'MYR', 'MYR millions', '2012-03-31', 'glove-tracker-hartalega');
INSERT OR REPLACE INTO financial_fact (period_id, concept, value, source_id) VALUES
  (21017, 'Revenue', 240.2, 'glove-tracker-hartalega'),
  (21017, 'NetIncome', 50, 'glove-tracker-hartalega');
INSERT OR REPLACE INTO financial_period (id, company_id, period_label, period_type, fiscal_year, fiscal_quarter, currency, unit, report_date, source_id) VALUES (21018, 'hartalega', 'Q1 FY13', 'quarter', 2013, 1, 'MYR', 'MYR millions', '2012-06-30', 'glove-tracker-hartalega');
INSERT OR REPLACE INTO financial_fact (period_id, concept, value, source_id) VALUES
  (21018, 'Revenue', 247.7, 'glove-tracker-hartalega'),
  (21018, 'NetIncome', 53.4, 'glove-tracker-hartalega');
INSERT OR REPLACE INTO financial_period (id, company_id, period_label, period_type, fiscal_year, fiscal_quarter, currency, unit, report_date, source_id) VALUES (21019, 'hartalega', 'Q2 FY13', 'quarter', 2013, 2, 'MYR', 'MYR millions', '2012-09-30', 'glove-tracker-hartalega');
INSERT OR REPLACE INTO financial_fact (period_id, concept, value, source_id) VALUES
  (21019, 'Revenue', 255, 'glove-tracker-hartalega'),
  (21019, 'NetIncome', 58.6, 'glove-tracker-hartalega');
INSERT OR REPLACE INTO financial_period (id, company_id, period_label, period_type, fiscal_year, fiscal_quarter, currency, unit, report_date, source_id) VALUES (21020, 'hartalega', 'Q3 FY13', 'quarter', 2013, 3, 'MYR', 'MYR millions', '2012-12-31', 'glove-tracker-hartalega');
INSERT OR REPLACE INTO financial_fact (period_id, concept, value, source_id) VALUES
  (21020, 'Revenue', 259.6, 'glove-tracker-hartalega'),
  (21020, 'NetIncome', 60.5, 'glove-tracker-hartalega');
INSERT OR REPLACE INTO financial_period (id, company_id, period_label, period_type, fiscal_year, fiscal_quarter, currency, unit, report_date, source_id) VALUES (21021, 'hartalega', 'Q4 FY13', 'quarter', 2013, 4, 'MYR', 'MYR millions', '2013-03-31', 'glove-tracker-hartalega');
INSERT OR REPLACE INTO financial_fact (period_id, concept, value, source_id) VALUES
  (21021, 'Revenue', 269.8, 'glove-tracker-hartalega'),
  (21021, 'NetIncome', 62.3, 'glove-tracker-hartalega');
INSERT OR REPLACE INTO financial_period (id, company_id, period_label, period_type, fiscal_year, fiscal_quarter, currency, unit, report_date, source_id) VALUES (21022, 'hartalega', 'Q1 FY14', 'quarter', 2014, 1, 'MYR', 'MYR millions', '2013-06-30', 'glove-tracker-hartalega');
INSERT OR REPLACE INTO financial_fact (period_id, concept, value, source_id) VALUES
  (21022, 'Revenue', 278, 'glove-tracker-hartalega'),
  (21022, 'NetIncome', 62.9, 'glove-tracker-hartalega');
INSERT OR REPLACE INTO financial_period (id, company_id, period_label, period_type, fiscal_year, fiscal_quarter, currency, unit, report_date, source_id) VALUES (21023, 'hartalega', 'Q2 FY14', 'quarter', 2014, 2, 'MYR', 'MYR millions', '2013-09-30', 'glove-tracker-hartalega');
INSERT OR REPLACE INTO financial_fact (period_id, concept, value, source_id) VALUES
  (21023, 'Revenue', 281, 'glove-tracker-hartalega'),
  (21023, 'NetIncome', 63.3, 'glove-tracker-hartalega');
INSERT OR REPLACE INTO financial_period (id, company_id, period_label, period_type, fiscal_year, fiscal_quarter, currency, unit, report_date, source_id) VALUES (21024, 'hartalega', 'Q3 FY14', 'quarter', 2014, 3, 'MYR', 'MYR millions', '2013-12-31', 'glove-tracker-hartalega');
INSERT OR REPLACE INTO financial_fact (period_id, concept, value, source_id) VALUES
  (21024, 'Revenue', 267.8, 'glove-tracker-hartalega'),
  (21024, 'NetIncome', 57.9, 'glove-tracker-hartalega');
INSERT OR REPLACE INTO financial_period (id, company_id, period_label, period_type, fiscal_year, fiscal_quarter, currency, unit, report_date, source_id) VALUES (21025, 'hartalega', 'Q4 FY14', 'quarter', 2014, 4, 'MYR', 'MYR millions', '2014-03-31', 'glove-tracker-hartalega');
INSERT OR REPLACE INTO financial_fact (period_id, concept, value, source_id) VALUES
  (21025, 'Revenue', 280.4, 'glove-tracker-hartalega'),
  (21025, 'NetIncome', 49.2, 'glove-tracker-hartalega');
INSERT OR REPLACE INTO financial_period (id, company_id, period_label, period_type, fiscal_year, fiscal_quarter, currency, unit, report_date, source_id) VALUES (21026, 'hartalega', 'Q1 FY15', 'quarter', 2015, 1, 'MYR', 'MYR millions', '2014-06-30', 'glove-tracker-hartalega');
INSERT OR REPLACE INTO financial_fact (period_id, concept, value, source_id) VALUES
  (21026, 'Revenue', 279.2, 'glove-tracker-hartalega'),
  (21026, 'NetIncome', 57.1, 'glove-tracker-hartalega');
INSERT OR REPLACE INTO financial_period (id, company_id, period_label, period_type, fiscal_year, fiscal_quarter, currency, unit, report_date, source_id) VALUES (21027, 'hartalega', 'Q2 FY15', 'quarter', 2015, 2, 'MYR', 'MYR millions', '2014-09-30', 'glove-tracker-hartalega');
INSERT OR REPLACE INTO financial_fact (period_id, concept, value, source_id) VALUES
  (21027, 'Revenue', 275.2, 'glove-tracker-hartalega'),
  (21027, 'NetIncome', 48.2, 'glove-tracker-hartalega');
INSERT OR REPLACE INTO financial_period (id, company_id, period_label, period_type, fiscal_year, fiscal_quarter, currency, unit, report_date, source_id) VALUES (21028, 'hartalega', 'Q3 FY15', 'quarter', 2015, 3, 'MYR', 'MYR millions', '2014-12-31', 'glove-tracker-hartalega');
INSERT OR REPLACE INTO financial_fact (period_id, concept, value, source_id) VALUES
  (21028, 'Revenue', 286.4, 'glove-tracker-hartalega'),
  (21028, 'NetIncome', 49.5, 'glove-tracker-hartalega');
INSERT OR REPLACE INTO financial_period (id, company_id, period_label, period_type, fiscal_year, fiscal_quarter, currency, unit, report_date, source_id) VALUES (21029, 'hartalega', 'Q4 FY15', 'quarter', 2015, 4, 'MYR', 'MYR millions', '2015-03-31', 'glove-tracker-hartalega');
INSERT OR REPLACE INTO financial_fact (period_id, concept, value, source_id) VALUES
  (21029, 'Revenue', 305.1, 'glove-tracker-hartalega'),
  (21029, 'NetIncome', 54.9, 'glove-tracker-hartalega');
INSERT OR REPLACE INTO financial_period (id, company_id, period_label, period_type, fiscal_year, fiscal_quarter, currency, unit, report_date, source_id) VALUES (21030, 'hartalega', 'Q1 FY16', 'quarter', 2016, 1, 'MYR', 'MYR millions', '2015-06-30', 'glove-tracker-hartalega');
INSERT OR REPLACE INTO financial_fact (period_id, concept, value, source_id) VALUES
  (21030, 'Revenue', 320.5, 'glove-tracker-hartalega'),
  (21030, 'NetIncome', 62.7, 'glove-tracker-hartalega');
INSERT OR REPLACE INTO financial_period (id, company_id, period_label, period_type, fiscal_year, fiscal_quarter, currency, unit, report_date, source_id) VALUES (21031, 'hartalega', 'Q2 FY16', 'quarter', 2016, 2, 'MYR', 'MYR millions', '2015-09-30', 'glove-tracker-hartalega');
INSERT OR REPLACE INTO financial_fact (period_id, concept, value, source_id) VALUES
  (21031, 'Revenue', 379.3, 'glove-tracker-hartalega'),
  (21031, 'NetIncome', 60.4, 'glove-tracker-hartalega');
INSERT OR REPLACE INTO financial_period (id, company_id, period_label, period_type, fiscal_year, fiscal_quarter, currency, unit, report_date, source_id) VALUES (21032, 'hartalega', 'Q3 FY16', 'quarter', 2016, 3, 'MYR', 'MYR millions', '2015-12-31', 'glove-tracker-hartalega');
INSERT OR REPLACE INTO financial_fact (period_id, concept, value, source_id) VALUES
  (21032, 'Revenue', 398, 'glove-tracker-hartalega'),
  (21032, 'NetIncome', 72.8, 'glove-tracker-hartalega');
INSERT OR REPLACE INTO financial_period (id, company_id, period_label, period_type, fiscal_year, fiscal_quarter, currency, unit, report_date, source_id) VALUES (21033, 'hartalega', 'Q4 FY16', 'quarter', 2016, 4, 'MYR', 'MYR millions', '2016-03-31', 'glove-tracker-hartalega');
INSERT OR REPLACE INTO financial_fact (period_id, concept, value, source_id) VALUES
  (21033, 'Revenue', 400.4, 'glove-tracker-hartalega'),
  (21033, 'NetIncome', 61.7, 'glove-tracker-hartalega');
INSERT OR REPLACE INTO financial_period (id, company_id, period_label, period_type, fiscal_year, fiscal_quarter, currency, unit, report_date, source_id) VALUES (21034, 'hartalega', 'Q1 FY17', 'quarter', 2017, 1, 'MYR', 'MYR millions', '2016-06-30', 'glove-tracker-hartalega');
INSERT OR REPLACE INTO financial_fact (period_id, concept, value, source_id) VALUES
  (21034, 'Revenue', 401.8, 'glove-tracker-hartalega'),
  (21034, 'NetIncome', 56.2, 'glove-tracker-hartalega');
INSERT OR REPLACE INTO financial_period (id, company_id, period_label, period_type, fiscal_year, fiscal_quarter, currency, unit, report_date, source_id) VALUES (21035, 'hartalega', 'Q2 FY17', 'quarter', 2017, 2, 'MYR', 'MYR millions', '2016-09-30', 'glove-tracker-hartalega');
INSERT OR REPLACE INTO financial_fact (period_id, concept, value, source_id) VALUES
  (21035, 'Revenue', 437, 'glove-tracker-hartalega'),
  (21035, 'NetIncome', 71.2, 'glove-tracker-hartalega');
INSERT OR REPLACE INTO financial_period (id, company_id, period_label, period_type, fiscal_year, fiscal_quarter, currency, unit, report_date, source_id) VALUES (21036, 'hartalega', 'Q3 FY17', 'quarter', 2017, 3, 'MYR', 'MYR millions', '2016-12-31', 'glove-tracker-hartalega');
INSERT OR REPLACE INTO financial_fact (period_id, concept, value, source_id) VALUES
  (21036, 'Revenue', 456.3, 'glove-tracker-hartalega'),
  (21036, 'NetIncome', 66.2, 'glove-tracker-hartalega');
INSERT OR REPLACE INTO financial_period (id, company_id, period_label, period_type, fiscal_year, fiscal_quarter, currency, unit, report_date, source_id) VALUES (21037, 'hartalega', 'Q4 FY17', 'quarter', 2017, 4, 'MYR', 'MYR millions', '2017-03-31', 'glove-tracker-hartalega');
INSERT OR REPLACE INTO financial_fact (period_id, concept, value, source_id) VALUES
  (21037, 'Revenue', 527, 'glove-tracker-hartalega'),
  (21037, 'NetIncome', 89.4, 'glove-tracker-hartalega');
INSERT OR REPLACE INTO financial_period (id, company_id, period_label, period_type, fiscal_year, fiscal_quarter, currency, unit, report_date, source_id) VALUES (21038, 'hartalega', 'Q1 FY18', 'quarter', 2018, 1, 'MYR', 'MYR millions', '2017-06-30', 'glove-tracker-hartalega');
INSERT OR REPLACE INTO financial_fact (period_id, concept, value, source_id) VALUES
  (21038, 'Revenue', 601, 'glove-tracker-hartalega'),
  (21038, 'NetIncome', 96.4, 'glove-tracker-hartalega');
INSERT OR REPLACE INTO financial_period (id, company_id, period_label, period_type, fiscal_year, fiscal_quarter, currency, unit, report_date, source_id) VALUES (21039, 'hartalega', 'Q2 FY18', 'quarter', 2018, 2, 'MYR', 'MYR millions', '2017-09-30', 'glove-tracker-hartalega');
INSERT OR REPLACE INTO financial_fact (period_id, concept, value, source_id) VALUES
  (21039, 'Revenue', 584.6, 'glove-tracker-hartalega'),
  (21039, 'NetIncome', 113.3, 'glove-tracker-hartalega');
INSERT OR REPLACE INTO financial_period (id, company_id, period_label, period_type, fiscal_year, fiscal_quarter, currency, unit, report_date, source_id) VALUES (21040, 'hartalega', 'Q3 FY18', 'quarter', 2018, 3, 'MYR', 'MYR millions', '2017-12-31', 'glove-tracker-hartalega');
INSERT OR REPLACE INTO financial_fact (period_id, concept, value, source_id) VALUES
  (21040, 'Revenue', 603.1, 'glove-tracker-hartalega'),
  (21040, 'NetIncome', 113, 'glove-tracker-hartalega');
INSERT OR REPLACE INTO financial_period (id, company_id, period_label, period_type, fiscal_year, fiscal_quarter, currency, unit, report_date, source_id) VALUES (21041, 'hartalega', 'Q4 FY18', 'quarter', 2018, 4, 'MYR', 'MYR millions', '2018-03-31', 'glove-tracker-hartalega');
INSERT OR REPLACE INTO financial_fact (period_id, concept, value, source_id) VALUES
  (21041, 'Revenue', 616.8, 'glove-tracker-hartalega'),
  (21041, 'NetIncome', 116.6, 'glove-tracker-hartalega');
INSERT OR REPLACE INTO financial_period (id, company_id, period_label, period_type, fiscal_year, fiscal_quarter, currency, unit, report_date, source_id) VALUES (21042, 'hartalega', 'Q1 FY19', 'quarter', 2019, 1, 'MYR', 'MYR millions', '2018-06-30', 'glove-tracker-hartalega');
INSERT OR REPLACE INTO financial_fact (period_id, concept, value, source_id) VALUES
  (21042, 'Revenue', 706.4, 'glove-tracker-hartalega'),
  (21042, 'NetIncome', 124.9, 'glove-tracker-hartalega');
INSERT OR REPLACE INTO financial_period (id, company_id, period_label, period_type, fiscal_year, fiscal_quarter, currency, unit, report_date, source_id) VALUES (21043, 'hartalega', 'Q2 FY19', 'quarter', 2019, 2, 'MYR', 'MYR millions', '2018-09-30', 'glove-tracker-hartalega');
INSERT OR REPLACE INTO financial_fact (period_id, concept, value, source_id) VALUES
  (21043, 'Revenue', 714.2, 'glove-tracker-hartalega'),
  (21043, 'NetIncome', 120.2, 'glove-tracker-hartalega');
INSERT OR REPLACE INTO financial_period (id, company_id, period_label, period_type, fiscal_year, fiscal_quarter, currency, unit, report_date, source_id) VALUES (21044, 'hartalega', 'Q3 FY19', 'quarter', 2019, 3, 'MYR', 'MYR millions', '2018-12-31', 'glove-tracker-hartalega');
INSERT OR REPLACE INTO financial_fact (period_id, concept, value, source_id) VALUES
  (21044, 'Revenue', 723.4, 'glove-tracker-hartalega'),
  (21044, 'NetIncome', 119.8, 'glove-tracker-hartalega');
INSERT OR REPLACE INTO financial_period (id, company_id, period_label, period_type, fiscal_year, fiscal_quarter, currency, unit, report_date, source_id) VALUES (21045, 'hartalega', 'Q4 FY19', 'quarter', 2019, 4, 'MYR', 'MYR millions', '2019-03-31', 'glove-tracker-hartalega');
INSERT OR REPLACE INTO financial_fact (period_id, concept, value, source_id) VALUES
  (21045, 'Revenue', 683.9, 'glove-tracker-hartalega'),
  (21045, 'NetIncome', 91.4, 'glove-tracker-hartalega');
INSERT OR REPLACE INTO financial_period (id, company_id, period_label, period_type, fiscal_year, fiscal_quarter, currency, unit, report_date, source_id) VALUES (21046, 'hartalega', 'Q1 FY20', 'quarter', 2020, 1, 'MYR', 'MYR millions', '2019-06-30', 'glove-tracker-hartalega');
INSERT OR REPLACE INTO financial_fact (period_id, concept, value, source_id) VALUES
  (21046, 'Revenue', 640.1, 'glove-tracker-hartalega'),
  (21046, 'NetIncome', 94.1, 'glove-tracker-hartalega');
INSERT OR REPLACE INTO financial_period (id, company_id, period_label, period_type, fiscal_year, fiscal_quarter, currency, unit, report_date, source_id) VALUES (21047, 'hartalega', 'Q2 FY20', 'quarter', 2020, 2, 'MYR', 'MYR millions', '2019-09-30', 'glove-tracker-hartalega');
INSERT OR REPLACE INTO financial_fact (period_id, concept, value, source_id) VALUES
  (21047, 'Revenue', 709.4, 'glove-tracker-hartalega'),
  (21047, 'NetIncome', 103.9, 'glove-tracker-hartalega');
INSERT OR REPLACE INTO financial_period (id, company_id, period_label, period_type, fiscal_year, fiscal_quarter, currency, unit, report_date, source_id) VALUES (21048, 'hartalega', 'Q3 FY20', 'quarter', 2020, 3, 'MYR', 'MYR millions', '2019-12-31', 'glove-tracker-hartalega');
INSERT OR REPLACE INTO financial_fact (period_id, concept, value, source_id) VALUES
  (21048, 'Revenue', 796.6, 'glove-tracker-hartalega'),
  (21048, 'NetIncome', 121.3, 'glove-tracker-hartalega');
INSERT OR REPLACE INTO financial_period (id, company_id, period_label, period_type, fiscal_year, fiscal_quarter, currency, unit, report_date, source_id) VALUES (21049, 'hartalega', 'Q4 FY20', 'quarter', 2020, 4, 'MYR', 'MYR millions', '2020-03-31', 'glove-tracker-hartalega');
INSERT OR REPLACE INTO financial_fact (period_id, concept, value, source_id) VALUES
  (21049, 'Revenue', 777.9, 'glove-tracker-hartalega'),
  (21049, 'NetIncome', 115.6, 'glove-tracker-hartalega');
INSERT OR REPLACE INTO financial_period (id, company_id, period_label, period_type, fiscal_year, fiscal_quarter, currency, unit, report_date, source_id) VALUES (21050, 'hartalega', 'Q1 FY21', 'quarter', 2021, 1, 'MYR', 'MYR millions', '2020-06-30', 'glove-tracker-hartalega');
INSERT OR REPLACE INTO financial_fact (period_id, concept, value, source_id) VALUES
  (21050, 'Revenue', 920.1, 'glove-tracker-hartalega'),
  (21050, 'NetIncome', 219.7, 'glove-tracker-hartalega');
INSERT OR REPLACE INTO financial_period (id, company_id, period_label, period_type, fiscal_year, fiscal_quarter, currency, unit, report_date, source_id) VALUES (21051, 'hartalega', 'Q2 FY21', 'quarter', 2021, 2, 'MYR', 'MYR millions', '2020-09-30', 'glove-tracker-hartalega');
INSERT OR REPLACE INTO financial_fact (period_id, concept, value, source_id) VALUES
  (21051, 'Revenue', 1300, 'glove-tracker-hartalega'),
  (21051, 'NetIncome', 545, 'glove-tracker-hartalega');
INSERT OR REPLACE INTO financial_period (id, company_id, period_label, period_type, fiscal_year, fiscal_quarter, currency, unit, report_date, source_id) VALUES (21052, 'hartalega', 'Q3 FY21', 'quarter', 2021, 3, 'MYR', 'MYR millions', '2020-12-31', 'glove-tracker-hartalega');
INSERT OR REPLACE INTO financial_fact (period_id, concept, value, source_id) VALUES
  (21052, 'Revenue', 2100, 'glove-tracker-hartalega'),
  (21052, 'NetIncome', 1000, 'glove-tracker-hartalega');
INSERT OR REPLACE INTO financial_period (id, company_id, period_label, period_type, fiscal_year, fiscal_quarter, currency, unit, report_date, source_id) VALUES (21053, 'hartalega', 'Q4 FY21', 'quarter', 2021, 4, 'MYR', 'MYR millions', '2021-03-31', 'glove-tracker-hartalega');
INSERT OR REPLACE INTO financial_fact (period_id, concept, value, source_id) VALUES
  (21053, 'Revenue', 2300, 'glove-tracker-hartalega'),
  (21053, 'NetIncome', 1100, 'glove-tracker-hartalega');
INSERT OR REPLACE INTO financial_period (id, company_id, period_label, period_type, fiscal_year, fiscal_quarter, currency, unit, report_date, source_id) VALUES (21054, 'hartalega', 'Q1 FY22', 'quarter', 2022, 1, 'MYR', 'MYR millions', '2021-06-30', 'glove-tracker-hartalega');
INSERT OR REPLACE INTO financial_fact (period_id, concept, value, source_id) VALUES
  (21054, 'Revenue', 3900, 'glove-tracker-hartalega'),
  (21054, 'NetIncome', 2300, 'glove-tracker-hartalega');
INSERT OR REPLACE INTO financial_period (id, company_id, period_label, period_type, fiscal_year, fiscal_quarter, currency, unit, report_date, source_id) VALUES (21055, 'hartalega', 'Q2 FY22', 'quarter', 2022, 2, 'MYR', 'MYR millions', '2021-09-30', 'glove-tracker-hartalega');
INSERT OR REPLACE INTO financial_fact (period_id, concept, value, source_id) VALUES
  (21055, 'Revenue', 2000, 'glove-tracker-hartalega'),
  (21055, 'NetIncome', 914, 'glove-tracker-hartalega');
INSERT OR REPLACE INTO financial_period (id, company_id, period_label, period_type, fiscal_year, fiscal_quarter, currency, unit, report_date, source_id) VALUES (21056, 'hartalega', 'Q3 FY22', 'quarter', 2022, 3, 'MYR', 'MYR millions', '2021-12-31', 'glove-tracker-hartalega');
INSERT OR REPLACE INTO financial_fact (period_id, concept, value, source_id) VALUES
  (21056, 'Revenue', 1000, 'glove-tracker-hartalega'),
  (21056, 'NetIncome', 259.1, 'glove-tracker-hartalega');
INSERT OR REPLACE INTO financial_period (id, company_id, period_label, period_type, fiscal_year, fiscal_quarter, currency, unit, report_date, source_id) VALUES (21057, 'hartalega', 'Q4 FY22', 'quarter', 2022, 4, 'MYR', 'MYR millions', '2022-03-31', 'glove-tracker-hartalega');
INSERT OR REPLACE INTO financial_fact (period_id, concept, value, source_id) VALUES
  (21057, 'Revenue', 968.7, 'glove-tracker-hartalega'),
  (21057, 'NetIncome', -197.9, 'glove-tracker-hartalega');
INSERT OR REPLACE INTO financial_period (id, company_id, period_label, period_type, fiscal_year, fiscal_quarter, currency, unit, report_date, source_id) VALUES (21058, 'hartalega', 'Q1 FY23', 'quarter', 2023, 1, 'MYR', 'MYR millions', '2022-06-30', 'glove-tracker-hartalega');
INSERT OR REPLACE INTO financial_fact (period_id, concept, value, source_id) VALUES
  (21058, 'Revenue', 845.7, 'glove-tracker-hartalega'),
  (21058, 'NetIncome', 88.3, 'glove-tracker-hartalega');
INSERT OR REPLACE INTO financial_period (id, company_id, period_label, period_type, fiscal_year, fiscal_quarter, currency, unit, report_date, source_id) VALUES (21059, 'hartalega', 'Q2 FY23', 'quarter', 2023, 2, 'MYR', 'MYR millions', '2022-09-30', 'glove-tracker-hartalega');
INSERT OR REPLACE INTO financial_fact (period_id, concept, value, source_id) VALUES
  (21059, 'Revenue', 584.6, 'glove-tracker-hartalega'),
  (21059, 'NetIncome', 28.3, 'glove-tracker-hartalega');
INSERT OR REPLACE INTO financial_period (id, company_id, period_label, period_type, fiscal_year, fiscal_quarter, currency, unit, report_date, source_id) VALUES (21060, 'hartalega', 'Q3 FY23', 'quarter', 2023, 3, 'MYR', 'MYR millions', '2022-12-31', 'glove-tracker-hartalega');
INSERT OR REPLACE INTO financial_fact (period_id, concept, value, source_id) VALUES
  (21060, 'Revenue', 461.8, 'glove-tracker-hartalega'),
  (21060, 'NetIncome', -31.9, 'glove-tracker-hartalega');
INSERT OR REPLACE INTO financial_period (id, company_id, period_label, period_type, fiscal_year, fiscal_quarter, currency, unit, report_date, source_id) VALUES (21061, 'hartalega', 'Q4 FY23', 'quarter', 2023, 4, 'MYR', 'MYR millions', '2023-03-31', 'glove-tracker-hartalega');
INSERT OR REPLACE INTO financial_fact (period_id, concept, value, source_id) VALUES
  (21061, 'Revenue', 515.739, 'glove-tracker-hartalega'),
  (21061, 'OperatingIncome', 15.217, 'glove-tracker-hartalega'),
  (21061, 'NetIncome', -302.757, 'glove-tracker-hartalega');
INSERT OR REPLACE INTO financial_period (id, company_id, period_label, period_type, fiscal_year, fiscal_quarter, currency, unit, report_date, source_id) VALUES (21062, 'hartalega', 'Q1 FY24', 'quarter', 2024, 1, 'MYR', 'MYR millions', '2023-06-30', 'glove-tracker-hartalega');
INSERT OR REPLACE INTO financial_fact (period_id, concept, value, source_id) VALUES
  (21062, 'Revenue', 440.038, 'glove-tracker-hartalega'),
  (21062, 'OperatingIncome', -19.298, 'glove-tracker-hartalega'),
  (21062, 'NetIncome', -52.469, 'glove-tracker-hartalega');
INSERT OR REPLACE INTO financial_period (id, company_id, period_label, period_type, fiscal_year, fiscal_quarter, currency, unit, report_date, source_id) VALUES (21063, 'hartalega', 'Q2 FY24', 'quarter', 2024, 2, 'MYR', 'MYR millions', '2023-09-30', 'glove-tracker-hartalega');
INSERT OR REPLACE INTO financial_fact (period_id, concept, value, source_id) VALUES
  (21063, 'Revenue', 452.085, 'glove-tracker-hartalega'),
  (21063, 'OperatingIncome', 15.922, 'glove-tracker-hartalega'),
  (21063, 'NetIncome', 27.695, 'glove-tracker-hartalega');
INSERT OR REPLACE INTO financial_period (id, company_id, period_label, period_type, fiscal_year, fiscal_quarter, currency, unit, report_date, source_id) VALUES (21064, 'hartalega', 'Q3 FY24', 'quarter', 2024, 3, 'MYR', 'MYR millions', '2023-12-31', 'glove-tracker-hartalega');
INSERT OR REPLACE INTO financial_fact (period_id, concept, value, source_id) VALUES
  (21064, 'Revenue', 415.644, 'glove-tracker-hartalega'),
  (21064, 'NetIncome', 22.38, 'glove-tracker-hartalega');
INSERT OR REPLACE INTO financial_period (id, company_id, period_label, period_type, fiscal_year, fiscal_quarter, currency, unit, report_date, source_id) VALUES (21065, 'hartalega', 'Q4 FY24', 'quarter', 2024, 4, 'MYR', 'MYR millions', '2024-03-31', 'glove-tracker-hartalega');
INSERT OR REPLACE INTO financial_fact (period_id, concept, value, source_id) VALUES
  (21065, 'Revenue', 529.83, 'glove-tracker-hartalega'),
  (21065, 'OperatingIncome', -12.262, 'glove-tracker-hartalega'),
  (21065, 'NetIncome', 15.116, 'glove-tracker-hartalega');
INSERT OR REPLACE INTO financial_period (id, company_id, period_label, period_type, fiscal_year, fiscal_quarter, currency, unit, report_date, source_id) VALUES (21066, 'hartalega', 'Q1 FY25', 'quarter', 2025, 1, 'MYR', 'MYR millions', '2024-06-30', 'glove-tracker-hartalega');
INSERT OR REPLACE INTO financial_fact (period_id, concept, value, source_id) VALUES
  (21066, 'Revenue', 583.839, 'glove-tracker-hartalega'),
  (21066, 'OperatingIncome', 34.577, 'glove-tracker-hartalega'),
  (21066, 'NetIncome', 31.926, 'glove-tracker-hartalega');
INSERT OR REPLACE INTO financial_period (id, company_id, period_label, period_type, fiscal_year, fiscal_quarter, currency, unit, report_date, source_id) VALUES (21067, 'hartalega', 'Q2 FY25', 'quarter', 2025, 2, 'MYR', 'MYR millions', '2024-09-30', 'glove-tracker-hartalega');
INSERT OR REPLACE INTO financial_fact (period_id, concept, value, source_id) VALUES
  (21067, 'Revenue', 652.071, 'glove-tracker-hartalega'),
  (21067, 'NetIncome', 8.626, 'glove-tracker-hartalega');
INSERT OR REPLACE INTO financial_period (id, company_id, period_label, period_type, fiscal_year, fiscal_quarter, currency, unit, report_date, source_id) VALUES (21068, 'hartalega', 'Q3 FY25', 'quarter', 2025, 3, 'MYR', 'MYR millions', '2024-12-31', 'glove-tracker-hartalega');
INSERT OR REPLACE INTO financial_fact (period_id, concept, value, source_id) VALUES
  (21068, 'Revenue', 738.194, 'glove-tracker-hartalega'),
  (21068, 'OperatingIncome', 35.685, 'glove-tracker-hartalega'),
  (21068, 'NetIncome', 19.508, 'glove-tracker-hartalega');
INSERT OR REPLACE INTO financial_period (id, company_id, period_label, period_type, fiscal_year, fiscal_quarter, currency, unit, report_date, source_id) VALUES (21069, 'hartalega', 'Q4 FY25', 'quarter', 2025, 4, 'MYR', 'MYR millions', '2025-03-31', 'glove-tracker-hartalega');
INSERT OR REPLACE INTO financial_fact (period_id, concept, value, source_id) VALUES
  (21069, 'Revenue', 611.545, 'glove-tracker-hartalega'),
  (21069, 'OperatingIncome', 9.608, 'glove-tracker-hartalega'),
  (21069, 'NetIncome', 14.482, 'glove-tracker-hartalega');
INSERT OR REPLACE INTO financial_period (id, company_id, period_label, period_type, fiscal_year, fiscal_quarter, currency, unit, report_date, source_id) VALUES (21070, 'hartalega', 'Q1 FY26', 'quarter', 2026, 1, 'MYR', 'MYR millions', '2025-06-30', 'glove-tracker-hartalega');
INSERT OR REPLACE INTO financial_fact (period_id, concept, value, source_id) VALUES
  (21070, 'Revenue', 553.108, 'glove-tracker-hartalega'),
  (21070, 'OperatingIncome', 7.708, 'glove-tracker-hartalega'),
  (21070, 'NetIncome', 12.61, 'glove-tracker-hartalega');
INSERT OR REPLACE INTO financial_period (id, company_id, period_label, period_type, fiscal_year, fiscal_quarter, currency, unit, report_date, source_id) VALUES (21071, 'hartalega', 'Q2 FY26', 'quarter', 2026, 2, 'MYR', 'MYR millions', '2025-09-30', 'glove-tracker-hartalega');
INSERT OR REPLACE INTO financial_fact (period_id, concept, value, source_id) VALUES
  (21071, 'Revenue', 539.661, 'glove-tracker-hartalega'),
  (21071, 'OperatingIncome', 13.738, 'glove-tracker-hartalega'),
  (21071, 'NetIncome', 18.298, 'glove-tracker-hartalega');
INSERT OR REPLACE INTO financial_period (id, company_id, period_label, period_type, fiscal_year, fiscal_quarter, currency, unit, report_date, source_id) VALUES (21072, 'hartalega', 'Q3 FY26', 'quarter', 2026, 3, 'MYR', 'MYR millions', '2025-12-31', 'glove-tracker-hartalega');
INSERT OR REPLACE INTO financial_fact (period_id, concept, value, source_id) VALUES
  (21072, 'Revenue', 527.251, 'glove-tracker-hartalega'),
  (21072, 'OperatingIncome', 36.296, 'glove-tracker-hartalega'),
  (21072, 'NetIncome', 31.642, 'glove-tracker-hartalega');
INSERT OR REPLACE INTO financial_period (id, company_id, period_label, period_type, fiscal_year, fiscal_quarter, currency, unit, report_date, source_id) VALUES (51000, 'hartalega', 'FY09', 'annual', 2009, NULL, 'MYR', 'MYR millions', '2009-03-31', 'glove-tracker-hartalega');
INSERT OR REPLACE INTO financial_fact (period_id, concept, value, source_id) VALUES
  (51000, 'Revenue', 443.2, 'glove-tracker-hartalega'),
  (51000, 'NetIncome', 84.5, 'glove-tracker-hartalega');
INSERT OR REPLACE INTO financial_period (id, company_id, period_label, period_type, fiscal_year, fiscal_quarter, currency, unit, report_date, source_id) VALUES (51001, 'hartalega', 'FY10', 'annual', 2010, NULL, 'MYR', 'MYR millions', '2010-03-31', 'glove-tracker-hartalega');
INSERT OR REPLACE INTO financial_fact (period_id, concept, value, source_id) VALUES
  (51001, 'Revenue', 571.9, 'glove-tracker-hartalega'),
  (51001, 'NetIncome', 143.1, 'glove-tracker-hartalega');
INSERT OR REPLACE INTO financial_period (id, company_id, period_label, period_type, fiscal_year, fiscal_quarter, currency, unit, report_date, source_id) VALUES (51002, 'hartalega', 'FY11', 'annual', 2011, NULL, 'MYR', 'MYR millions', '2011-03-31', 'glove-tracker-hartalega');
INSERT OR REPLACE INTO financial_fact (period_id, concept, value, source_id) VALUES
  (51002, 'Revenue', 734.9, 'glove-tracker-hartalega'),
  (51002, 'NetIncome', 190.2, 'glove-tracker-hartalega');
INSERT OR REPLACE INTO financial_period (id, company_id, period_label, period_type, fiscal_year, fiscal_quarter, currency, unit, report_date, source_id) VALUES (51003, 'hartalega', 'FY12', 'annual', 2012, NULL, 'MYR', 'MYR millions', '2012-03-31', 'glove-tracker-hartalega');
INSERT OR REPLACE INTO financial_fact (period_id, concept, value, source_id) VALUES
  (51003, 'Revenue', 931.1, 'glove-tracker-hartalega'),
  (51003, 'NetIncome', 201.6, 'glove-tracker-hartalega');
INSERT OR REPLACE INTO financial_period (id, company_id, period_label, period_type, fiscal_year, fiscal_quarter, currency, unit, report_date, source_id) VALUES (51004, 'hartalega', 'FY13', 'annual', 2013, NULL, 'MYR', 'MYR millions', '2013-03-31', 'glove-tracker-hartalega');
INSERT OR REPLACE INTO financial_fact (period_id, concept, value, source_id) VALUES
  (51004, 'Revenue', 1032.1, 'glove-tracker-hartalega'),
  (51004, 'NetIncome', 234.8, 'glove-tracker-hartalega');
INSERT OR REPLACE INTO financial_period (id, company_id, period_label, period_type, fiscal_year, fiscal_quarter, currency, unit, report_date, source_id) VALUES (51005, 'hartalega', 'FY14', 'annual', 2014, NULL, 'MYR', 'MYR millions', '2014-03-31', 'glove-tracker-hartalega');
INSERT OR REPLACE INTO financial_fact (period_id, concept, value, source_id) VALUES
  (51005, 'Revenue', 1107.2, 'glove-tracker-hartalega'),
  (51005, 'NetIncome', 233.3, 'glove-tracker-hartalega');
INSERT OR REPLACE INTO financial_period (id, company_id, period_label, period_type, fiscal_year, fiscal_quarter, currency, unit, report_date, source_id) VALUES (51006, 'hartalega', 'FY15', 'annual', 2015, NULL, 'MYR', 'MYR millions', '2015-03-31', 'glove-tracker-hartalega');
INSERT OR REPLACE INTO financial_fact (period_id, concept, value, source_id) VALUES
  (51006, 'Revenue', 1145.9, 'glove-tracker-hartalega'),
  (51006, 'NetIncome', 209.7, 'glove-tracker-hartalega');
INSERT OR REPLACE INTO financial_period (id, company_id, period_label, period_type, fiscal_year, fiscal_quarter, currency, unit, report_date, source_id) VALUES (51007, 'hartalega', 'FY16', 'annual', 2016, NULL, 'MYR', 'MYR millions', '2016-03-31', 'glove-tracker-hartalega');
INSERT OR REPLACE INTO financial_fact (period_id, concept, value, source_id) VALUES
  (51007, 'Revenue', 1498.2, 'glove-tracker-hartalega'),
  (51007, 'NetIncome', 257.6, 'glove-tracker-hartalega');
INSERT OR REPLACE INTO financial_period (id, company_id, period_label, period_type, fiscal_year, fiscal_quarter, currency, unit, report_date, source_id) VALUES (51008, 'hartalega', 'FY17', 'annual', 2017, NULL, 'MYR', 'MYR millions', '2017-03-31', 'glove-tracker-hartalega');
INSERT OR REPLACE INTO financial_fact (period_id, concept, value, source_id) VALUES
  (51008, 'Revenue', 1822.1, 'glove-tracker-hartalega'),
  (51008, 'NetIncome', 283, 'glove-tracker-hartalega');
INSERT OR REPLACE INTO financial_period (id, company_id, period_label, period_type, fiscal_year, fiscal_quarter, currency, unit, report_date, source_id) VALUES (51009, 'hartalega', 'FY18', 'annual', 2018, NULL, 'MYR', 'MYR millions', '2018-03-31', 'glove-tracker-hartalega');
INSERT OR REPLACE INTO financial_fact (period_id, concept, value, source_id) VALUES
  (51009, 'Revenue', 2405.5, 'glove-tracker-hartalega'),
  (51009, 'NetIncome', 439.3, 'glove-tracker-hartalega');
INSERT OR REPLACE INTO financial_period (id, company_id, period_label, period_type, fiscal_year, fiscal_quarter, currency, unit, report_date, source_id) VALUES (51010, 'hartalega', 'FY19', 'annual', 2019, NULL, 'MYR', 'MYR millions', '2019-03-31', 'glove-tracker-hartalega');
INSERT OR REPLACE INTO financial_fact (period_id, concept, value, source_id) VALUES
  (51010, 'Revenue', 2827.9, 'glove-tracker-hartalega'),
  (51010, 'NetIncome', 456.3, 'glove-tracker-hartalega');
INSERT OR REPLACE INTO financial_period (id, company_id, period_label, period_type, fiscal_year, fiscal_quarter, currency, unit, report_date, source_id) VALUES (51011, 'hartalega', 'FY20', 'annual', 2020, NULL, 'MYR', 'MYR millions', '2020-03-31', 'glove-tracker-hartalega');
INSERT OR REPLACE INTO financial_fact (period_id, concept, value, source_id) VALUES
  (51011, 'Revenue', 2924, 'glove-tracker-hartalega'),
  (51011, 'NetIncome', 434.9, 'glove-tracker-hartalega');
INSERT OR REPLACE INTO financial_period (id, company_id, period_label, period_type, fiscal_year, fiscal_quarter, currency, unit, report_date, source_id) VALUES (51012, 'hartalega', 'FY21', 'annual', 2021, NULL, 'MYR', 'MYR millions', '2021-03-31', 'glove-tracker-hartalega');
INSERT OR REPLACE INTO financial_fact (period_id, concept, value, source_id) VALUES
  (51012, 'Revenue', 6620.1, 'glove-tracker-hartalega'),
  (51012, 'NetIncome', 2864.7, 'glove-tracker-hartalega');
INSERT OR REPLACE INTO financial_period (id, company_id, period_label, period_type, fiscal_year, fiscal_quarter, currency, unit, report_date, source_id) VALUES (51013, 'hartalega', 'FY22', 'annual', 2022, NULL, 'MYR', 'MYR millions', '2022-03-31', 'glove-tracker-hartalega');
INSERT OR REPLACE INTO financial_fact (period_id, concept, value, source_id) VALUES
  (51013, 'Revenue', 7868.7, 'glove-tracker-hartalega'),
  (51013, 'NetIncome', 3275.2, 'glove-tracker-hartalega');
INSERT OR REPLACE INTO financial_period (id, company_id, period_label, period_type, fiscal_year, fiscal_quarter, currency, unit, report_date, source_id) VALUES (51014, 'hartalega', 'FY23', 'annual', 2023, NULL, 'MYR', 'MYR millions', '2023-03-31', 'glove-tracker-hartalega');
INSERT OR REPLACE INTO financial_fact (period_id, concept, value, source_id) VALUES
  (51014, 'Revenue', 2407.839, 'glove-tracker-hartalega'),
  (51014, 'NetIncome', -218.057, 'glove-tracker-hartalega');
INSERT OR REPLACE INTO financial_period (id, company_id, period_label, period_type, fiscal_year, fiscal_quarter, currency, unit, report_date, source_id) VALUES (51015, 'hartalega', 'FY24', 'annual', 2024, NULL, 'MYR', 'MYR millions', '2024-03-31', 'glove-tracker-hartalega');
INSERT OR REPLACE INTO financial_fact (period_id, concept, value, source_id) VALUES
  (51015, 'Revenue', 1837.597, 'glove-tracker-hartalega'),
  (51015, 'NetIncome', 12.722, 'glove-tracker-hartalega');
INSERT OR REPLACE INTO financial_period (id, company_id, period_label, period_type, fiscal_year, fiscal_quarter, currency, unit, report_date, source_id) VALUES (51016, 'hartalega', 'FY25', 'annual', 2025, NULL, 'MYR', 'MYR millions', '2025-03-31', 'glove-tracker-hartalega');
INSERT OR REPLACE INTO financial_fact (period_id, concept, value, source_id) VALUES
  (51016, 'Revenue', 2585.649, 'glove-tracker-hartalega'),
  (51016, 'NetIncome', 74.542, 'glove-tracker-hartalega');
INSERT OR REPLACE INTO source (id, kind, name, url, retrieved_at, note) VALUES ('glove-tracker-kossan', 'glove-tracker', 'glove-tracker import — Kossan Rubber Industries Bursa quarterly reports', 'https://www.bursamalaysia.com', '2026-04-20', 'Imported from weisiang329-eng/glove-tracker (data/fund.json, is_mock=0 rows only). Original source: Bursa Malaysia quarterly report PDFs, auto-parsed. See apps/api/seed/glove/fundamentals.json for per-row provenance.');
INSERT OR REPLACE INTO company (id, name, ticker, exchange, segment, country, industry_id, description, reporting_currency) VALUES ('kossan', 'Kossan Rubber Industries', 'KOSSAN', 'Bursa Malaysia', 'Rubber Gloves', 'Malaysia', 'rubber-gloves', 'Gloves plus technical rubber products; historically the most consistent margins of the big four (Bursa 7153).', 'MYR');
INSERT OR REPLACE INTO financial_period (id, company_id, period_label, period_type, fiscal_year, fiscal_quarter, currency, unit, report_date, source_id) VALUES (22000, 'kossan', 'Q3 FY02', 'quarter', 2002, 3, 'MYR', 'MYR millions', '2002-09-30', 'glove-tracker-kossan');
INSERT OR REPLACE INTO financial_fact (period_id, concept, value, source_id) VALUES
  (22000, 'Revenue', 40.8, 'glove-tracker-kossan'),
  (22000, 'NetIncome', 3.8, 'glove-tracker-kossan');
INSERT OR REPLACE INTO financial_period (id, company_id, period_label, period_type, fiscal_year, fiscal_quarter, currency, unit, report_date, source_id) VALUES (22001, 'kossan', 'Q4 FY02', 'quarter', 2002, 4, 'MYR', 'MYR millions', '2002-12-31', 'glove-tracker-kossan');
INSERT OR REPLACE INTO financial_fact (period_id, concept, value, source_id) VALUES
  (22001, 'Revenue', 38.3, 'glove-tracker-kossan'),
  (22001, 'NetIncome', 4.3, 'glove-tracker-kossan');
INSERT OR REPLACE INTO financial_period (id, company_id, period_label, period_type, fiscal_year, fiscal_quarter, currency, unit, report_date, source_id) VALUES (22002, 'kossan', 'Q1 FY03', 'quarter', 2003, 1, 'MYR', 'MYR millions', '2003-03-31', 'glove-tracker-kossan');
INSERT OR REPLACE INTO financial_fact (period_id, concept, value, source_id) VALUES
  (22002, 'Revenue', 36.9, 'glove-tracker-kossan'),
  (22002, 'NetIncome', 2.5, 'glove-tracker-kossan');
INSERT OR REPLACE INTO financial_period (id, company_id, period_label, period_type, fiscal_year, fiscal_quarter, currency, unit, report_date, source_id) VALUES (22003, 'kossan', 'Q2 FY03', 'quarter', 2003, 2, 'MYR', 'MYR millions', '2003-06-30', 'glove-tracker-kossan');
INSERT OR REPLACE INTO financial_fact (period_id, concept, value, source_id) VALUES
  (22003, 'Revenue', 46.3, 'glove-tracker-kossan'),
  (22003, 'NetIncome', 4.1, 'glove-tracker-kossan');
INSERT OR REPLACE INTO financial_period (id, company_id, period_label, period_type, fiscal_year, fiscal_quarter, currency, unit, report_date, source_id) VALUES (22004, 'kossan', 'Q3 FY03', 'quarter', 2003, 3, 'MYR', 'MYR millions', '2003-09-30', 'glove-tracker-kossan');
INSERT OR REPLACE INTO financial_fact (period_id, concept, value, source_id) VALUES
  (22004, 'Revenue', 49.8, 'glove-tracker-kossan'),
  (22004, 'NetIncome', 4.8, 'glove-tracker-kossan');
INSERT OR REPLACE INTO financial_period (id, company_id, period_label, period_type, fiscal_year, fiscal_quarter, currency, unit, report_date, source_id) VALUES (22005, 'kossan', 'Q4 FY03', 'quarter', 2003, 4, 'MYR', 'MYR millions', '2003-12-31', 'glove-tracker-kossan');
INSERT OR REPLACE INTO financial_fact (period_id, concept, value, source_id) VALUES
  (22005, 'Revenue', 47.9, 'glove-tracker-kossan'),
  (22005, 'NetIncome', 5.4, 'glove-tracker-kossan');
INSERT OR REPLACE INTO financial_period (id, company_id, period_label, period_type, fiscal_year, fiscal_quarter, currency, unit, report_date, source_id) VALUES (22006, 'kossan', 'Q1 FY04', 'quarter', 2004, 1, 'MYR', 'MYR millions', '2004-03-31', 'glove-tracker-kossan');
INSERT OR REPLACE INTO financial_fact (period_id, concept, value, source_id) VALUES
  (22006, 'Revenue', 58.9, 'glove-tracker-kossan'),
  (22006, 'NetIncome', 5.2, 'glove-tracker-kossan');
INSERT OR REPLACE INTO financial_period (id, company_id, period_label, period_type, fiscal_year, fiscal_quarter, currency, unit, report_date, source_id) VALUES (22007, 'kossan', 'Q2 FY04', 'quarter', 2004, 2, 'MYR', 'MYR millions', '2004-06-30', 'glove-tracker-kossan');
INSERT OR REPLACE INTO financial_fact (period_id, concept, value, source_id) VALUES
  (22007, 'Revenue', 71.3, 'glove-tracker-kossan'),
  (22007, 'NetIncome', 6, 'glove-tracker-kossan');
INSERT OR REPLACE INTO financial_period (id, company_id, period_label, period_type, fiscal_year, fiscal_quarter, currency, unit, report_date, source_id) VALUES (22008, 'kossan', 'Q3 FY04', 'quarter', 2004, 3, 'MYR', 'MYR millions', '2004-09-30', 'glove-tracker-kossan');
INSERT OR REPLACE INTO financial_fact (period_id, concept, value, source_id) VALUES
  (22008, 'Revenue', 77.3, 'glove-tracker-kossan'),
  (22008, 'NetIncome', 5.9, 'glove-tracker-kossan');
INSERT OR REPLACE INTO financial_period (id, company_id, period_label, period_type, fiscal_year, fiscal_quarter, currency, unit, report_date, source_id) VALUES (22009, 'kossan', 'Q4 FY04', 'quarter', 2004, 4, 'MYR', 'MYR millions', '2004-12-31', 'glove-tracker-kossan');
INSERT OR REPLACE INTO financial_fact (period_id, concept, value, source_id) VALUES
  (22009, 'Revenue', 71.7, 'glove-tracker-kossan'),
  (22009, 'NetIncome', 5.6, 'glove-tracker-kossan');
INSERT OR REPLACE INTO financial_period (id, company_id, period_label, period_type, fiscal_year, fiscal_quarter, currency, unit, report_date, source_id) VALUES (22010, 'kossan', 'Q1 FY05', 'quarter', 2005, 1, 'MYR', 'MYR millions', '2005-03-31', 'glove-tracker-kossan');
INSERT OR REPLACE INTO financial_fact (period_id, concept, value, source_id) VALUES
  (22010, 'Revenue', 85.4, 'glove-tracker-kossan'),
  (22010, 'NetIncome', 7, 'glove-tracker-kossan');
INSERT OR REPLACE INTO financial_period (id, company_id, period_label, period_type, fiscal_year, fiscal_quarter, currency, unit, report_date, source_id) VALUES (22011, 'kossan', 'Q2 FY05', 'quarter', 2005, 2, 'MYR', 'MYR millions', '2005-06-30', 'glove-tracker-kossan');
INSERT OR REPLACE INTO financial_fact (period_id, concept, value, source_id) VALUES
  (22011, 'Revenue', 88.5, 'glove-tracker-kossan'),
  (22011, 'NetIncome', 7.2, 'glove-tracker-kossan');
INSERT OR REPLACE INTO financial_period (id, company_id, period_label, period_type, fiscal_year, fiscal_quarter, currency, unit, report_date, source_id) VALUES (22012, 'kossan', 'Q3 FY05', 'quarter', 2005, 3, 'MYR', 'MYR millions', '2005-09-30', 'glove-tracker-kossan');
INSERT OR REPLACE INTO financial_fact (period_id, concept, value, source_id) VALUES
  (22012, 'Revenue', 106.8, 'glove-tracker-kossan'),
  (22012, 'NetIncome', 7.7, 'glove-tracker-kossan');
INSERT OR REPLACE INTO financial_period (id, company_id, period_label, period_type, fiscal_year, fiscal_quarter, currency, unit, report_date, source_id) VALUES (22013, 'kossan', 'Q4 FY05', 'quarter', 2005, 4, 'MYR', 'MYR millions', '2005-12-31', 'glove-tracker-kossan');
INSERT OR REPLACE INTO financial_fact (period_id, concept, value, source_id) VALUES
  (22013, 'Revenue', 107.3, 'glove-tracker-kossan'),
  (22013, 'NetIncome', 7.2, 'glove-tracker-kossan');
INSERT OR REPLACE INTO financial_period (id, company_id, period_label, period_type, fiscal_year, fiscal_quarter, currency, unit, report_date, source_id) VALUES (22014, 'kossan', 'Q1 FY06', 'quarter', 2006, 1, 'MYR', 'MYR millions', '2006-03-31', 'glove-tracker-kossan');
INSERT OR REPLACE INTO financial_fact (period_id, concept, value, source_id) VALUES
  (22014, 'Revenue', 107.2, 'glove-tracker-kossan'),
  (22014, 'NetIncome', 7.4, 'glove-tracker-kossan');
INSERT OR REPLACE INTO financial_period (id, company_id, period_label, period_type, fiscal_year, fiscal_quarter, currency, unit, report_date, source_id) VALUES (22015, 'kossan', 'Q2 FY06', 'quarter', 2006, 2, 'MYR', 'MYR millions', '2006-06-30', 'glove-tracker-kossan');
INSERT OR REPLACE INTO financial_fact (period_id, concept, value, source_id) VALUES
  (22015, 'Revenue', 133.3, 'glove-tracker-kossan'),
  (22015, 'NetIncome', 9.6, 'glove-tracker-kossan');
INSERT OR REPLACE INTO financial_period (id, company_id, period_label, period_type, fiscal_year, fiscal_quarter, currency, unit, report_date, source_id) VALUES (22016, 'kossan', 'Q3 FY06', 'quarter', 2006, 3, 'MYR', 'MYR millions', '2006-09-30', 'glove-tracker-kossan');
INSERT OR REPLACE INTO financial_fact (period_id, concept, value, source_id) VALUES
  (22016, 'Revenue', 162.6, 'glove-tracker-kossan'),
  (22016, 'NetIncome', 10.9, 'glove-tracker-kossan');
INSERT OR REPLACE INTO financial_period (id, company_id, period_label, period_type, fiscal_year, fiscal_quarter, currency, unit, report_date, source_id) VALUES (22017, 'kossan', 'Q4 FY06', 'quarter', 2006, 4, 'MYR', 'MYR millions', '2006-12-31', 'glove-tracker-kossan');
INSERT OR REPLACE INTO financial_fact (period_id, concept, value, source_id) VALUES
  (22017, 'Revenue', 170.2, 'glove-tracker-kossan'),
  (22017, 'NetIncome', 11.7, 'glove-tracker-kossan');
INSERT OR REPLACE INTO financial_period (id, company_id, period_label, period_type, fiscal_year, fiscal_quarter, currency, unit, report_date, source_id) VALUES (22018, 'kossan', 'Q1 FY07', 'quarter', 2007, 1, 'MYR', 'MYR millions', '2007-03-31', 'glove-tracker-kossan');
INSERT OR REPLACE INTO financial_fact (period_id, concept, value, source_id) VALUES
  (22018, 'Revenue', 162.5, 'glove-tracker-kossan'),
  (22018, 'NetIncome', 11.6, 'glove-tracker-kossan');
INSERT OR REPLACE INTO financial_period (id, company_id, period_label, period_type, fiscal_year, fiscal_quarter, currency, unit, report_date, source_id) VALUES (22019, 'kossan', 'Q2 FY07', 'quarter', 2007, 2, 'MYR', 'MYR millions', '2007-06-30', 'glove-tracker-kossan');
INSERT OR REPLACE INTO financial_fact (period_id, concept, value, source_id) VALUES
  (22019, 'Revenue', 160.8, 'glove-tracker-kossan'),
  (22019, 'NetIncome', 11.4, 'glove-tracker-kossan');
INSERT OR REPLACE INTO financial_period (id, company_id, period_label, period_type, fiscal_year, fiscal_quarter, currency, unit, report_date, source_id) VALUES (22020, 'kossan', 'Q3 FY07', 'quarter', 2007, 3, 'MYR', 'MYR millions', '2007-09-30', 'glove-tracker-kossan');
INSERT OR REPLACE INTO financial_fact (period_id, concept, value, source_id) VALUES
  (22020, 'Revenue', 188.3, 'glove-tracker-kossan'),
  (22020, 'NetIncome', 12.5, 'glove-tracker-kossan');
INSERT OR REPLACE INTO financial_period (id, company_id, period_label, period_type, fiscal_year, fiscal_quarter, currency, unit, report_date, source_id) VALUES (22021, 'kossan', 'Q4 FY07', 'quarter', 2007, 4, 'MYR', 'MYR millions', '2007-12-31', 'glove-tracker-kossan');
INSERT OR REPLACE INTO financial_fact (period_id, concept, value, source_id) VALUES
  (22021, 'Revenue', 186.3, 'glove-tracker-kossan'),
  (22021, 'NetIncome', 24.7, 'glove-tracker-kossan');
INSERT OR REPLACE INTO financial_period (id, company_id, period_label, period_type, fiscal_year, fiscal_quarter, currency, unit, report_date, source_id) VALUES (22022, 'kossan', 'Q1 FY08', 'quarter', 2008, 1, 'MYR', 'MYR millions', '2008-03-31', 'glove-tracker-kossan');
INSERT OR REPLACE INTO financial_fact (period_id, concept, value, source_id) VALUES
  (22022, 'Revenue', 199.9, 'glove-tracker-kossan'),
  (22022, 'NetIncome', 14.2, 'glove-tracker-kossan');
INSERT OR REPLACE INTO financial_period (id, company_id, period_label, period_type, fiscal_year, fiscal_quarter, currency, unit, report_date, source_id) VALUES (22023, 'kossan', 'Q2 FY08', 'quarter', 2008, 2, 'MYR', 'MYR millions', '2008-06-30', 'glove-tracker-kossan');
INSERT OR REPLACE INTO financial_fact (period_id, concept, value, source_id) VALUES
  (22023, 'Revenue', 217.3, 'glove-tracker-kossan'),
  (22023, 'NetIncome', 14, 'glove-tracker-kossan');
INSERT OR REPLACE INTO financial_period (id, company_id, period_label, period_type, fiscal_year, fiscal_quarter, currency, unit, report_date, source_id) VALUES (22024, 'kossan', 'Q3 FY08', 'quarter', 2008, 3, 'MYR', 'MYR millions', '2008-09-30', 'glove-tracker-kossan');
INSERT OR REPLACE INTO financial_fact (period_id, concept, value, source_id) VALUES
  (22024, 'Revenue', 237.2, 'glove-tracker-kossan'),
  (22024, 'NetIncome', 15.3, 'glove-tracker-kossan');
INSERT OR REPLACE INTO financial_period (id, company_id, period_label, period_type, fiscal_year, fiscal_quarter, currency, unit, report_date, source_id) VALUES (22025, 'kossan', 'Q4 FY08', 'quarter', 2008, 4, 'MYR', 'MYR millions', '2008-12-31', 'glove-tracker-kossan');
INSERT OR REPLACE INTO financial_fact (period_id, concept, value, source_id) VALUES
  (22025, 'Revenue', 238.6, 'glove-tracker-kossan'),
  (22025, 'NetIncome', 15.9, 'glove-tracker-kossan');
INSERT OR REPLACE INTO financial_period (id, company_id, period_label, period_type, fiscal_year, fiscal_quarter, currency, unit, report_date, source_id) VALUES (22026, 'kossan', 'Q1 FY09', 'quarter', 2009, 1, 'MYR', 'MYR millions', '2009-03-31', 'glove-tracker-kossan');
INSERT OR REPLACE INTO financial_fact (period_id, concept, value, source_id) VALUES
  (22026, 'Revenue', 202.4, 'glove-tracker-kossan'),
  (22026, 'NetIncome', 14.1, 'glove-tracker-kossan');
INSERT OR REPLACE INTO financial_period (id, company_id, period_label, period_type, fiscal_year, fiscal_quarter, currency, unit, report_date, source_id) VALUES (22027, 'kossan', 'Q2 FY09', 'quarter', 2009, 2, 'MYR', 'MYR millions', '2009-06-30', 'glove-tracker-kossan');
INSERT OR REPLACE INTO financial_fact (period_id, concept, value, source_id) VALUES
  (22027, 'Revenue', 196.8, 'glove-tracker-kossan'),
  (22027, 'NetIncome', 13.6, 'glove-tracker-kossan');
INSERT OR REPLACE INTO financial_period (id, company_id, period_label, period_type, fiscal_year, fiscal_quarter, currency, unit, report_date, source_id) VALUES (22028, 'kossan', 'Q3 FY09', 'quarter', 2009, 3, 'MYR', 'MYR millions', '2009-09-30', 'glove-tracker-kossan');
INSERT OR REPLACE INTO financial_fact (period_id, concept, value, source_id) VALUES
  (22028, 'Revenue', 210.1, 'glove-tracker-kossan'),
  (22028, 'NetIncome', 15.3, 'glove-tracker-kossan');
INSERT OR REPLACE INTO financial_period (id, company_id, period_label, period_type, fiscal_year, fiscal_quarter, currency, unit, report_date, source_id) VALUES (22029, 'kossan', 'Q4 FY09', 'quarter', 2009, 4, 'MYR', 'MYR millions', '2009-12-31', 'glove-tracker-kossan');
INSERT OR REPLACE INTO financial_fact (period_id, concept, value, source_id) VALUES
  (22029, 'Revenue', 227.7, 'glove-tracker-kossan'),
  (22029, 'NetIncome', 24.2, 'glove-tracker-kossan');
INSERT OR REPLACE INTO financial_period (id, company_id, period_label, period_type, fiscal_year, fiscal_quarter, currency, unit, report_date, source_id) VALUES (22030, 'kossan', 'Q1 FY10', 'quarter', 2010, 1, 'MYR', 'MYR millions', '2010-03-31', 'glove-tracker-kossan');
INSERT OR REPLACE INTO financial_fact (period_id, concept, value, source_id) VALUES
  (22030, 'Revenue', 262.8, 'glove-tracker-kossan'),
  (22030, 'NetIncome', 30.4, 'glove-tracker-kossan');
INSERT OR REPLACE INTO financial_period (id, company_id, period_label, period_type, fiscal_year, fiscal_quarter, currency, unit, report_date, source_id) VALUES (22031, 'kossan', 'Q2 FY10', 'quarter', 2010, 2, 'MYR', 'MYR millions', '2010-06-30', 'glove-tracker-kossan');
INSERT OR REPLACE INTO financial_fact (period_id, concept, value, source_id) VALUES
  (22031, 'Revenue', 256.5, 'glove-tracker-kossan'),
  (22031, 'NetIncome', 30, 'glove-tracker-kossan');
INSERT OR REPLACE INTO financial_period (id, company_id, period_label, period_type, fiscal_year, fiscal_quarter, currency, unit, report_date, source_id) VALUES (22032, 'kossan', 'Q3 FY10', 'quarter', 2010, 3, 'MYR', 'MYR millions', '2010-09-30', 'glove-tracker-kossan');
INSERT OR REPLACE INTO financial_fact (period_id, concept, value, source_id) VALUES
  (22032, 'Revenue', 275.6, 'glove-tracker-kossan'),
  (22032, 'NetIncome', 28.6, 'glove-tracker-kossan');
INSERT OR REPLACE INTO financial_period (id, company_id, period_label, period_type, fiscal_year, fiscal_quarter, currency, unit, report_date, source_id) VALUES (22033, 'kossan', 'Q4 FY10', 'quarter', 2010, 4, 'MYR', 'MYR millions', '2010-12-31', 'glove-tracker-kossan');
INSERT OR REPLACE INTO financial_fact (period_id, concept, value, source_id) VALUES
  (22033, 'Revenue', 253, 'glove-tracker-kossan'),
  (22033, 'NetIncome', 29.5, 'glove-tracker-kossan');
INSERT OR REPLACE INTO financial_period (id, company_id, period_label, period_type, fiscal_year, fiscal_quarter, currency, unit, report_date, source_id) VALUES (22034, 'kossan', 'Q1 FY11', 'quarter', 2011, 1, 'MYR', 'MYR millions', '2011-03-31', 'glove-tracker-kossan');
INSERT OR REPLACE INTO financial_fact (period_id, concept, value, source_id) VALUES
  (22034, 'Revenue', 256.4, 'glove-tracker-kossan'),
  (22034, 'NetIncome', 23, 'glove-tracker-kossan');
INSERT OR REPLACE INTO financial_period (id, company_id, period_label, period_type, fiscal_year, fiscal_quarter, currency, unit, report_date, source_id) VALUES (22035, 'kossan', 'Q2 FY11', 'quarter', 2011, 2, 'MYR', 'MYR millions', '2011-06-30', 'glove-tracker-kossan');
INSERT OR REPLACE INTO financial_fact (period_id, concept, value, source_id) VALUES
  (22035, 'Revenue', 275.6, 'glove-tracker-kossan'),
  (22035, 'NetIncome', 20.9, 'glove-tracker-kossan');
INSERT OR REPLACE INTO financial_period (id, company_id, period_label, period_type, fiscal_year, fiscal_quarter, currency, unit, report_date, source_id) VALUES (22036, 'kossan', 'Q3 FY11', 'quarter', 2011, 3, 'MYR', 'MYR millions', '2011-09-30', 'glove-tracker-kossan');
INSERT OR REPLACE INTO financial_fact (period_id, concept, value, source_id) VALUES
  (22036, 'Revenue', 278.5, 'glove-tracker-kossan'),
  (22036, 'NetIncome', 23.6, 'glove-tracker-kossan');
INSERT OR REPLACE INTO financial_period (id, company_id, period_label, period_type, fiscal_year, fiscal_quarter, currency, unit, report_date, source_id) VALUES (22037, 'kossan', 'Q4 FY11', 'quarter', 2011, 4, 'MYR', 'MYR millions', '2011-12-31', 'glove-tracker-kossan');
INSERT OR REPLACE INTO financial_fact (period_id, concept, value, source_id) VALUES
  (22037, 'Revenue', 281.5, 'glove-tracker-kossan'),
  (22037, 'NetIncome', 24.3, 'glove-tracker-kossan');
INSERT OR REPLACE INTO financial_period (id, company_id, period_label, period_type, fiscal_year, fiscal_quarter, currency, unit, report_date, source_id) VALUES (22038, 'kossan', 'Q1 FY12', 'quarter', 2012, 1, 'MYR', 'MYR millions', '2012-03-31', 'glove-tracker-kossan');
INSERT OR REPLACE INTO financial_fact (period_id, concept, value, source_id) VALUES
  (22038, 'Revenue', 289.4, 'glove-tracker-kossan'),
  (22038, 'NetIncome', 22, 'glove-tracker-kossan');
INSERT OR REPLACE INTO financial_period (id, company_id, period_label, period_type, fiscal_year, fiscal_quarter, currency, unit, report_date, source_id) VALUES (22039, 'kossan', 'Q2 FY12', 'quarter', 2012, 2, 'MYR', 'MYR millions', '2012-06-30', 'glove-tracker-kossan');
INSERT OR REPLACE INTO financial_fact (period_id, concept, value, source_id) VALUES
  (22039, 'Revenue', 304.8, 'glove-tracker-kossan'),
  (22039, 'NetIncome', 23.6, 'glove-tracker-kossan');
INSERT OR REPLACE INTO financial_period (id, company_id, period_label, period_type, fiscal_year, fiscal_quarter, currency, unit, report_date, source_id) VALUES (22040, 'kossan', 'Q3 FY12', 'quarter', 2012, 3, 'MYR', 'MYR millions', '2012-09-30', 'glove-tracker-kossan');
INSERT OR REPLACE INTO financial_fact (period_id, concept, value, source_id) VALUES
  (22040, 'Revenue', 322.7, 'glove-tracker-kossan'),
  (22040, 'NetIncome', 29.2, 'glove-tracker-kossan');
INSERT OR REPLACE INTO financial_period (id, company_id, period_label, period_type, fiscal_year, fiscal_quarter, currency, unit, report_date, source_id) VALUES (22041, 'kossan', 'Q4 FY12', 'quarter', 2012, 4, 'MYR', 'MYR millions', '2012-12-31', 'glove-tracker-kossan');
INSERT OR REPLACE INTO financial_fact (period_id, concept, value, source_id) VALUES
  (22041, 'Revenue', 318.6, 'glove-tracker-kossan'),
  (22041, 'NetIncome', 29.7, 'glove-tracker-kossan');
INSERT OR REPLACE INTO financial_period (id, company_id, period_label, period_type, fiscal_year, fiscal_quarter, currency, unit, report_date, source_id) VALUES (22042, 'kossan', 'Q1 FY13', 'quarter', 2013, 1, 'MYR', 'MYR millions', '2013-03-31', 'glove-tracker-kossan');
INSERT OR REPLACE INTO financial_fact (period_id, concept, value, source_id) VALUES
  (22042, 'Revenue', 327.3, 'glove-tracker-kossan'),
  (22042, 'NetIncome', 33.2, 'glove-tracker-kossan');
INSERT OR REPLACE INTO financial_period (id, company_id, period_label, period_type, fiscal_year, fiscal_quarter, currency, unit, report_date, source_id) VALUES (22043, 'kossan', 'Q2 FY13', 'quarter', 2013, 2, 'MYR', 'MYR millions', '2013-06-30', 'glove-tracker-kossan');
INSERT OR REPLACE INTO financial_fact (period_id, concept, value, source_id) VALUES
  (22043, 'Revenue', 321.6, 'glove-tracker-kossan'),
  (22043, 'NetIncome', 33.5, 'glove-tracker-kossan');
INSERT OR REPLACE INTO financial_period (id, company_id, period_label, period_type, fiscal_year, fiscal_quarter, currency, unit, report_date, source_id) VALUES (22044, 'kossan', 'Q3 FY13', 'quarter', 2013, 3, 'MYR', 'MYR millions', '2013-09-30', 'glove-tracker-kossan');
INSERT OR REPLACE INTO financial_fact (period_id, concept, value, source_id) VALUES
  (22044, 'Revenue', 333.5, 'glove-tracker-kossan'),
  (22044, 'NetIncome', 35.4, 'glove-tracker-kossan');
INSERT OR REPLACE INTO financial_period (id, company_id, period_label, period_type, fiscal_year, fiscal_quarter, currency, unit, report_date, source_id) VALUES (22045, 'kossan', 'Q4 FY13', 'quarter', 2013, 4, 'MYR', 'MYR millions', '2013-12-31', 'glove-tracker-kossan');
INSERT OR REPLACE INTO financial_fact (period_id, concept, value, source_id) VALUES
  (22045, 'Revenue', 327.4, 'glove-tracker-kossan'),
  (22045, 'NetIncome', 38.6, 'glove-tracker-kossan');
INSERT OR REPLACE INTO financial_period (id, company_id, period_label, period_type, fiscal_year, fiscal_quarter, currency, unit, report_date, source_id) VALUES (22046, 'kossan', 'Q1 FY14', 'quarter', 2014, 1, 'MYR', 'MYR millions', '2014-03-31', 'glove-tracker-kossan');
INSERT OR REPLACE INTO financial_fact (period_id, concept, value, source_id) VALUES
  (22046, 'Revenue', 306.2, 'glove-tracker-kossan'),
  (22046, 'NetIncome', 36.8, 'glove-tracker-kossan');
INSERT OR REPLACE INTO financial_period (id, company_id, period_label, period_type, fiscal_year, fiscal_quarter, currency, unit, report_date, source_id) VALUES (22047, 'kossan', 'Q2 FY14', 'quarter', 2014, 2, 'MYR', 'MYR millions', '2014-06-30', 'glove-tracker-kossan');
INSERT OR REPLACE INTO financial_fact (period_id, concept, value, source_id) VALUES
  (22047, 'Revenue', 303.8, 'glove-tracker-kossan'),
  (22047, 'NetIncome', 34.6, 'glove-tracker-kossan');
INSERT OR REPLACE INTO financial_period (id, company_id, period_label, period_type, fiscal_year, fiscal_quarter, currency, unit, report_date, source_id) VALUES (22048, 'kossan', 'Q3 FY14', 'quarter', 2014, 3, 'MYR', 'MYR millions', '2014-09-30', 'glove-tracker-kossan');
INSERT OR REPLACE INTO financial_fact (period_id, concept, value, source_id) VALUES
  (22048, 'Revenue', 328.4, 'glove-tracker-kossan'),
  (22048, 'NetIncome', 34.4, 'glove-tracker-kossan');
INSERT OR REPLACE INTO financial_period (id, company_id, period_label, period_type, fiscal_year, fiscal_quarter, currency, unit, report_date, source_id) VALUES (22049, 'kossan', 'Q4 FY14', 'quarter', 2014, 4, 'MYR', 'MYR millions', '2014-12-31', 'glove-tracker-kossan');
INSERT OR REPLACE INTO financial_fact (period_id, concept, value, source_id) VALUES
  (22049, 'Revenue', 361, 'glove-tracker-kossan'),
  (22049, 'NetIncome', 37.9, 'glove-tracker-kossan');
INSERT OR REPLACE INTO financial_period (id, company_id, period_label, period_type, fiscal_year, fiscal_quarter, currency, unit, report_date, source_id) VALUES (22050, 'kossan', 'Q1 FY15', 'quarter', 2015, 1, 'MYR', 'MYR millions', '2015-03-31', 'glove-tracker-kossan');
INSERT OR REPLACE INTO financial_fact (period_id, concept, value, source_id) VALUES
  (22050, 'Revenue', 369.3, 'glove-tracker-kossan'),
  (22050, 'NetIncome', 45.5, 'glove-tracker-kossan');
INSERT OR REPLACE INTO financial_period (id, company_id, period_label, period_type, fiscal_year, fiscal_quarter, currency, unit, report_date, source_id) VALUES (22051, 'kossan', 'Q2 FY15', 'quarter', 2015, 2, 'MYR', 'MYR millions', '2015-06-30', 'glove-tracker-kossan');
INSERT OR REPLACE INTO financial_fact (period_id, concept, value, source_id) VALUES
  (22051, 'Revenue', 385.8, 'glove-tracker-kossan'),
  (22051, 'NetIncome', 47.4, 'glove-tracker-kossan');
INSERT OR REPLACE INTO financial_period (id, company_id, period_label, period_type, fiscal_year, fiscal_quarter, currency, unit, report_date, source_id) VALUES (22052, 'kossan', 'Q3 FY15', 'quarter', 2015, 3, 'MYR', 'MYR millions', '2015-09-30', 'glove-tracker-kossan');
INSERT OR REPLACE INTO financial_fact (period_id, concept, value, source_id) VALUES
  (22052, 'Revenue', 441.7, 'glove-tracker-kossan'),
  (22052, 'NetIncome', 55.2, 'glove-tracker-kossan');
INSERT OR REPLACE INTO financial_period (id, company_id, period_label, period_type, fiscal_year, fiscal_quarter, currency, unit, report_date, source_id) VALUES (22053, 'kossan', 'Q4 FY15', 'quarter', 2015, 4, 'MYR', 'MYR millions', '2015-12-31', 'glove-tracker-kossan');
INSERT OR REPLACE INTO financial_fact (period_id, concept, value, source_id) VALUES
  (22053, 'Revenue', 439.2, 'glove-tracker-kossan'),
  (22053, 'NetIncome', 55.2, 'glove-tracker-kossan');
INSERT OR REPLACE INTO financial_period (id, company_id, period_label, period_type, fiscal_year, fiscal_quarter, currency, unit, report_date, source_id) VALUES (22054, 'kossan', 'Q1 FY16', 'quarter', 2016, 1, 'MYR', 'MYR millions', '2016-03-31', 'glove-tracker-kossan');
INSERT OR REPLACE INTO financial_fact (period_id, concept, value, source_id) VALUES
  (22054, 'Revenue', 412.3, 'glove-tracker-kossan'),
  (22054, 'NetIncome', 51.3, 'glove-tracker-kossan');
INSERT OR REPLACE INTO financial_period (id, company_id, period_label, period_type, fiscal_year, fiscal_quarter, currency, unit, report_date, source_id) VALUES (22055, 'kossan', 'Q2 FY16', 'quarter', 2016, 2, 'MYR', 'MYR millions', '2016-06-30', 'glove-tracker-kossan');
INSERT OR REPLACE INTO financial_fact (period_id, concept, value, source_id) VALUES
  (22055, 'Revenue', 403.8, 'glove-tracker-kossan'),
  (22055, 'NetIncome', 41, 'glove-tracker-kossan');
INSERT OR REPLACE INTO financial_period (id, company_id, period_label, period_type, fiscal_year, fiscal_quarter, currency, unit, report_date, source_id) VALUES (22056, 'kossan', 'Q3 FY16', 'quarter', 2016, 3, 'MYR', 'MYR millions', '2016-09-30', 'glove-tracker-kossan');
INSERT OR REPLACE INTO financial_fact (period_id, concept, value, source_id) VALUES
  (22056, 'Revenue', 414, 'glove-tracker-kossan'),
  (22056, 'NetIncome', 34, 'glove-tracker-kossan');
INSERT OR REPLACE INTO financial_period (id, company_id, period_label, period_type, fiscal_year, fiscal_quarter, currency, unit, report_date, source_id) VALUES (22057, 'kossan', 'Q4 FY16', 'quarter', 2016, 4, 'MYR', 'MYR millions', '2016-12-31', 'glove-tracker-kossan');
INSERT OR REPLACE INTO financial_fact (period_id, concept, value, source_id) VALUES
  (22057, 'Revenue', 438.2, 'glove-tracker-kossan'),
  (22057, 'NetIncome', 44.6, 'glove-tracker-kossan');
INSERT OR REPLACE INTO financial_period (id, company_id, period_label, period_type, fiscal_year, fiscal_quarter, currency, unit, report_date, source_id) VALUES (22058, 'kossan', 'Q1 FY17', 'quarter', 2017, 1, 'MYR', 'MYR millions', '2017-03-31', 'glove-tracker-kossan');
INSERT OR REPLACE INTO financial_fact (period_id, concept, value, source_id) VALUES
  (22058, 'Revenue', 500, 'glove-tracker-kossan'),
  (22058, 'NetIncome', 46.5, 'glove-tracker-kossan');
INSERT OR REPLACE INTO financial_period (id, company_id, period_label, period_type, fiscal_year, fiscal_quarter, currency, unit, report_date, source_id) VALUES (22059, 'kossan', 'Q2 FY17', 'quarter', 2017, 2, 'MYR', 'MYR millions', '2017-06-30', 'glove-tracker-kossan');
INSERT OR REPLACE INTO financial_fact (period_id, concept, value, source_id) VALUES
  (22059, 'Revenue', 490.5, 'glove-tracker-kossan'),
  (22059, 'NetIncome', 45.5, 'glove-tracker-kossan');
INSERT OR REPLACE INTO financial_period (id, company_id, period_label, period_type, fiscal_year, fiscal_quarter, currency, unit, report_date, source_id) VALUES (22060, 'kossan', 'Q3 FY17', 'quarter', 2017, 3, 'MYR', 'MYR millions', '2017-09-30', 'glove-tracker-kossan');
INSERT OR REPLACE INTO financial_fact (period_id, concept, value, source_id) VALUES
  (22060, 'Revenue', 489.2, 'glove-tracker-kossan'),
  (22060, 'NetIncome', 45.7, 'glove-tracker-kossan');
INSERT OR REPLACE INTO financial_period (id, company_id, period_label, period_type, fiscal_year, fiscal_quarter, currency, unit, report_date, source_id) VALUES (22061, 'kossan', 'Q4 FY17', 'quarter', 2017, 4, 'MYR', 'MYR millions', '2017-12-31', 'glove-tracker-kossan');
INSERT OR REPLACE INTO financial_fact (period_id, concept, value, source_id) VALUES
  (22061, 'Revenue', 477.8, 'glove-tracker-kossan'),
  (22061, 'NetIncome', 46.5, 'glove-tracker-kossan');
INSERT OR REPLACE INTO financial_period (id, company_id, period_label, period_type, fiscal_year, fiscal_quarter, currency, unit, report_date, source_id) VALUES (22062, 'kossan', 'Q1 FY18', 'quarter', 2018, 1, 'MYR', 'MYR millions', '2018-03-31', 'glove-tracker-kossan');
INSERT OR REPLACE INTO financial_fact (period_id, concept, value, source_id) VALUES
  (22062, 'Revenue', 484.2, 'glove-tracker-kossan'),
  (22062, 'NetIncome', 45.3, 'glove-tracker-kossan');
INSERT OR REPLACE INTO financial_period (id, company_id, period_label, period_type, fiscal_year, fiscal_quarter, currency, unit, report_date, source_id) VALUES (22063, 'kossan', 'Q2 FY18', 'quarter', 2018, 2, 'MYR', 'MYR millions', '2018-06-30', 'glove-tracker-kossan');
INSERT OR REPLACE INTO financial_fact (period_id, concept, value, source_id) VALUES
  (22063, 'Revenue', 496.8, 'glove-tracker-kossan'),
  (22063, 'NetIncome', 44.7, 'glove-tracker-kossan');
INSERT OR REPLACE INTO financial_period (id, company_id, period_label, period_type, fiscal_year, fiscal_quarter, currency, unit, report_date, source_id) VALUES (22064, 'kossan', 'Q3 FY18', 'quarter', 2018, 3, 'MYR', 'MYR millions', '2018-09-30', 'glove-tracker-kossan');
INSERT OR REPLACE INTO financial_fact (period_id, concept, value, source_id) VALUES
  (22064, 'Revenue', 573.9, 'glove-tracker-kossan'),
  (22064, 'NetIncome', 54.1, 'glove-tracker-kossan');
INSERT OR REPLACE INTO financial_period (id, company_id, period_label, period_type, fiscal_year, fiscal_quarter, currency, unit, report_date, source_id) VALUES (22065, 'kossan', 'Q4 FY18', 'quarter', 2018, 4, 'MYR', 'MYR millions', '2018-12-31', 'glove-tracker-kossan');
INSERT OR REPLACE INTO financial_fact (period_id, concept, value, source_id) VALUES
  (22065, 'Revenue', 589.4, 'glove-tracker-kossan'),
  (22065, 'NetIncome', 59.5, 'glove-tracker-kossan');
INSERT OR REPLACE INTO financial_period (id, company_id, period_label, period_type, fiscal_year, fiscal_quarter, currency, unit, report_date, source_id) VALUES (22066, 'kossan', 'Q1 FY19', 'quarter', 2019, 1, 'MYR', 'MYR millions', '2019-03-31', 'glove-tracker-kossan');
INSERT OR REPLACE INTO financial_fact (period_id, concept, value, source_id) VALUES
  (22066, 'Revenue', 561.5, 'glove-tracker-kossan'),
  (22066, 'NetIncome', 58.7, 'glove-tracker-kossan');
INSERT OR REPLACE INTO financial_period (id, company_id, period_label, period_type, fiscal_year, fiscal_quarter, currency, unit, report_date, source_id) VALUES (22067, 'kossan', 'Q2 FY19', 'quarter', 2019, 2, 'MYR', 'MYR millions', '2019-06-30', 'glove-tracker-kossan');
INSERT OR REPLACE INTO financial_fact (period_id, concept, value, source_id) VALUES
  (22067, 'Revenue', 550.5, 'glove-tracker-kossan'),
  (22067, 'NetIncome', 55.9, 'glove-tracker-kossan');
INSERT OR REPLACE INTO financial_period (id, company_id, period_label, period_type, fiscal_year, fiscal_quarter, currency, unit, report_date, source_id) VALUES (22068, 'kossan', 'Q3 FY19', 'quarter', 2019, 3, 'MYR', 'MYR millions', '2019-09-30', 'glove-tracker-kossan');
INSERT OR REPLACE INTO financial_fact (period_id, concept, value, source_id) VALUES
  (22068, 'Revenue', 531.3, 'glove-tracker-kossan'),
  (22068, 'NetIncome', 49.2, 'glove-tracker-kossan');
INSERT OR REPLACE INTO financial_period (id, company_id, period_label, period_type, fiscal_year, fiscal_quarter, currency, unit, report_date, source_id) VALUES (22069, 'kossan', 'Q4 FY19', 'quarter', 2019, 4, 'MYR', 'MYR millions', '2019-12-31', 'glove-tracker-kossan');
INSERT OR REPLACE INTO financial_fact (period_id, concept, value, source_id) VALUES
  (22069, 'Revenue', 578.3, 'glove-tracker-kossan'),
  (22069, 'NetIncome', 61, 'glove-tracker-kossan');
INSERT OR REPLACE INTO financial_period (id, company_id, period_label, period_type, fiscal_year, fiscal_quarter, currency, unit, report_date, source_id) VALUES (22070, 'kossan', 'Q1 FY20', 'quarter', 2020, 1, 'MYR', 'MYR millions', '2020-03-31', 'glove-tracker-kossan');
INSERT OR REPLACE INTO financial_fact (period_id, concept, value, source_id) VALUES
  (22070, 'Revenue', 611.5, 'glove-tracker-kossan'),
  (22070, 'NetIncome', 64.8, 'glove-tracker-kossan');
INSERT OR REPLACE INTO financial_period (id, company_id, period_label, period_type, fiscal_year, fiscal_quarter, currency, unit, report_date, source_id) VALUES (22071, 'kossan', 'Q2 FY20', 'quarter', 2020, 2, 'MYR', 'MYR millions', '2020-06-30', 'glove-tracker-kossan');
INSERT OR REPLACE INTO financial_fact (period_id, concept, value, source_id) VALUES
  (22071, 'Revenue', 701.7, 'glove-tracker-kossan'),
  (22071, 'NetIncome', 131.1, 'glove-tracker-kossan');
INSERT OR REPLACE INTO financial_period (id, company_id, period_label, period_type, fiscal_year, fiscal_quarter, currency, unit, report_date, source_id) VALUES (22072, 'kossan', 'Q3 FY20', 'quarter', 2020, 3, 'MYR', 'MYR millions', '2020-09-30', 'glove-tracker-kossan');
INSERT OR REPLACE INTO financial_fact (period_id, concept, value, source_id) VALUES
  (22072, 'Revenue', 1000, 'glove-tracker-kossan'),
  (22072, 'NetIncome', 348.7, 'glove-tracker-kossan');
INSERT OR REPLACE INTO financial_period (id, company_id, period_label, period_type, fiscal_year, fiscal_quarter, currency, unit, report_date, source_id) VALUES (22073, 'kossan', 'Q4 FY20', 'quarter', 2020, 4, 'MYR', 'MYR millions', '2020-12-31', 'glove-tracker-kossan');
INSERT OR REPLACE INTO financial_fact (period_id, concept, value, source_id) VALUES
  (22073, 'Revenue', 1300, 'glove-tracker-kossan'),
  (22073, 'NetIncome', 542.5, 'glove-tracker-kossan');
INSERT OR REPLACE INTO financial_period (id, company_id, period_label, period_type, fiscal_year, fiscal_quarter, currency, unit, report_date, source_id) VALUES (22074, 'kossan', 'Q1 FY21', 'quarter', 2021, 1, 'MYR', 'MYR millions', '2021-03-31', 'glove-tracker-kossan');
INSERT OR REPLACE INTO financial_fact (period_id, concept, value, source_id) VALUES
  (22074, 'Revenue', 2200, 'glove-tracker-kossan'),
  (22074, 'NetIncome', 1000, 'glove-tracker-kossan');
INSERT OR REPLACE INTO financial_period (id, company_id, period_label, period_type, fiscal_year, fiscal_quarter, currency, unit, report_date, source_id) VALUES (22075, 'kossan', 'Q2 FY21', 'quarter', 2021, 2, 'MYR', 'MYR millions', '2021-06-30', 'glove-tracker-kossan');
INSERT OR REPLACE INTO financial_fact (period_id, concept, value, source_id) VALUES
  (22075, 'Revenue', 2200, 'glove-tracker-kossan'),
  (22075, 'NetIncome', 1100, 'glove-tracker-kossan');
INSERT OR REPLACE INTO financial_period (id, company_id, period_label, period_type, fiscal_year, fiscal_quarter, currency, unit, report_date, source_id) VALUES (22076, 'kossan', 'Q3 FY21', 'quarter', 2021, 3, 'MYR', 'MYR millions', '2021-09-30', 'glove-tracker-kossan');
INSERT OR REPLACE INTO financial_fact (period_id, concept, value, source_id) VALUES
  (22076, 'Revenue', 1300, 'glove-tracker-kossan'),
  (22076, 'NetIncome', 528.2, 'glove-tracker-kossan');
INSERT OR REPLACE INTO financial_period (id, company_id, period_label, period_type, fiscal_year, fiscal_quarter, currency, unit, report_date, source_id) VALUES (22077, 'kossan', 'Q4 FY21', 'quarter', 2021, 4, 'MYR', 'MYR millions', '2021-12-31', 'glove-tracker-kossan');
INSERT OR REPLACE INTO financial_fact (period_id, concept, value, source_id) VALUES
  (22077, 'Revenue', 924.6, 'glove-tracker-kossan'),
  (22077, 'NetIncome', 218.7, 'glove-tracker-kossan');
INSERT OR REPLACE INTO financial_period (id, company_id, period_label, period_type, fiscal_year, fiscal_quarter, currency, unit, report_date, source_id) VALUES (22078, 'kossan', 'Q1 FY22', 'quarter', 2022, 1, 'MYR', 'MYR millions', '2022-03-31', 'glove-tracker-kossan');
INSERT OR REPLACE INTO financial_fact (period_id, concept, value, source_id) VALUES
  (22078, 'Revenue', 690.6, 'glove-tracker-kossan'),
  (22078, 'NetIncome', 90.1, 'glove-tracker-kossan');
INSERT OR REPLACE INTO financial_period (id, company_id, period_label, period_type, fiscal_year, fiscal_quarter, currency, unit, report_date, source_id) VALUES (22079, 'kossan', 'Q2 FY22', 'quarter', 2022, 2, 'MYR', 'MYR millions', '2022-06-30', 'glove-tracker-kossan');
INSERT OR REPLACE INTO financial_fact (period_id, concept, value, source_id) VALUES
  (22079, 'Revenue', 589.9, 'glove-tracker-kossan'),
  (22079, 'NetIncome', 46, 'glove-tracker-kossan');
INSERT OR REPLACE INTO financial_period (id, company_id, period_label, period_type, fiscal_year, fiscal_quarter, currency, unit, report_date, source_id) VALUES (22080, 'kossan', 'Q3 FY22', 'quarter', 2022, 3, 'MYR', 'MYR millions', '2022-09-30', 'glove-tracker-kossan');
INSERT OR REPLACE INTO financial_fact (period_id, concept, value, source_id) VALUES
  (22080, 'Revenue', 560.5, 'glove-tracker-kossan'),
  (22080, 'NetIncome', 23.3, 'glove-tracker-kossan');
INSERT OR REPLACE INTO financial_period (id, company_id, period_label, period_type, fiscal_year, fiscal_quarter, currency, unit, report_date, source_id) VALUES (22081, 'kossan', 'Q4 FY22', 'quarter', 2022, 4, 'MYR', 'MYR millions', '2022-12-31', 'glove-tracker-kossan');
INSERT OR REPLACE INTO financial_fact (period_id, concept, value, source_id) VALUES
  (22081, 'Revenue', 481.4, 'glove-tracker-kossan'),
  (22081, 'NetIncome', -2.5, 'glove-tracker-kossan');
INSERT OR REPLACE INTO financial_period (id, company_id, period_label, period_type, fiscal_year, fiscal_quarter, currency, unit, report_date, source_id) VALUES (22082, 'kossan', 'Q1 FY23', 'quarter', 2023, 1, 'MYR', 'MYR millions', '2023-03-31', 'glove-tracker-kossan');
INSERT OR REPLACE INTO financial_fact (period_id, concept, value, source_id) VALUES
  (22082, 'Revenue', 394.7, 'glove-tracker-kossan'),
  (22082, 'NetIncome', -24.3, 'glove-tracker-kossan');
INSERT OR REPLACE INTO financial_period (id, company_id, period_label, period_type, fiscal_year, fiscal_quarter, currency, unit, report_date, source_id) VALUES (22083, 'kossan', 'Q2 FY23', 'quarter', 2023, 2, 'MYR', 'MYR millions', '2023-06-30', 'glove-tracker-kossan');
INSERT OR REPLACE INTO financial_fact (period_id, concept, value, source_id) VALUES
  (22083, 'Revenue', 387.5, 'glove-tracker-kossan'),
  (22083, 'NetIncome', -3.3, 'glove-tracker-kossan');
INSERT OR REPLACE INTO financial_period (id, company_id, period_label, period_type, fiscal_year, fiscal_quarter, currency, unit, report_date, source_id) VALUES (22084, 'kossan', 'Q3 FY23', 'quarter', 2023, 3, 'MYR', 'MYR millions', '2023-09-30', 'glove-tracker-kossan');
INSERT OR REPLACE INTO financial_fact (period_id, concept, value, source_id) VALUES
  (22084, 'Revenue', 403.5, 'glove-tracker-kossan'),
  (22084, 'NetIncome', 41, 'glove-tracker-kossan');
INSERT OR REPLACE INTO financial_period (id, company_id, period_label, period_type, fiscal_year, fiscal_quarter, currency, unit, report_date, source_id) VALUES (22085, 'kossan', 'Q4 FY23', 'quarter', 2023, 4, 'MYR', 'MYR millions', '2023-12-31', 'glove-tracker-kossan');
INSERT OR REPLACE INTO financial_fact (period_id, concept, value, source_id) VALUES
  (22085, 'Revenue', 400.1, 'glove-tracker-kossan'),
  (22085, 'NetIncome', 0.806, 'glove-tracker-kossan');
INSERT OR REPLACE INTO financial_period (id, company_id, period_label, period_type, fiscal_year, fiscal_quarter, currency, unit, report_date, source_id) VALUES (22086, 'kossan', 'Q1 FY24', 'quarter', 2024, 1, 'MYR', 'MYR millions', '2024-03-31', 'glove-tracker-kossan');
INSERT OR REPLACE INTO financial_fact (period_id, concept, value, source_id) VALUES
  (22086, 'Revenue', 451.625, 'glove-tracker-kossan'),
  (22086, 'OperatingIncome', 41.039, 'glove-tracker-kossan'),
  (22086, 'NetIncome', 31.454, 'glove-tracker-kossan');
INSERT OR REPLACE INTO financial_period (id, company_id, period_label, period_type, fiscal_year, fiscal_quarter, currency, unit, report_date, source_id) VALUES (22087, 'kossan', 'Q2 FY24', 'quarter', 2024, 2, 'MYR', 'MYR millions', '2024-06-30', 'glove-tracker-kossan');
INSERT OR REPLACE INTO financial_fact (period_id, concept, value, source_id) VALUES
  (22087, 'Revenue', 429.905, 'glove-tracker-kossan'),
  (22087, 'OperatingIncome', 38.653, 'glove-tracker-kossan'),
  (22087, 'NetIncome', 31.341, 'glove-tracker-kossan');
INSERT OR REPLACE INTO financial_period (id, company_id, period_label, period_type, fiscal_year, fiscal_quarter, currency, unit, report_date, source_id) VALUES (22088, 'kossan', 'Q3 FY24', 'quarter', 2024, 3, 'MYR', 'MYR millions', '2024-09-30', 'glove-tracker-kossan');
INSERT OR REPLACE INTO financial_fact (period_id, concept, value, source_id) VALUES
  (22088, 'Revenue', 507.393, 'glove-tracker-kossan'),
  (22088, 'OperatingIncome', 40.156, 'glove-tracker-kossan'),
  (22088, 'NetIncome', 29.437, 'glove-tracker-kossan');
INSERT OR REPLACE INTO financial_period (id, company_id, period_label, period_type, fiscal_year, fiscal_quarter, currency, unit, report_date, source_id) VALUES (22089, 'kossan', 'Q4 FY24', 'quarter', 2024, 4, 'MYR', 'MYR millions', '2024-12-31', 'glove-tracker-kossan');
INSERT OR REPLACE INTO financial_fact (period_id, concept, value, source_id) VALUES
  (22089, 'Revenue', 517.897, 'glove-tracker-kossan'),
  (22089, 'OperatingIncome', 39.559, 'glove-tracker-kossan'),
  (22089, 'NetIncome', 27.701, 'glove-tracker-kossan');
INSERT OR REPLACE INTO financial_period (id, company_id, period_label, period_type, fiscal_year, fiscal_quarter, currency, unit, report_date, source_id) VALUES (22090, 'kossan', 'Q1 FY25', 'quarter', 2025, 1, 'MYR', 'MYR millions', '2025-03-31', 'glove-tracker-kossan');
INSERT OR REPLACE INTO financial_fact (period_id, concept, value, source_id) VALUES
  (22090, 'Revenue', 487.356, 'glove-tracker-kossan'),
  (22090, 'OperatingIncome', 47.878, 'glove-tracker-kossan'),
  (22090, 'NetIncome', 35.652, 'glove-tracker-kossan');
INSERT OR REPLACE INTO financial_period (id, company_id, period_label, period_type, fiscal_year, fiscal_quarter, currency, unit, report_date, source_id) VALUES (22091, 'kossan', 'Q2 FY25', 'quarter', 2025, 2, 'MYR', 'MYR millions', '2025-06-30', 'glove-tracker-kossan');
INSERT OR REPLACE INTO financial_fact (period_id, concept, value, source_id) VALUES
  (22091, 'Revenue', 382.188, 'glove-tracker-kossan'),
  (22091, 'OperatingIncome', 38.519, 'glove-tracker-kossan'),
  (22091, 'NetIncome', 31.153, 'glove-tracker-kossan');
INSERT OR REPLACE INTO financial_period (id, company_id, period_label, period_type, fiscal_year, fiscal_quarter, currency, unit, report_date, source_id) VALUES (22092, 'kossan', 'Q3 FY25', 'quarter', 2025, 3, 'MYR', 'MYR millions', '2025-09-30', 'glove-tracker-kossan');
INSERT OR REPLACE INTO financial_fact (period_id, concept, value, source_id) VALUES
  (22092, 'Revenue', 438.979, 'glove-tracker-kossan'),
  (22092, 'OperatingIncome', 45.086, 'glove-tracker-kossan'),
  (22092, 'NetIncome', 37.831, 'glove-tracker-kossan');
INSERT OR REPLACE INTO financial_period (id, company_id, period_label, period_type, fiscal_year, fiscal_quarter, currency, unit, report_date, source_id) VALUES (22093, 'kossan', 'Q4 FY25', 'quarter', 2025, 4, 'MYR', 'MYR millions', '2025-12-31', 'glove-tracker-kossan');
INSERT OR REPLACE INTO financial_fact (period_id, concept, value, source_id) VALUES
  (22093, 'Revenue', 439.48, 'glove-tracker-kossan'),
  (22093, 'OperatingIncome', 44.997, 'glove-tracker-kossan'),
  (22093, 'NetIncome', 46.671, 'glove-tracker-kossan');
INSERT OR REPLACE INTO financial_period (id, company_id, period_label, period_type, fiscal_year, fiscal_quarter, currency, unit, report_date, source_id) VALUES (52000, 'kossan', 'FY03', 'annual', 2003, NULL, 'MYR', 'MYR millions', '2003-12-31', 'glove-tracker-kossan');
INSERT OR REPLACE INTO financial_fact (period_id, concept, value, source_id) VALUES
  (52000, 'Revenue', 180.9, 'glove-tracker-kossan'),
  (52000, 'NetIncome', 16.8, 'glove-tracker-kossan');
INSERT OR REPLACE INTO financial_period (id, company_id, period_label, period_type, fiscal_year, fiscal_quarter, currency, unit, report_date, source_id) VALUES (52001, 'kossan', 'FY04', 'annual', 2004, NULL, 'MYR', 'MYR millions', '2004-12-31', 'glove-tracker-kossan');
INSERT OR REPLACE INTO financial_fact (period_id, concept, value, source_id) VALUES
  (52001, 'Revenue', 279.2, 'glove-tracker-kossan'),
  (52001, 'NetIncome', 22.7, 'glove-tracker-kossan');
INSERT OR REPLACE INTO financial_period (id, company_id, period_label, period_type, fiscal_year, fiscal_quarter, currency, unit, report_date, source_id) VALUES (52002, 'kossan', 'FY05', 'annual', 2005, NULL, 'MYR', 'MYR millions', '2005-12-31', 'glove-tracker-kossan');
INSERT OR REPLACE INTO financial_fact (period_id, concept, value, source_id) VALUES
  (52002, 'Revenue', 388, 'glove-tracker-kossan'),
  (52002, 'NetIncome', 29.1, 'glove-tracker-kossan');
INSERT OR REPLACE INTO financial_period (id, company_id, period_label, period_type, fiscal_year, fiscal_quarter, currency, unit, report_date, source_id) VALUES (52003, 'kossan', 'FY06', 'annual', 2006, NULL, 'MYR', 'MYR millions', '2006-12-31', 'glove-tracker-kossan');
INSERT OR REPLACE INTO financial_fact (period_id, concept, value, source_id) VALUES
  (52003, 'Revenue', 573.3, 'glove-tracker-kossan'),
  (52003, 'NetIncome', 39.6, 'glove-tracker-kossan');
INSERT OR REPLACE INTO financial_period (id, company_id, period_label, period_type, fiscal_year, fiscal_quarter, currency, unit, report_date, source_id) VALUES (52004, 'kossan', 'FY07', 'annual', 2007, NULL, 'MYR', 'MYR millions', '2007-12-31', 'glove-tracker-kossan');
INSERT OR REPLACE INTO financial_fact (period_id, concept, value, source_id) VALUES
  (52004, 'Revenue', 697.9, 'glove-tracker-kossan'),
  (52004, 'NetIncome', 60.2, 'glove-tracker-kossan');
INSERT OR REPLACE INTO financial_period (id, company_id, period_label, period_type, fiscal_year, fiscal_quarter, currency, unit, report_date, source_id) VALUES (52005, 'kossan', 'FY08', 'annual', 2008, NULL, 'MYR', 'MYR millions', '2008-12-31', 'glove-tracker-kossan');
INSERT OR REPLACE INTO financial_fact (period_id, concept, value, source_id) VALUES
  (52005, 'Revenue', 893, 'glove-tracker-kossan'),
  (52005, 'NetIncome', 59.4, 'glove-tracker-kossan');
INSERT OR REPLACE INTO financial_period (id, company_id, period_label, period_type, fiscal_year, fiscal_quarter, currency, unit, report_date, source_id) VALUES (52006, 'kossan', 'FY09', 'annual', 2009, NULL, 'MYR', 'MYR millions', '2009-12-31', 'glove-tracker-kossan');
INSERT OR REPLACE INTO financial_fact (period_id, concept, value, source_id) VALUES
  (52006, 'Revenue', 837, 'glove-tracker-kossan'),
  (52006, 'NetIncome', 67.2, 'glove-tracker-kossan');
INSERT OR REPLACE INTO financial_period (id, company_id, period_label, period_type, fiscal_year, fiscal_quarter, currency, unit, report_date, source_id) VALUES (52007, 'kossan', 'FY10', 'annual', 2010, NULL, 'MYR', 'MYR millions', '2010-12-31', 'glove-tracker-kossan');
INSERT OR REPLACE INTO financial_fact (period_id, concept, value, source_id) VALUES
  (52007, 'Revenue', 1047.9, 'glove-tracker-kossan'),
  (52007, 'NetIncome', 118.5, 'glove-tracker-kossan');
INSERT OR REPLACE INTO financial_period (id, company_id, period_label, period_type, fiscal_year, fiscal_quarter, currency, unit, report_date, source_id) VALUES (52008, 'kossan', 'FY11', 'annual', 2011, NULL, 'MYR', 'MYR millions', '2011-12-31', 'glove-tracker-kossan');
INSERT OR REPLACE INTO financial_fact (period_id, concept, value, source_id) VALUES
  (52008, 'Revenue', 1092, 'glove-tracker-kossan'),
  (52008, 'NetIncome', 91.8, 'glove-tracker-kossan');
INSERT OR REPLACE INTO financial_period (id, company_id, period_label, period_type, fiscal_year, fiscal_quarter, currency, unit, report_date, source_id) VALUES (52009, 'kossan', 'FY12', 'annual', 2012, NULL, 'MYR', 'MYR millions', '2012-12-31', 'glove-tracker-kossan');
INSERT OR REPLACE INTO financial_fact (period_id, concept, value, source_id) VALUES
  (52009, 'Revenue', 1235.5, 'glove-tracker-kossan'),
  (52009, 'NetIncome', 104.5, 'glove-tracker-kossan');
INSERT OR REPLACE INTO financial_period (id, company_id, period_label, period_type, fiscal_year, fiscal_quarter, currency, unit, report_date, source_id) VALUES (52010, 'kossan', 'FY13', 'annual', 2013, NULL, 'MYR', 'MYR millions', '2013-12-31', 'glove-tracker-kossan');
INSERT OR REPLACE INTO financial_fact (period_id, concept, value, source_id) VALUES
  (52010, 'Revenue', 1309.8, 'glove-tracker-kossan'),
  (52010, 'NetIncome', 140.7, 'glove-tracker-kossan');
INSERT OR REPLACE INTO financial_period (id, company_id, period_label, period_type, fiscal_year, fiscal_quarter, currency, unit, report_date, source_id) VALUES (52011, 'kossan', 'FY14', 'annual', 2014, NULL, 'MYR', 'MYR millions', '2014-12-31', 'glove-tracker-kossan');
INSERT OR REPLACE INTO financial_fact (period_id, concept, value, source_id) VALUES
  (52011, 'Revenue', 1299.4, 'glove-tracker-kossan'),
  (52011, 'NetIncome', 143.7, 'glove-tracker-kossan');
INSERT OR REPLACE INTO financial_period (id, company_id, period_label, period_type, fiscal_year, fiscal_quarter, currency, unit, report_date, source_id) VALUES (52012, 'kossan', 'FY15', 'annual', 2015, NULL, 'MYR', 'MYR millions', '2015-12-31', 'glove-tracker-kossan');
INSERT OR REPLACE INTO financial_fact (period_id, concept, value, source_id) VALUES
  (52012, 'Revenue', 1636, 'glove-tracker-kossan'),
  (52012, 'NetIncome', 203.3, 'glove-tracker-kossan');
INSERT OR REPLACE INTO financial_period (id, company_id, period_label, period_type, fiscal_year, fiscal_quarter, currency, unit, report_date, source_id) VALUES (52013, 'kossan', 'FY16', 'annual', 2016, NULL, 'MYR', 'MYR millions', '2016-12-31', 'glove-tracker-kossan');
INSERT OR REPLACE INTO financial_fact (period_id, concept, value, source_id) VALUES
  (52013, 'Revenue', 1668.3, 'glove-tracker-kossan'),
  (52013, 'NetIncome', 170.9, 'glove-tracker-kossan');
INSERT OR REPLACE INTO financial_period (id, company_id, period_label, period_type, fiscal_year, fiscal_quarter, currency, unit, report_date, source_id) VALUES (52014, 'kossan', 'FY17', 'annual', 2017, NULL, 'MYR', 'MYR millions', '2017-12-31', 'glove-tracker-kossan');
INSERT OR REPLACE INTO financial_fact (period_id, concept, value, source_id) VALUES
  (52014, 'Revenue', 1957.5, 'glove-tracker-kossan'),
  (52014, 'NetIncome', 184.2, 'glove-tracker-kossan');
INSERT OR REPLACE INTO financial_period (id, company_id, period_label, period_type, fiscal_year, fiscal_quarter, currency, unit, report_date, source_id) VALUES (52015, 'kossan', 'FY18', 'annual', 2018, NULL, 'MYR', 'MYR millions', '2018-12-31', 'glove-tracker-kossan');
INSERT OR REPLACE INTO financial_fact (period_id, concept, value, source_id) VALUES
  (52015, 'Revenue', 2144.3, 'glove-tracker-kossan'),
  (52015, 'NetIncome', 203.6, 'glove-tracker-kossan');
INSERT OR REPLACE INTO financial_period (id, company_id, period_label, period_type, fiscal_year, fiscal_quarter, currency, unit, report_date, source_id) VALUES (52016, 'kossan', 'FY19', 'annual', 2019, NULL, 'MYR', 'MYR millions', '2019-12-31', 'glove-tracker-kossan');
INSERT OR REPLACE INTO financial_fact (period_id, concept, value, source_id) VALUES
  (52016, 'Revenue', 2221.6, 'glove-tracker-kossan'),
  (52016, 'NetIncome', 224.8, 'glove-tracker-kossan');
INSERT OR REPLACE INTO financial_period (id, company_id, period_label, period_type, fiscal_year, fiscal_quarter, currency, unit, report_date, source_id) VALUES (52017, 'kossan', 'FY20', 'annual', 2020, NULL, 'MYR', 'MYR millions', '2020-12-31', 'glove-tracker-kossan');
INSERT OR REPLACE INTO financial_fact (period_id, concept, value, source_id) VALUES
  (52017, 'Revenue', 3613.2, 'glove-tracker-kossan'),
  (52017, 'NetIncome', 1087.1, 'glove-tracker-kossan');
INSERT OR REPLACE INTO financial_period (id, company_id, period_label, period_type, fiscal_year, fiscal_quarter, currency, unit, report_date, source_id) VALUES (52018, 'kossan', 'FY21', 'annual', 2021, NULL, 'MYR', 'MYR millions', '2021-12-31', 'glove-tracker-kossan');
INSERT OR REPLACE INTO financial_fact (period_id, concept, value, source_id) VALUES
  (52018, 'Revenue', 6624.6, 'glove-tracker-kossan'),
  (52018, 'NetIncome', 2846.9, 'glove-tracker-kossan');
INSERT OR REPLACE INTO financial_period (id, company_id, period_label, period_type, fiscal_year, fiscal_quarter, currency, unit, report_date, source_id) VALUES (52019, 'kossan', 'FY22', 'annual', 2022, NULL, 'MYR', 'MYR millions', '2022-12-31', 'glove-tracker-kossan');
INSERT OR REPLACE INTO financial_fact (period_id, concept, value, source_id) VALUES
  (52019, 'Revenue', 2322.4, 'glove-tracker-kossan'),
  (52019, 'NetIncome', 156.9, 'glove-tracker-kossan');
INSERT OR REPLACE INTO financial_period (id, company_id, period_label, period_type, fiscal_year, fiscal_quarter, currency, unit, report_date, source_id) VALUES (52020, 'kossan', 'FY23', 'annual', 2023, NULL, 'MYR', 'MYR millions', '2023-12-31', 'glove-tracker-kossan');
INSERT OR REPLACE INTO financial_fact (period_id, concept, value, source_id) VALUES
  (52020, 'Revenue', 1585.8, 'glove-tracker-kossan'),
  (52020, 'NetIncome', 14.206, 'glove-tracker-kossan');
INSERT OR REPLACE INTO financial_period (id, company_id, period_label, period_type, fiscal_year, fiscal_quarter, currency, unit, report_date, source_id) VALUES (52021, 'kossan', 'FY24', 'annual', 2024, NULL, 'MYR', 'MYR millions', '2024-12-31', 'glove-tracker-kossan');
INSERT OR REPLACE INTO financial_fact (period_id, concept, value, source_id) VALUES
  (52021, 'Revenue', 1906.82, 'glove-tracker-kossan'),
  (52021, 'OperatingIncome', 159.407, 'glove-tracker-kossan'),
  (52021, 'NetIncome', 119.933, 'glove-tracker-kossan');
INSERT OR REPLACE INTO financial_period (id, company_id, period_label, period_type, fiscal_year, fiscal_quarter, currency, unit, report_date, source_id) VALUES (52022, 'kossan', 'FY25', 'annual', 2025, NULL, 'MYR', 'MYR millions', '2025-12-31', 'glove-tracker-kossan');
INSERT OR REPLACE INTO financial_fact (period_id, concept, value, source_id) VALUES
  (52022, 'Revenue', 1748.003, 'glove-tracker-kossan'),
  (52022, 'OperatingIncome', 176.48, 'glove-tracker-kossan'),
  (52022, 'NetIncome', 151.307, 'glove-tracker-kossan');
INSERT OR REPLACE INTO source (id, kind, name, url, retrieved_at, note) VALUES ('glove-tracker-supermax', 'glove-tracker', 'glove-tracker import — Supermax Corporation Bursa quarterly reports', 'https://www.bursamalaysia.com', '2026-04-20', 'Imported from weisiang329-eng/glove-tracker (data/fund.json, is_mock=0 rows only). Original source: Bursa Malaysia quarterly report PDFs, auto-parsed. See apps/api/seed/glove/fundamentals.json for per-row provenance.');
INSERT OR REPLACE INTO company (id, name, ticker, exchange, segment, country, industry_id, description, reporting_currency) VALUES ('supermax', 'Supermax Corporation', 'SUPERMX', 'Bursa Malaysia', 'Rubber Gloves', 'Malaysia', 'rubber-gloves', 'Own-brand distribution model (Bursa 7106) — direct channels in North America and Europe.', 'MYR');
INSERT OR REPLACE INTO financial_period (id, company_id, period_label, period_type, fiscal_year, fiscal_quarter, currency, unit, report_date, source_id) VALUES (23000, 'supermax', 'Q3 FY02', 'quarter', 2002, 3, 'MYR', 'MYR millions', '2002-09-30', 'glove-tracker-supermax');
INSERT OR REPLACE INTO financial_fact (period_id, concept, value, source_id) VALUES
  (23000, 'Revenue', 22.4, 'glove-tracker-supermax'),
  (23000, 'NetIncome', 2.4, 'glove-tracker-supermax');
INSERT OR REPLACE INTO financial_period (id, company_id, period_label, period_type, fiscal_year, fiscal_quarter, currency, unit, report_date, source_id) VALUES (23001, 'supermax', 'Q4 FY02', 'quarter', 2002, 4, 'MYR', 'MYR millions', '2002-12-31', 'glove-tracker-supermax');
INSERT OR REPLACE INTO financial_fact (period_id, concept, value, source_id) VALUES
  (23001, 'Revenue', 29.8, 'glove-tracker-supermax'),
  (23001, 'NetIncome', 1.9, 'glove-tracker-supermax');
INSERT OR REPLACE INTO financial_period (id, company_id, period_label, period_type, fiscal_year, fiscal_quarter, currency, unit, report_date, source_id) VALUES (23002, 'supermax', 'Q1 FY03', 'quarter', 2003, 1, 'MYR', 'MYR millions', '2003-03-31', 'glove-tracker-supermax');
INSERT OR REPLACE INTO financial_fact (period_id, concept, value, source_id) VALUES
  (23002, 'Revenue', 31.1, 'glove-tracker-supermax'),
  (23002, 'NetIncome', 3.2, 'glove-tracker-supermax');
INSERT OR REPLACE INTO financial_period (id, company_id, period_label, period_type, fiscal_year, fiscal_quarter, currency, unit, report_date, source_id) VALUES (23003, 'supermax', 'Q2 FY03', 'quarter', 2003, 2, 'MYR', 'MYR millions', '2003-06-30', 'glove-tracker-supermax');
INSERT OR REPLACE INTO financial_fact (period_id, concept, value, source_id) VALUES
  (23003, 'Revenue', 32.2, 'glove-tracker-supermax'),
  (23003, 'NetIncome', 4.2, 'glove-tracker-supermax');
INSERT OR REPLACE INTO financial_period (id, company_id, period_label, period_type, fiscal_year, fiscal_quarter, currency, unit, report_date, source_id) VALUES (23004, 'supermax', 'Q3 FY03', 'quarter', 2003, 3, 'MYR', 'MYR millions', '2003-09-30', 'glove-tracker-supermax');
INSERT OR REPLACE INTO financial_fact (period_id, concept, value, source_id) VALUES
  (23004, 'Revenue', 34.8, 'glove-tracker-supermax'),
  (23004, 'NetIncome', 4.5, 'glove-tracker-supermax');
INSERT OR REPLACE INTO financial_period (id, company_id, period_label, period_type, fiscal_year, fiscal_quarter, currency, unit, report_date, source_id) VALUES (23005, 'supermax', 'Q4 FY03', 'quarter', 2003, 4, 'MYR', 'MYR millions', '2003-12-31', 'glove-tracker-supermax');
INSERT OR REPLACE INTO financial_fact (period_id, concept, value, source_id) VALUES
  (23005, 'Revenue', 43.1, 'glove-tracker-supermax'),
  (23005, 'NetIncome', 5.2, 'glove-tracker-supermax');
INSERT OR REPLACE INTO financial_period (id, company_id, period_label, period_type, fiscal_year, fiscal_quarter, currency, unit, report_date, source_id) VALUES (23006, 'supermax', 'Q1 FY04', 'quarter', 2004, 1, 'MYR', 'MYR millions', '2004-03-31', 'glove-tracker-supermax');
INSERT OR REPLACE INTO financial_fact (period_id, concept, value, source_id) VALUES
  (23006, 'Revenue', 43.6, 'glove-tracker-supermax'),
  (23006, 'NetIncome', 5.6, 'glove-tracker-supermax');
INSERT OR REPLACE INTO financial_period (id, company_id, period_label, period_type, fiscal_year, fiscal_quarter, currency, unit, report_date, source_id) VALUES (23007, 'supermax', 'Q2 FY04', 'quarter', 2004, 2, 'MYR', 'MYR millions', '2004-06-30', 'glove-tracker-supermax');
INSERT OR REPLACE INTO financial_fact (period_id, concept, value, source_id) VALUES
  (23007, 'Revenue', 48.8, 'glove-tracker-supermax'),
  (23007, 'NetIncome', 5.7, 'glove-tracker-supermax');
INSERT OR REPLACE INTO financial_period (id, company_id, period_label, period_type, fiscal_year, fiscal_quarter, currency, unit, report_date, source_id) VALUES (23008, 'supermax', 'Q3 FY04', 'quarter', 2004, 3, 'MYR', 'MYR millions', '2004-09-30', 'glove-tracker-supermax');
INSERT OR REPLACE INTO financial_fact (period_id, concept, value, source_id) VALUES
  (23008, 'Revenue', 57.5, 'glove-tracker-supermax'),
  (23008, 'NetIncome', 8, 'glove-tracker-supermax');
INSERT OR REPLACE INTO financial_period (id, company_id, period_label, period_type, fiscal_year, fiscal_quarter, currency, unit, report_date, source_id) VALUES (23009, 'supermax', 'Q4 FY04', 'quarter', 2004, 4, 'MYR', 'MYR millions', '2004-12-31', 'glove-tracker-supermax');
INSERT OR REPLACE INTO financial_fact (period_id, concept, value, source_id) VALUES
  (23009, 'Revenue', 69.5, 'glove-tracker-supermax'),
  (23009, 'NetIncome', 9.2, 'glove-tracker-supermax');
INSERT OR REPLACE INTO financial_period (id, company_id, period_label, period_type, fiscal_year, fiscal_quarter, currency, unit, report_date, source_id) VALUES (23010, 'supermax', 'Q1 FY05', 'quarter', 2005, 1, 'MYR', 'MYR millions', '2005-03-31', 'glove-tracker-supermax');
INSERT OR REPLACE INTO financial_fact (period_id, concept, value, source_id) VALUES
  (23010, 'Revenue', 62.2, 'glove-tracker-supermax'),
  (23010, 'NetIncome', 7.5, 'glove-tracker-supermax');
INSERT OR REPLACE INTO financial_period (id, company_id, period_label, period_type, fiscal_year, fiscal_quarter, currency, unit, report_date, source_id) VALUES (23011, 'supermax', 'Q2 FY05', 'quarter', 2005, 2, 'MYR', 'MYR millions', '2005-06-30', 'glove-tracker-supermax');
INSERT OR REPLACE INTO financial_fact (period_id, concept, value, source_id) VALUES
  (23011, 'Revenue', 66, 'glove-tracker-supermax'),
  (23011, 'NetIncome', 10.9, 'glove-tracker-supermax');
INSERT OR REPLACE INTO financial_period (id, company_id, period_label, period_type, fiscal_year, fiscal_quarter, currency, unit, report_date, source_id) VALUES (23012, 'supermax', 'Q3 FY05', 'quarter', 2005, 3, 'MYR', 'MYR millions', '2005-09-30', 'glove-tracker-supermax');
INSERT OR REPLACE INTO financial_fact (period_id, concept, value, source_id) VALUES
  (23012, 'Revenue', 73, 'glove-tracker-supermax'),
  (23012, 'NetIncome', 9, 'glove-tracker-supermax');
INSERT OR REPLACE INTO financial_period (id, company_id, period_label, period_type, fiscal_year, fiscal_quarter, currency, unit, report_date, source_id) VALUES (23013, 'supermax', 'Q4 FY05', 'quarter', 2005, 4, 'MYR', 'MYR millions', '2005-12-31', 'glove-tracker-supermax');
INSERT OR REPLACE INTO financial_fact (period_id, concept, value, source_id) VALUES
  (23013, 'Revenue', 87, 'glove-tracker-supermax'),
  (23013, 'NetIncome', 9.6, 'glove-tracker-supermax');
INSERT OR REPLACE INTO financial_period (id, company_id, period_label, period_type, fiscal_year, fiscal_quarter, currency, unit, report_date, source_id) VALUES (23014, 'supermax', 'Q1 FY06', 'quarter', 2006, 1, 'MYR', 'MYR millions', '2006-03-31', 'glove-tracker-supermax');
INSERT OR REPLACE INTO financial_fact (period_id, concept, value, source_id) VALUES
  (23014, 'Revenue', 85.7, 'glove-tracker-supermax'),
  (23014, 'NetIncome', 9, 'glove-tracker-supermax');
INSERT OR REPLACE INTO financial_period (id, company_id, period_label, period_type, fiscal_year, fiscal_quarter, currency, unit, report_date, source_id) VALUES (23015, 'supermax', 'Q2 FY06', 'quarter', 2006, 2, 'MYR', 'MYR millions', '2006-06-30', 'glove-tracker-supermax');
INSERT OR REPLACE INTO financial_fact (period_id, concept, value, source_id) VALUES
  (23015, 'Revenue', 89.4, 'glove-tracker-supermax'),
  (23015, 'NetIncome', 10.2, 'glove-tracker-supermax');
INSERT OR REPLACE INTO financial_period (id, company_id, period_label, period_type, fiscal_year, fiscal_quarter, currency, unit, report_date, source_id) VALUES (23016, 'supermax', 'Q3 FY06', 'quarter', 2006, 3, 'MYR', 'MYR millions', '2006-09-30', 'glove-tracker-supermax');
INSERT OR REPLACE INTO financial_fact (period_id, concept, value, source_id) VALUES
  (23016, 'Revenue', 102.1, 'glove-tracker-supermax'),
  (23016, 'NetIncome', 12, 'glove-tracker-supermax');
INSERT OR REPLACE INTO financial_period (id, company_id, period_label, period_type, fiscal_year, fiscal_quarter, currency, unit, report_date, source_id) VALUES (23017, 'supermax', 'Q4 FY06', 'quarter', 2006, 4, 'MYR', 'MYR millions', '2006-12-31', 'glove-tracker-supermax');
INSERT OR REPLACE INTO financial_fact (period_id, concept, value, source_id) VALUES
  (23017, 'Revenue', 112, 'glove-tracker-supermax'),
  (23017, 'NetIncome', 9.6, 'glove-tracker-supermax');
INSERT OR REPLACE INTO financial_period (id, company_id, period_label, period_type, fiscal_year, fiscal_quarter, currency, unit, report_date, source_id) VALUES (23018, 'supermax', 'Q1 FY07', 'quarter', 2007, 1, 'MYR', 'MYR millions', '2007-03-31', 'glove-tracker-supermax');
INSERT OR REPLACE INTO financial_fact (period_id, concept, value, source_id) VALUES
  (23018, 'Revenue', 115.6, 'glove-tracker-supermax'),
  (23018, 'NetIncome', 13.3, 'glove-tracker-supermax');
INSERT OR REPLACE INTO financial_period (id, company_id, period_label, period_type, fiscal_year, fiscal_quarter, currency, unit, report_date, source_id) VALUES (23019, 'supermax', 'Q2 FY07', 'quarter', 2007, 2, 'MYR', 'MYR millions', '2007-06-30', 'glove-tracker-supermax');
INSERT OR REPLACE INTO financial_fact (period_id, concept, value, source_id) VALUES
  (23019, 'Revenue', 129.4, 'glove-tracker-supermax'),
  (23019, 'NetIncome', 15, 'glove-tracker-supermax');
INSERT OR REPLACE INTO financial_period (id, company_id, period_label, period_type, fiscal_year, fiscal_quarter, currency, unit, report_date, source_id) VALUES (23020, 'supermax', 'Q3 FY07', 'quarter', 2007, 3, 'MYR', 'MYR millions', '2007-09-30', 'glove-tracker-supermax');
INSERT OR REPLACE INTO financial_fact (period_id, concept, value, source_id) VALUES
  (23020, 'Revenue', 148.3, 'glove-tracker-supermax'),
  (23020, 'NetIncome', 15.2, 'glove-tracker-supermax');
INSERT OR REPLACE INTO financial_period (id, company_id, period_label, period_type, fiscal_year, fiscal_quarter, currency, unit, report_date, source_id) VALUES (23021, 'supermax', 'Q4 FY07', 'quarter', 2007, 4, 'MYR', 'MYR millions', '2007-12-31', 'glove-tracker-supermax');
INSERT OR REPLACE INTO financial_fact (period_id, concept, value, source_id) VALUES
  (23021, 'Revenue', 188.8, 'glove-tracker-supermax'),
  (23021, 'NetIncome', 15.5, 'glove-tracker-supermax');
INSERT OR REPLACE INTO financial_period (id, company_id, period_label, period_type, fiscal_year, fiscal_quarter, currency, unit, report_date, source_id) VALUES (23022, 'supermax', 'Q1 FY08', 'quarter', 2008, 1, 'MYR', 'MYR millions', '2008-03-31', 'glove-tracker-supermax');
INSERT OR REPLACE INTO financial_fact (period_id, concept, value, source_id) VALUES
  (23022, 'Revenue', 191.5, 'glove-tracker-supermax'),
  (23022, 'NetIncome', 15.7, 'glove-tracker-supermax');
INSERT OR REPLACE INTO financial_period (id, company_id, period_label, period_type, fiscal_year, fiscal_quarter, currency, unit, report_date, source_id) VALUES (23023, 'supermax', 'Q2 FY08', 'quarter', 2008, 2, 'MYR', 'MYR millions', '2008-06-30', 'glove-tracker-supermax');
INSERT OR REPLACE INTO financial_fact (period_id, concept, value, source_id) VALUES
  (23023, 'Revenue', 193.3, 'glove-tracker-supermax'),
  (23023, 'NetIncome', 13.8, 'glove-tracker-supermax');
INSERT OR REPLACE INTO financial_period (id, company_id, period_label, period_type, fiscal_year, fiscal_quarter, currency, unit, report_date, source_id) VALUES (23024, 'supermax', 'Q3 FY08', 'quarter', 2008, 3, 'MYR', 'MYR millions', '2008-09-30', 'glove-tracker-supermax');
INSERT OR REPLACE INTO financial_fact (period_id, concept, value, source_id) VALUES
  (23024, 'Revenue', 244.3, 'glove-tracker-supermax'),
  (23024, 'NetIncome', 15.5, 'glove-tracker-supermax');
INSERT OR REPLACE INTO financial_period (id, company_id, period_label, period_type, fiscal_year, fiscal_quarter, currency, unit, report_date, source_id) VALUES (23025, 'supermax', 'Q4 FY08', 'quarter', 2008, 4, 'MYR', 'MYR millions', '2008-12-31', 'glove-tracker-supermax');
INSERT OR REPLACE INTO financial_fact (period_id, concept, value, source_id) VALUES
  (23025, 'Revenue', 204.4, 'glove-tracker-supermax'),
  (23025, 'NetIncome', 1.5, 'glove-tracker-supermax');
INSERT OR REPLACE INTO financial_period (id, company_id, period_label, period_type, fiscal_year, fiscal_quarter, currency, unit, report_date, source_id) VALUES (23026, 'supermax', 'Q1 FY09', 'quarter', 2009, 1, 'MYR', 'MYR millions', '2009-03-31', 'glove-tracker-supermax');
INSERT OR REPLACE INTO financial_fact (period_id, concept, value, source_id) VALUES
  (23026, 'Revenue', 192.4, 'glove-tracker-supermax'),
  (23026, 'NetIncome', 19.7, 'glove-tracker-supermax');
INSERT OR REPLACE INTO financial_period (id, company_id, period_label, period_type, fiscal_year, fiscal_quarter, currency, unit, report_date, source_id) VALUES (23027, 'supermax', 'Q2 FY09', 'quarter', 2009, 2, 'MYR', 'MYR millions', '2009-06-30', 'glove-tracker-supermax');
INSERT OR REPLACE INTO financial_fact (period_id, concept, value, source_id) VALUES
  (23027, 'Revenue', 188.5, 'glove-tracker-supermax'),
  (23027, 'NetIncome', 25.8, 'glove-tracker-supermax');
INSERT OR REPLACE INTO financial_period (id, company_id, period_label, period_type, fiscal_year, fiscal_quarter, currency, unit, report_date, source_id) VALUES (23028, 'supermax', 'Q3 FY09', 'quarter', 2009, 3, 'MYR', 'MYR millions', '2009-09-30', 'glove-tracker-supermax');
INSERT OR REPLACE INTO financial_fact (period_id, concept, value, source_id) VALUES
  (23028, 'Revenue', 237.6, 'glove-tracker-supermax'),
  (23028, 'NetIncome', 40.2, 'glove-tracker-supermax');
INSERT OR REPLACE INTO financial_period (id, company_id, period_label, period_type, fiscal_year, fiscal_quarter, currency, unit, report_date, source_id) VALUES (23029, 'supermax', 'Q4 FY09', 'quarter', 2009, 4, 'MYR', 'MYR millions', '2009-12-31', 'glove-tracker-supermax');
INSERT OR REPLACE INTO financial_fact (period_id, concept, value, source_id) VALUES
  (23029, 'Revenue', 196.4, 'glove-tracker-supermax'),
  (23029, 'NetIncome', 44.1, 'glove-tracker-supermax');
INSERT OR REPLACE INTO financial_period (id, company_id, period_label, period_type, fiscal_year, fiscal_quarter, currency, unit, report_date, source_id) VALUES (23030, 'supermax', 'Q1 FY10', 'quarter', 2010, 1, 'MYR', 'MYR millions', '2010-03-31', 'glove-tracker-supermax');
INSERT OR REPLACE INTO financial_fact (period_id, concept, value, source_id) VALUES
  (23030, 'Revenue', 220.7, 'glove-tracker-supermax'),
  (23030, 'NetIncome', 51.5, 'glove-tracker-supermax');
INSERT OR REPLACE INTO financial_period (id, company_id, period_label, period_type, fiscal_year, fiscal_quarter, currency, unit, report_date, source_id) VALUES (23031, 'supermax', 'Q2 FY10', 'quarter', 2010, 2, 'MYR', 'MYR millions', '2010-06-30', 'glove-tracker-supermax');
INSERT OR REPLACE INTO financial_fact (period_id, concept, value, source_id) VALUES
  (23031, 'Revenue', 234.8, 'glove-tracker-supermax'),
  (23031, 'NetIncome', 45.9, 'glove-tracker-supermax');
INSERT OR REPLACE INTO financial_period (id, company_id, period_label, period_type, fiscal_year, fiscal_quarter, currency, unit, report_date, source_id) VALUES (23032, 'supermax', 'Q3 FY10', 'quarter', 2010, 3, 'MYR', 'MYR millions', '2010-09-30', 'glove-tracker-supermax');
INSERT OR REPLACE INTO financial_fact (period_id, concept, value, source_id) VALUES
  (23032, 'Revenue', 235.1, 'glove-tracker-supermax'),
  (23032, 'NetIncome', 38.1, 'glove-tracker-supermax');
INSERT OR REPLACE INTO financial_period (id, company_id, period_label, period_type, fiscal_year, fiscal_quarter, currency, unit, report_date, source_id) VALUES (23033, 'supermax', 'Q4 FY10', 'quarter', 2010, 4, 'MYR', 'MYR millions', '2010-12-31', 'glove-tracker-supermax');
INSERT OR REPLACE INTO financial_fact (period_id, concept, value, source_id) VALUES
  (23033, 'Revenue', 232.7, 'glove-tracker-supermax'),
  (23033, 'NetIncome', 32.7, 'glove-tracker-supermax');
INSERT OR REPLACE INTO financial_period (id, company_id, period_label, period_type, fiscal_year, fiscal_quarter, currency, unit, report_date, source_id) VALUES (23034, 'supermax', 'Q1 FY11', 'quarter', 2011, 1, 'MYR', 'MYR millions', '2011-03-31', 'glove-tracker-supermax');
INSERT OR REPLACE INTO financial_fact (period_id, concept, value, source_id) VALUES
  (23034, 'Revenue', 241.4, 'glove-tracker-supermax'),
  (23034, 'NetIncome', 24.4, 'glove-tracker-supermax');
INSERT OR REPLACE INTO financial_period (id, company_id, period_label, period_type, fiscal_year, fiscal_quarter, currency, unit, report_date, source_id) VALUES (23035, 'supermax', 'Q2 FY11', 'quarter', 2011, 2, 'MYR', 'MYR millions', '2011-06-30', 'glove-tracker-supermax');
INSERT OR REPLACE INTO financial_fact (period_id, concept, value, source_id) VALUES
  (23035, 'Revenue', 237.9, 'glove-tracker-supermax'),
  (23035, 'NetIncome', 22.6, 'glove-tracker-supermax');
INSERT OR REPLACE INTO financial_period (id, company_id, period_label, period_type, fiscal_year, fiscal_quarter, currency, unit, report_date, source_id) VALUES (23036, 'supermax', 'Q3 FY11', 'quarter', 2011, 3, 'MYR', 'MYR millions', '2011-09-30', 'glove-tracker-supermax');
INSERT OR REPLACE INTO financial_fact (period_id, concept, value, source_id) VALUES
  (23036, 'Revenue', 271.4, 'glove-tracker-supermax'),
  (23036, 'NetIncome', 30.9, 'glove-tracker-supermax');
INSERT OR REPLACE INTO financial_period (id, company_id, period_label, period_type, fiscal_year, fiscal_quarter, currency, unit, report_date, source_id) VALUES (23037, 'supermax', 'Q4 FY11', 'quarter', 2011, 4, 'MYR', 'MYR millions', '2011-12-31', 'glove-tracker-supermax');
INSERT OR REPLACE INTO financial_fact (period_id, concept, value, source_id) VALUES
  (23037, 'Revenue', 276.2, 'glove-tracker-supermax'),
  (23037, 'NetIncome', 28.2, 'glove-tracker-supermax');
INSERT OR REPLACE INTO financial_period (id, company_id, period_label, period_type, fiscal_year, fiscal_quarter, currency, unit, report_date, source_id) VALUES (23038, 'supermax', 'Q1 FY12', 'quarter', 2012, 1, 'MYR', 'MYR millions', '2012-03-31', 'glove-tracker-supermax');
INSERT OR REPLACE INTO financial_fact (period_id, concept, value, source_id) VALUES
  (23038, 'Revenue', 248.5, 'glove-tracker-supermax'),
  (23038, 'NetIncome', 28, 'glove-tracker-supermax');
INSERT OR REPLACE INTO financial_period (id, company_id, period_label, period_type, fiscal_year, fiscal_quarter, currency, unit, report_date, source_id) VALUES (23039, 'supermax', 'Q2 FY12', 'quarter', 2012, 2, 'MYR', 'MYR millions', '2012-06-30', 'glove-tracker-supermax');
INSERT OR REPLACE INTO financial_fact (period_id, concept, value, source_id) VALUES
  (23039, 'Revenue', 232.1, 'glove-tracker-supermax'),
  (23039, 'NetIncome', 30, 'glove-tracker-supermax');
INSERT OR REPLACE INTO financial_period (id, company_id, period_label, period_type, fiscal_year, fiscal_quarter, currency, unit, report_date, source_id) VALUES (23040, 'supermax', 'Q3 FY12', 'quarter', 2012, 3, 'MYR', 'MYR millions', '2012-09-30', 'glove-tracker-supermax');
INSERT OR REPLACE INTO financial_fact (period_id, concept, value, source_id) VALUES
  (23040, 'Revenue', 245.5, 'glove-tracker-supermax'),
  (23040, 'NetIncome', 31.6, 'glove-tracker-supermax');
INSERT OR REPLACE INTO financial_period (id, company_id, period_label, period_type, fiscal_year, fiscal_quarter, currency, unit, report_date, source_id) VALUES (23041, 'supermax', 'Q4 FY12', 'quarter', 2012, 4, 'MYR', 'MYR millions', '2012-12-31', 'glove-tracker-supermax');
INSERT OR REPLACE INTO financial_fact (period_id, concept, value, source_id) VALUES
  (23041, 'Revenue', 322.3, 'glove-tracker-supermax'),
  (23041, 'NetIncome', 32.1, 'glove-tracker-supermax');
INSERT OR REPLACE INTO financial_period (id, company_id, period_label, period_type, fiscal_year, fiscal_quarter, currency, unit, report_date, source_id) VALUES (23042, 'supermax', 'Q1 FY13', 'quarter', 2013, 1, 'MYR', 'MYR millions', '2013-03-31', 'glove-tracker-supermax');
INSERT OR REPLACE INTO financial_fact (period_id, concept, value, source_id) VALUES
  (23042, 'Revenue', 320.5, 'glove-tracker-supermax'),
  (23042, 'NetIncome', 31.8, 'glove-tracker-supermax');
INSERT OR REPLACE INTO financial_period (id, company_id, period_label, period_type, fiscal_year, fiscal_quarter, currency, unit, report_date, source_id) VALUES (23043, 'supermax', 'Q2 FY13', 'quarter', 2013, 2, 'MYR', 'MYR millions', '2013-06-30', 'glove-tracker-supermax');
INSERT OR REPLACE INTO financial_fact (period_id, concept, value, source_id) VALUES
  (23043, 'Revenue', 330, 'glove-tracker-supermax'),
  (23043, 'NetIncome', 35.5, 'glove-tracker-supermax');
INSERT OR REPLACE INTO financial_period (id, company_id, period_label, period_type, fiscal_year, fiscal_quarter, currency, unit, report_date, source_id) VALUES (23044, 'supermax', 'Q3 FY13', 'quarter', 2013, 3, 'MYR', 'MYR millions', '2013-09-30', 'glove-tracker-supermax');
INSERT OR REPLACE INTO financial_fact (period_id, concept, value, source_id) VALUES
  (23044, 'Revenue', 284.6, 'glove-tracker-supermax'),
  (23044, 'NetIncome', 35.8, 'glove-tracker-supermax');
INSERT OR REPLACE INTO financial_period (id, company_id, period_label, period_type, fiscal_year, fiscal_quarter, currency, unit, report_date, source_id) VALUES (23045, 'supermax', 'Q4 FY13', 'quarter', 2013, 4, 'MYR', 'MYR millions', '2013-12-31', 'glove-tracker-supermax');
INSERT OR REPLACE INTO financial_fact (period_id, concept, value, source_id) VALUES
  (23045, 'Revenue', 192.2, 'glove-tracker-supermax'),
  (23045, 'NetIncome', 25, 'glove-tracker-supermax');
INSERT OR REPLACE INTO financial_period (id, company_id, period_label, period_type, fiscal_year, fiscal_quarter, currency, unit, report_date, source_id) VALUES (23046, 'supermax', 'Q1 FY14', 'quarter', 2014, 1, 'MYR', 'MYR millions', '2014-03-31', 'glove-tracker-supermax');
INSERT OR REPLACE INTO financial_fact (period_id, concept, value, source_id) VALUES
  (23046, 'Revenue', 232.3, 'glove-tracker-supermax'),
  (23046, 'NetIncome', 26.6, 'glove-tracker-supermax');
INSERT OR REPLACE INTO financial_period (id, company_id, period_label, period_type, fiscal_year, fiscal_quarter, currency, unit, report_date, source_id) VALUES (23047, 'supermax', 'Q2 FY14', 'quarter', 2014, 2, 'MYR', 'MYR millions', '2014-06-30', 'glove-tracker-supermax');
INSERT OR REPLACE INTO financial_fact (period_id, concept, value, source_id) VALUES
  (23047, 'Revenue', 238.1, 'glove-tracker-supermax'),
  (23047, 'NetIncome', 26.8, 'glove-tracker-supermax');
INSERT OR REPLACE INTO financial_period (id, company_id, period_label, period_type, fiscal_year, fiscal_quarter, currency, unit, report_date, source_id) VALUES (23048, 'supermax', 'Q3 FY14', 'quarter', 2014, 3, 'MYR', 'MYR millions', '2014-09-30', 'glove-tracker-supermax');
INSERT OR REPLACE INTO financial_fact (period_id, concept, value, source_id) VALUES
  (23048, 'Revenue', 278.4, 'glove-tracker-supermax'),
  (23048, 'NetIncome', 27.8, 'glove-tracker-supermax');
INSERT OR REPLACE INTO financial_period (id, company_id, period_label, period_type, fiscal_year, fiscal_quarter, currency, unit, report_date, source_id) VALUES (23049, 'supermax', 'Q4 FY14', 'quarter', 2014, 4, 'MYR', 'MYR millions', '2014-12-31', 'glove-tracker-supermax');
INSERT OR REPLACE INTO financial_fact (period_id, concept, value, source_id) VALUES
  (23049, 'Revenue', 258.8, 'glove-tracker-supermax'),
  (23049, 'NetIncome', 20.1, 'glove-tracker-supermax');
INSERT OR REPLACE INTO financial_period (id, company_id, period_label, period_type, fiscal_year, fiscal_quarter, currency, unit, report_date, source_id) VALUES (23050, 'supermax', 'Q1 FY17', 'quarter', 2017, 1, 'MYR', 'MYR millions', '2016-09-30', 'glove-tracker-supermax');
INSERT OR REPLACE INTO financial_fact (period_id, concept, value, source_id) VALUES
  (23050, 'Revenue', 269, 'glove-tracker-supermax'),
  (23050, 'NetIncome', 19.5, 'glove-tracker-supermax');
INSERT OR REPLACE INTO financial_period (id, company_id, period_label, period_type, fiscal_year, fiscal_quarter, currency, unit, report_date, source_id) VALUES (23051, 'supermax', 'Q2 FY17', 'quarter', 2017, 2, 'MYR', 'MYR millions', '2016-12-31', 'glove-tracker-supermax');
INSERT OR REPLACE INTO financial_fact (period_id, concept, value, source_id) VALUES
  (23051, 'Revenue', 236.7, 'glove-tracker-supermax'),
  (23051, 'NetIncome', 22.6, 'glove-tracker-supermax');
INSERT OR REPLACE INTO financial_period (id, company_id, period_label, period_type, fiscal_year, fiscal_quarter, currency, unit, report_date, source_id) VALUES (23052, 'supermax', 'Q3 FY17', 'quarter', 2017, 3, 'MYR', 'MYR millions', '2017-03-31', 'glove-tracker-supermax');
INSERT OR REPLACE INTO financial_fact (period_id, concept, value, source_id) VALUES
  (23052, 'Revenue', 308.2, 'glove-tracker-supermax'),
  (23052, 'NetIncome', 19.8, 'glove-tracker-supermax');
INSERT OR REPLACE INTO financial_period (id, company_id, period_label, period_type, fiscal_year, fiscal_quarter, currency, unit, report_date, source_id) VALUES (23053, 'supermax', 'Q4 FY17', 'quarter', 2017, 4, 'MYR', 'MYR millions', '2017-06-30', 'glove-tracker-supermax');
INSERT OR REPLACE INTO financial_fact (period_id, concept, value, source_id) VALUES
  (23053, 'Revenue', 312.6, 'glove-tracker-supermax'),
  (23053, 'NetIncome', 8.3, 'glove-tracker-supermax');
INSERT OR REPLACE INTO financial_period (id, company_id, period_label, period_type, fiscal_year, fiscal_quarter, currency, unit, report_date, source_id) VALUES (23054, 'supermax', 'Q1 FY18', 'quarter', 2018, 1, 'MYR', 'MYR millions', '2017-09-30', 'glove-tracker-supermax');
INSERT OR REPLACE INTO financial_fact (period_id, concept, value, source_id) VALUES
  (23054, 'Revenue', 312, 'glove-tracker-supermax'),
  (23054, 'NetIncome', 27.9, 'glove-tracker-supermax');
INSERT OR REPLACE INTO financial_period (id, company_id, period_label, period_type, fiscal_year, fiscal_quarter, currency, unit, report_date, source_id) VALUES (23055, 'supermax', 'Q2 FY18', 'quarter', 2018, 2, 'MYR', 'MYR millions', '2017-12-31', 'glove-tracker-supermax');
INSERT OR REPLACE INTO financial_fact (period_id, concept, value, source_id) VALUES
  (23055, 'Revenue', 335.9, 'glove-tracker-supermax'),
  (23055, 'NetIncome', 35.9, 'glove-tracker-supermax');
INSERT OR REPLACE INTO financial_period (id, company_id, period_label, period_type, fiscal_year, fiscal_quarter, currency, unit, report_date, source_id) VALUES (23056, 'supermax', 'Q3 FY18', 'quarter', 2018, 3, 'MYR', 'MYR millions', '2018-03-31', 'glove-tracker-supermax');
INSERT OR REPLACE INTO financial_fact (period_id, concept, value, source_id) VALUES
  (23056, 'Revenue', 327.1, 'glove-tracker-supermax'),
  (23056, 'NetIncome', 33.4, 'glove-tracker-supermax');
INSERT OR REPLACE INTO financial_period (id, company_id, period_label, period_type, fiscal_year, fiscal_quarter, currency, unit, report_date, source_id) VALUES (23057, 'supermax', 'Q4 FY18', 'quarter', 2018, 4, 'MYR', 'MYR millions', '2018-06-30', 'glove-tracker-supermax');
INSERT OR REPLACE INTO financial_fact (period_id, concept, value, source_id) VALUES
  (23057, 'Revenue', 329.5, 'glove-tracker-supermax'),
  (23057, 'NetIncome', 9.8, 'glove-tracker-supermax');
INSERT OR REPLACE INTO financial_period (id, company_id, period_label, period_type, fiscal_year, fiscal_quarter, currency, unit, report_date, source_id) VALUES (23058, 'supermax', 'Q1 FY19', 'quarter', 2019, 1, 'MYR', 'MYR millions', '2018-09-30', 'glove-tracker-supermax');
INSERT OR REPLACE INTO financial_fact (period_id, concept, value, source_id) VALUES
  (23058, 'Revenue', 367.1, 'glove-tracker-supermax'),
  (23058, 'NetIncome', 35.9, 'glove-tracker-supermax');
INSERT OR REPLACE INTO financial_period (id, company_id, period_label, period_type, fiscal_year, fiscal_quarter, currency, unit, report_date, source_id) VALUES (23059, 'supermax', 'Q2 FY19', 'quarter', 2019, 2, 'MYR', 'MYR millions', '2018-12-31', 'glove-tracker-supermax');
INSERT OR REPLACE INTO financial_fact (period_id, concept, value, source_id) VALUES
  (23059, 'Revenue', 385.1, 'glove-tracker-supermax'),
  (23059, 'NetIncome', 38.1, 'glove-tracker-supermax');
INSERT OR REPLACE INTO financial_period (id, company_id, period_label, period_type, fiscal_year, fiscal_quarter, currency, unit, report_date, source_id) VALUES (23060, 'supermax', 'Q3 FY19', 'quarter', 2019, 3, 'MYR', 'MYR millions', '2019-03-31', 'glove-tracker-supermax');
INSERT OR REPLACE INTO financial_fact (period_id, concept, value, source_id) VALUES
  (23060, 'Revenue', 361.2, 'glove-tracker-supermax'),
  (23060, 'NetIncome', 34.6, 'glove-tracker-supermax');
INSERT OR REPLACE INTO financial_period (id, company_id, period_label, period_type, fiscal_year, fiscal_quarter, currency, unit, report_date, source_id) VALUES (23061, 'supermax', 'Q4 FY19', 'quarter', 2019, 4, 'MYR', 'MYR millions', '2019-06-30', 'glove-tracker-supermax');
INSERT OR REPLACE INTO financial_fact (period_id, concept, value, source_id) VALUES
  (23061, 'Revenue', 376, 'glove-tracker-supermax'),
  (23061, 'NetIncome', 15.1, 'glove-tracker-supermax');
INSERT OR REPLACE INTO financial_period (id, company_id, period_label, period_type, fiscal_year, fiscal_quarter, currency, unit, report_date, source_id) VALUES (23062, 'supermax', 'Q1 FY20', 'quarter', 2020, 1, 'MYR', 'MYR millions', '2019-09-30', 'glove-tracker-supermax');
INSERT OR REPLACE INTO financial_fact (period_id, concept, value, source_id) VALUES
  (23062, 'Revenue', 369.9, 'glove-tracker-supermax'),
  (23062, 'NetIncome', 24.7, 'glove-tracker-supermax');
INSERT OR REPLACE INTO financial_period (id, company_id, period_label, period_type, fiscal_year, fiscal_quarter, currency, unit, report_date, source_id) VALUES (23063, 'supermax', 'Q2 FY20', 'quarter', 2020, 2, 'MYR', 'MYR millions', '2019-12-31', 'glove-tracker-supermax');
INSERT OR REPLACE INTO financial_fact (period_id, concept, value, source_id) VALUES
  (23063, 'Revenue', 385.5, 'glove-tracker-supermax'),
  (23063, 'NetIncome', 30.2, 'glove-tracker-supermax');
INSERT OR REPLACE INTO financial_period (id, company_id, period_label, period_type, fiscal_year, fiscal_quarter, currency, unit, report_date, source_id) VALUES (23064, 'supermax', 'Q3 FY20', 'quarter', 2020, 3, 'MYR', 'MYR millions', '2020-03-31', 'glove-tracker-supermax');
INSERT OR REPLACE INTO financial_fact (period_id, concept, value, source_id) VALUES
  (23064, 'Revenue', 447.2, 'glove-tracker-supermax'),
  (23064, 'NetIncome', 71.1, 'glove-tracker-supermax');
INSERT OR REPLACE INTO financial_period (id, company_id, period_label, period_type, fiscal_year, fiscal_quarter, currency, unit, report_date, source_id) VALUES (23065, 'supermax', 'Q4 FY20', 'quarter', 2020, 4, 'MYR', 'MYR millions', '2020-06-30', 'glove-tracker-supermax');
INSERT OR REPLACE INTO financial_fact (period_id, concept, value, source_id) VALUES
  (23065, 'Revenue', 929.1, 'glove-tracker-supermax'),
  (23065, 'NetIncome', 399.6, 'glove-tracker-supermax');
INSERT OR REPLACE INTO financial_period (id, company_id, period_label, period_type, fiscal_year, fiscal_quarter, currency, unit, report_date, source_id) VALUES (23066, 'supermax', 'Q1 FY21', 'quarter', 2021, 1, 'MYR', 'MYR millions', '2020-09-30', 'glove-tracker-supermax');
INSERT OR REPLACE INTO financial_fact (period_id, concept, value, source_id) VALUES
  (23066, 'Revenue', 1400, 'glove-tracker-supermax'),
  (23066, 'NetIncome', 789.5, 'glove-tracker-supermax');
INSERT OR REPLACE INTO financial_period (id, company_id, period_label, period_type, fiscal_year, fiscal_quarter, currency, unit, report_date, source_id) VALUES (23067, 'supermax', 'Q2 FY21', 'quarter', 2021, 2, 'MYR', 'MYR millions', '2020-12-31', 'glove-tracker-supermax');
INSERT OR REPLACE INTO financial_fact (period_id, concept, value, source_id) VALUES
  (23067, 'Revenue', 2000, 'glove-tracker-supermax'),
  (23067, 'NetIncome', 1100, 'glove-tracker-supermax');
INSERT OR REPLACE INTO financial_period (id, company_id, period_label, period_type, fiscal_year, fiscal_quarter, currency, unit, report_date, source_id) VALUES (23068, 'supermax', 'Q3 FY21', 'quarter', 2021, 3, 'MYR', 'MYR millions', '2021-03-31', 'glove-tracker-supermax');
INSERT OR REPLACE INTO financial_fact (period_id, concept, value, source_id) VALUES
  (23068, 'Revenue', 1900, 'glove-tracker-supermax'),
  (23068, 'NetIncome', 1000, 'glove-tracker-supermax');
INSERT OR REPLACE INTO financial_period (id, company_id, period_label, period_type, fiscal_year, fiscal_quarter, currency, unit, report_date, source_id) VALUES (23069, 'supermax', 'Q4 FY21', 'quarter', 2021, 4, 'MYR', 'MYR millions', '2021-06-30', 'glove-tracker-supermax');
INSERT OR REPLACE INTO financial_fact (period_id, concept, value, source_id) VALUES
  (23069, 'Revenue', 1900, 'glove-tracker-supermax'),
  (23069, 'NetIncome', 958.7, 'glove-tracker-supermax');
INSERT OR REPLACE INTO financial_period (id, company_id, period_label, period_type, fiscal_year, fiscal_quarter, currency, unit, report_date, source_id) VALUES (23070, 'supermax', 'Q1 FY22', 'quarter', 2022, 1, 'MYR', 'MYR millions', '2021-09-30', 'glove-tracker-supermax');
INSERT OR REPLACE INTO financial_fact (period_id, concept, value, source_id) VALUES
  (23070, 'Revenue', 1500, 'glove-tracker-supermax'),
  (23070, 'NetIncome', 638.5, 'glove-tracker-supermax');
INSERT OR REPLACE INTO financial_period (id, company_id, period_label, period_type, fiscal_year, fiscal_quarter, currency, unit, report_date, source_id) VALUES (23071, 'supermax', 'Q2 FY22', 'quarter', 2022, 2, 'MYR', 'MYR millions', '2021-12-31', 'glove-tracker-supermax');
INSERT OR REPLACE INTO financial_fact (period_id, concept, value, source_id) VALUES
  (23071, 'Revenue', 523.5, 'glove-tracker-supermax'),
  (23071, 'NetIncome', 47.8, 'glove-tracker-supermax');
INSERT OR REPLACE INTO financial_period (id, company_id, period_label, period_type, fiscal_year, fiscal_quarter, currency, unit, report_date, source_id) VALUES (23072, 'supermax', 'Q3 FY22', 'quarter', 2022, 3, 'MYR', 'MYR millions', '2022-03-31', 'glove-tracker-supermax');
INSERT OR REPLACE INTO financial_fact (period_id, concept, value, source_id) VALUES
  (23072, 'Revenue', 407.8, 'glove-tracker-supermax'),
  (23072, 'NetIncome', 13, 'glove-tracker-supermax');
INSERT OR REPLACE INTO financial_period (id, company_id, period_label, period_type, fiscal_year, fiscal_quarter, currency, unit, report_date, source_id) VALUES (23073, 'supermax', 'Q4 FY22', 'quarter', 2022, 4, 'MYR', 'MYR millions', '2022-06-30', 'glove-tracker-supermax');
INSERT OR REPLACE INTO financial_fact (period_id, concept, value, source_id) VALUES
  (23073, 'Revenue', 300.2, 'glove-tracker-supermax'),
  (23073, 'NetIncome', 33.1, 'glove-tracker-supermax');
INSERT OR REPLACE INTO financial_period (id, company_id, period_label, period_type, fiscal_year, fiscal_quarter, currency, unit, report_date, source_id) VALUES (23074, 'supermax', 'Q1 FY23', 'quarter', 2023, 1, 'MYR', 'MYR millions', '2022-09-30', 'glove-tracker-supermax');
INSERT OR REPLACE INTO financial_fact (period_id, concept, value, source_id) VALUES
  (23074, 'Revenue', 248, 'glove-tracker-supermax'),
  (23074, 'NetIncome', 5.7, 'glove-tracker-supermax');
INSERT OR REPLACE INTO financial_period (id, company_id, period_label, period_type, fiscal_year, fiscal_quarter, currency, unit, report_date, source_id) VALUES (23075, 'supermax', 'Q2 FY23', 'quarter', 2023, 2, 'MYR', 'MYR millions', '2022-12-31', 'glove-tracker-supermax');
INSERT OR REPLACE INTO financial_fact (period_id, concept, value, source_id) VALUES
  (23075, 'Revenue', 174.8, 'glove-tracker-supermax'),
  (23075, 'NetIncome', -108.1, 'glove-tracker-supermax');
INSERT OR REPLACE INTO financial_period (id, company_id, period_label, period_type, fiscal_year, fiscal_quarter, currency, unit, report_date, source_id) VALUES (23076, 'supermax', 'Q3 FY23', 'quarter', 2023, 3, 'MYR', 'MYR millions', '2023-03-31', 'glove-tracker-supermax');
INSERT OR REPLACE INTO financial_fact (period_id, concept, value, source_id) VALUES
  (23076, 'Revenue', 175.7, 'glove-tracker-supermax'),
  (23076, 'NetIncome', -39.9, 'glove-tracker-supermax');
INSERT OR REPLACE INTO financial_period (id, company_id, period_label, period_type, fiscal_year, fiscal_quarter, currency, unit, report_date, source_id) VALUES (23077, 'supermax', 'Q4 FY23', 'quarter', 2023, 4, 'MYR', 'MYR millions', '2023-06-30', 'glove-tracker-supermax');
INSERT OR REPLACE INTO financial_fact (period_id, concept, value, source_id) VALUES
  (23077, 'Revenue', 223.4, 'glove-tracker-supermax'),
  (23077, 'NetIncome', -7.2, 'glove-tracker-supermax');
INSERT OR REPLACE INTO financial_period (id, company_id, period_label, period_type, fiscal_year, fiscal_quarter, currency, unit, report_date, source_id) VALUES (23078, 'supermax', 'Q1 FY24', 'quarter', 2024, 1, 'MYR', 'MYR millions', '2023-09-30', 'glove-tracker-supermax');
INSERT OR REPLACE INTO financial_fact (period_id, concept, value, source_id) VALUES
  (23078, 'Revenue', 178, 'glove-tracker-supermax'),
  (23078, 'NetIncome', -2.1, 'glove-tracker-supermax');
INSERT OR REPLACE INTO financial_period (id, company_id, period_label, period_type, fiscal_year, fiscal_quarter, currency, unit, report_date, source_id) VALUES (23079, 'supermax', 'Q2 FY24', 'quarter', 2024, 2, 'MYR', 'MYR millions', '2023-12-31', 'glove-tracker-supermax');
INSERT OR REPLACE INTO financial_fact (period_id, concept, value, source_id) VALUES
  (23079, 'Revenue', 145.6, 'glove-tracker-supermax'),
  (23079, 'NetIncome', -44.4, 'glove-tracker-supermax');
INSERT OR REPLACE INTO financial_period (id, company_id, period_label, period_type, fiscal_year, fiscal_quarter, currency, unit, report_date, source_id) VALUES (23080, 'supermax', 'Q3 FY24', 'quarter', 2024, 3, 'MYR', 'MYR millions', '2024-03-31', 'glove-tracker-supermax');
INSERT OR REPLACE INTO financial_fact (period_id, concept, value, source_id) VALUES
  (23080, 'Revenue', 143.01, 'glove-tracker-supermax'),
  (23080, 'OperatingIncome', 679.111, 'glove-tracker-supermax'),
  (23080, 'NetIncome', -0.686, 'glove-tracker-supermax');
INSERT OR REPLACE INTO financial_period (id, company_id, period_label, period_type, fiscal_year, fiscal_quarter, currency, unit, report_date, source_id) VALUES (23081, 'supermax', 'Q4 FY24', 'quarter', 2024, 4, 'MYR', 'MYR millions', '2024-06-30', 'glove-tracker-supermax');
INSERT OR REPLACE INTO financial_fact (period_id, concept, value, source_id) VALUES
  (23081, 'Revenue', 179.644, 'glove-tracker-supermax'),
  (23081, 'OperatingIncome', 679.111, 'glove-tracker-supermax'),
  (23081, 'NetIncome', -127.929, 'glove-tracker-supermax');
INSERT OR REPLACE INTO financial_period (id, company_id, period_label, period_type, fiscal_year, fiscal_quarter, currency, unit, report_date, source_id) VALUES (23082, 'supermax', 'Q1 FY25', 'quarter', 2025, 1, 'MYR', 'MYR millions', '2024-09-30', 'glove-tracker-supermax');
INSERT OR REPLACE INTO financial_fact (period_id, concept, value, source_id) VALUES
  (23082, 'Revenue', 224.65, 'glove-tracker-supermax'),
  (23082, 'OperatingIncome', 4993.056, 'glove-tracker-supermax'),
  (23082, 'NetIncome', -64.628, 'glove-tracker-supermax');
INSERT OR REPLACE INTO financial_period (id, company_id, period_label, period_type, fiscal_year, fiscal_quarter, currency, unit, report_date, source_id) VALUES (23083, 'supermax', 'Q2 FY25', 'quarter', 2025, 2, 'MYR', 'MYR millions', '2024-12-31', 'glove-tracker-supermax');
INSERT OR REPLACE INTO financial_fact (period_id, concept, value, source_id) VALUES
  (23083, 'Revenue', 198.787, 'glove-tracker-supermax'),
  (23083, 'OperatingIncome', 4993.056, 'glove-tracker-supermax'),
  (23083, 'NetIncome', -4.922, 'glove-tracker-supermax');
INSERT OR REPLACE INTO financial_period (id, company_id, period_label, period_type, fiscal_year, fiscal_quarter, currency, unit, report_date, source_id) VALUES (23084, 'supermax', 'Q3 FY25', 'quarter', 2025, 3, 'MYR', 'MYR millions', '2025-03-31', 'glove-tracker-supermax');
INSERT OR REPLACE INTO financial_fact (period_id, concept, value, source_id) VALUES
  (23084, 'Revenue', 203.668, 'glove-tracker-supermax'),
  (23084, 'NetIncome', -23.805, 'glove-tracker-supermax');
INSERT OR REPLACE INTO financial_period (id, company_id, period_label, period_type, fiscal_year, fiscal_quarter, currency, unit, report_date, source_id) VALUES (23085, 'supermax', 'Q4 FY25', 'quarter', 2025, 4, 'MYR', 'MYR millions', '2025-06-30', 'glove-tracker-supermax');
INSERT OR REPLACE INTO financial_fact (period_id, concept, value, source_id) VALUES
  (23085, 'Revenue', 154.745, 'glove-tracker-supermax'),
  (23085, 'NetIncome', -67.041, 'glove-tracker-supermax');
INSERT OR REPLACE INTO financial_period (id, company_id, period_label, period_type, fiscal_year, fiscal_quarter, currency, unit, report_date, source_id) VALUES (23086, 'supermax', 'Q1 FY26', 'quarter', 2026, 1, 'MYR', 'MYR millions', '2025-09-30', 'glove-tracker-supermax');
INSERT OR REPLACE INTO financial_fact (period_id, concept, value, source_id) VALUES
  (23086, 'Revenue', 205.564, 'glove-tracker-supermax'),
  (23086, 'NetIncome', -134.612, 'glove-tracker-supermax');
INSERT OR REPLACE INTO financial_period (id, company_id, period_label, period_type, fiscal_year, fiscal_quarter, currency, unit, report_date, source_id) VALUES (23087, 'supermax', 'Q2 FY26', 'quarter', 2026, 2, 'MYR', 'MYR millions', '2025-12-31', 'glove-tracker-supermax');
INSERT OR REPLACE INTO financial_fact (period_id, concept, value, source_id) VALUES
  (23087, 'Revenue', 187.436, 'glove-tracker-supermax'),
  (23087, 'NetIncome', -58.442, 'glove-tracker-supermax');
INSERT OR REPLACE INTO financial_period (id, company_id, period_label, period_type, fiscal_year, fiscal_quarter, currency, unit, report_date, source_id) VALUES (53000, 'supermax', 'FY03', 'annual', 2003, NULL, 'MYR', 'MYR millions', '2003-12-31', 'glove-tracker-supermax');
INSERT OR REPLACE INTO financial_fact (period_id, concept, value, source_id) VALUES
  (53000, 'Revenue', 141.2, 'glove-tracker-supermax'),
  (53000, 'NetIncome', 17.1, 'glove-tracker-supermax');
INSERT OR REPLACE INTO financial_period (id, company_id, period_label, period_type, fiscal_year, fiscal_quarter, currency, unit, report_date, source_id) VALUES (53001, 'supermax', 'FY04', 'annual', 2004, NULL, 'MYR', 'MYR millions', '2004-12-31', 'glove-tracker-supermax');
INSERT OR REPLACE INTO financial_fact (period_id, concept, value, source_id) VALUES
  (53001, 'Revenue', 219.4, 'glove-tracker-supermax'),
  (53001, 'NetIncome', 28.5, 'glove-tracker-supermax');
INSERT OR REPLACE INTO financial_period (id, company_id, period_label, period_type, fiscal_year, fiscal_quarter, currency, unit, report_date, source_id) VALUES (53002, 'supermax', 'FY05', 'annual', 2005, NULL, 'MYR', 'MYR millions', '2005-12-31', 'glove-tracker-supermax');
INSERT OR REPLACE INTO financial_fact (period_id, concept, value, source_id) VALUES
  (53002, 'Revenue', 288.2, 'glove-tracker-supermax'),
  (53002, 'NetIncome', 37, 'glove-tracker-supermax');
INSERT OR REPLACE INTO financial_period (id, company_id, period_label, period_type, fiscal_year, fiscal_quarter, currency, unit, report_date, source_id) VALUES (53003, 'supermax', 'FY06', 'annual', 2006, NULL, 'MYR', 'MYR millions', '2006-12-31', 'glove-tracker-supermax');
INSERT OR REPLACE INTO financial_fact (period_id, concept, value, source_id) VALUES
  (53003, 'Revenue', 389.2, 'glove-tracker-supermax'),
  (53003, 'NetIncome', 40.8, 'glove-tracker-supermax');
INSERT OR REPLACE INTO financial_period (id, company_id, period_label, period_type, fiscal_year, fiscal_quarter, currency, unit, report_date, source_id) VALUES (53004, 'supermax', 'FY07', 'annual', 2007, NULL, 'MYR', 'MYR millions', '2007-12-31', 'glove-tracker-supermax');
INSERT OR REPLACE INTO financial_fact (period_id, concept, value, source_id) VALUES
  (53004, 'Revenue', 582.1, 'glove-tracker-supermax'),
  (53004, 'NetIncome', 59, 'glove-tracker-supermax');
INSERT OR REPLACE INTO financial_period (id, company_id, period_label, period_type, fiscal_year, fiscal_quarter, currency, unit, report_date, source_id) VALUES (53005, 'supermax', 'FY08', 'annual', 2008, NULL, 'MYR', 'MYR millions', '2008-12-31', 'glove-tracker-supermax');
INSERT OR REPLACE INTO financial_fact (period_id, concept, value, source_id) VALUES
  (53005, 'Revenue', 833.5, 'glove-tracker-supermax'),
  (53005, 'NetIncome', 46.5, 'glove-tracker-supermax');
INSERT OR REPLACE INTO financial_period (id, company_id, period_label, period_type, fiscal_year, fiscal_quarter, currency, unit, report_date, source_id) VALUES (53006, 'supermax', 'FY09', 'annual', 2009, NULL, 'MYR', 'MYR millions', '2009-12-31', 'glove-tracker-supermax');
INSERT OR REPLACE INTO financial_fact (period_id, concept, value, source_id) VALUES
  (53006, 'Revenue', 814.9, 'glove-tracker-supermax'),
  (53006, 'NetIncome', 129.8, 'glove-tracker-supermax');
INSERT OR REPLACE INTO financial_period (id, company_id, period_label, period_type, fiscal_year, fiscal_quarter, currency, unit, report_date, source_id) VALUES (53007, 'supermax', 'FY10', 'annual', 2010, NULL, 'MYR', 'MYR millions', '2010-12-31', 'glove-tracker-supermax');
INSERT OR REPLACE INTO financial_fact (period_id, concept, value, source_id) VALUES
  (53007, 'Revenue', 923.3, 'glove-tracker-supermax'),
  (53007, 'NetIncome', 168.2, 'glove-tracker-supermax');
INSERT OR REPLACE INTO financial_period (id, company_id, period_label, period_type, fiscal_year, fiscal_quarter, currency, unit, report_date, source_id) VALUES (53008, 'supermax', 'FY11', 'annual', 2011, NULL, 'MYR', 'MYR millions', '2011-12-31', 'glove-tracker-supermax');
INSERT OR REPLACE INTO financial_fact (period_id, concept, value, source_id) VALUES
  (53008, 'Revenue', 1026.9, 'glove-tracker-supermax'),
  (53008, 'NetIncome', 106.1, 'glove-tracker-supermax');
INSERT OR REPLACE INTO financial_period (id, company_id, period_label, period_type, fiscal_year, fiscal_quarter, currency, unit, report_date, source_id) VALUES (53009, 'supermax', 'FY12', 'annual', 2012, NULL, 'MYR', 'MYR millions', '2012-12-31', 'glove-tracker-supermax');
INSERT OR REPLACE INTO financial_fact (period_id, concept, value, source_id) VALUES
  (53009, 'Revenue', 1048.4, 'glove-tracker-supermax'),
  (53009, 'NetIncome', 121.7, 'glove-tracker-supermax');
INSERT OR REPLACE INTO financial_period (id, company_id, period_label, period_type, fiscal_year, fiscal_quarter, currency, unit, report_date, source_id) VALUES (53010, 'supermax', 'FY13', 'annual', 2013, NULL, 'MYR', 'MYR millions', '2013-12-31', 'glove-tracker-supermax');
INSERT OR REPLACE INTO financial_fact (period_id, concept, value, source_id) VALUES
  (53010, 'Revenue', 1127.3, 'glove-tracker-supermax'),
  (53010, 'NetIncome', 128.1, 'glove-tracker-supermax');
INSERT OR REPLACE INTO financial_period (id, company_id, period_label, period_type, fiscal_year, fiscal_quarter, currency, unit, report_date, source_id) VALUES (53011, 'supermax', 'FY14', 'annual', 2014, NULL, 'MYR', 'MYR millions', '2014-12-31', 'glove-tracker-supermax');
INSERT OR REPLACE INTO financial_fact (period_id, concept, value, source_id) VALUES
  (53011, 'Revenue', 1007.6, 'glove-tracker-supermax'),
  (53011, 'NetIncome', 101.3, 'glove-tracker-supermax');
INSERT OR REPLACE INTO financial_period (id, company_id, period_label, period_type, fiscal_year, fiscal_quarter, currency, unit, report_date, source_id) VALUES (53012, 'supermax', 'FY17', 'annual', 2017, NULL, 'MYR', 'MYR millions', '2017-06-30', 'glove-tracker-supermax');
INSERT OR REPLACE INTO financial_fact (period_id, concept, value, source_id) VALUES
  (53012, 'Revenue', 1126.5, 'glove-tracker-supermax'),
  (53012, 'NetIncome', 70.2, 'glove-tracker-supermax');
INSERT OR REPLACE INTO financial_period (id, company_id, period_label, period_type, fiscal_year, fiscal_quarter, currency, unit, report_date, source_id) VALUES (53013, 'supermax', 'FY18', 'annual', 2018, NULL, 'MYR', 'MYR millions', '2018-06-30', 'glove-tracker-supermax');
INSERT OR REPLACE INTO financial_fact (period_id, concept, value, source_id) VALUES
  (53013, 'Revenue', 1304.5, 'glove-tracker-supermax'),
  (53013, 'NetIncome', 107, 'glove-tracker-supermax');
INSERT OR REPLACE INTO financial_period (id, company_id, period_label, period_type, fiscal_year, fiscal_quarter, currency, unit, report_date, source_id) VALUES (53014, 'supermax', 'FY19', 'annual', 2019, NULL, 'MYR', 'MYR millions', '2019-06-30', 'glove-tracker-supermax');
INSERT OR REPLACE INTO financial_fact (period_id, concept, value, source_id) VALUES
  (53014, 'Revenue', 1489.4, 'glove-tracker-supermax'),
  (53014, 'NetIncome', 123.7, 'glove-tracker-supermax');
INSERT OR REPLACE INTO financial_period (id, company_id, period_label, period_type, fiscal_year, fiscal_quarter, currency, unit, report_date, source_id) VALUES (53015, 'supermax', 'FY20', 'annual', 2020, NULL, 'MYR', 'MYR millions', '2020-06-30', 'glove-tracker-supermax');
INSERT OR REPLACE INTO financial_fact (period_id, concept, value, source_id) VALUES
  (53015, 'Revenue', 2131.7, 'glove-tracker-supermax'),
  (53015, 'NetIncome', 525.6, 'glove-tracker-supermax');
INSERT OR REPLACE INTO financial_period (id, company_id, period_label, period_type, fiscal_year, fiscal_quarter, currency, unit, report_date, source_id) VALUES (53016, 'supermax', 'FY21', 'annual', 2021, NULL, 'MYR', 'MYR millions', '2021-06-30', 'glove-tracker-supermax');
INSERT OR REPLACE INTO financial_fact (period_id, concept, value, source_id) VALUES
  (53016, 'Revenue', 7200, 'glove-tracker-supermax'),
  (53016, 'NetIncome', 3848.2, 'glove-tracker-supermax');
INSERT OR REPLACE INTO financial_period (id, company_id, period_label, period_type, fiscal_year, fiscal_quarter, currency, unit, report_date, source_id) VALUES (53017, 'supermax', 'FY22', 'annual', 2022, NULL, 'MYR', 'MYR millions', '2022-06-30', 'glove-tracker-supermax');
INSERT OR REPLACE INTO financial_fact (period_id, concept, value, source_id) VALUES
  (53017, 'Revenue', 2731.5, 'glove-tracker-supermax'),
  (53017, 'NetIncome', 732.4, 'glove-tracker-supermax');
INSERT OR REPLACE INTO financial_period (id, company_id, period_label, period_type, fiscal_year, fiscal_quarter, currency, unit, report_date, source_id) VALUES (53018, 'supermax', 'FY23', 'annual', 2023, NULL, 'MYR', 'MYR millions', '2023-06-30', 'glove-tracker-supermax');
INSERT OR REPLACE INTO financial_fact (period_id, concept, value, source_id) VALUES
  (53018, 'Revenue', 821.9, 'glove-tracker-supermax'),
  (53018, 'NetIncome', -149.5, 'glove-tracker-supermax');
INSERT OR REPLACE INTO financial_period (id, company_id, period_label, period_type, fiscal_year, fiscal_quarter, currency, unit, report_date, source_id) VALUES (53019, 'supermax', 'FY24', 'annual', 2024, NULL, 'MYR', 'MYR millions', '2024-06-30', 'glove-tracker-supermax');
INSERT OR REPLACE INTO financial_fact (period_id, concept, value, source_id) VALUES
  (53019, 'Revenue', 646.254, 'glove-tracker-supermax'),
  (53019, 'NetIncome', -175.115, 'glove-tracker-supermax');
INSERT OR REPLACE INTO financial_period (id, company_id, period_label, period_type, fiscal_year, fiscal_quarter, currency, unit, report_date, source_id) VALUES (53020, 'supermax', 'FY25', 'annual', 2025, NULL, 'MYR', 'MYR millions', '2025-06-30', 'glove-tracker-supermax');
INSERT OR REPLACE INTO financial_fact (period_id, concept, value, source_id) VALUES
  (53020, 'Revenue', 781.85, 'glove-tracker-supermax'),
  (53020, 'NetIncome', -160.396, 'glove-tracker-supermax');
INSERT OR REPLACE INTO source (id, kind, name, url, retrieved_at, note) VALUES ('glove-tracker-careplus', 'glove-tracker', 'glove-tracker import — Careplus Group Bursa quarterly reports', 'https://www.bursamalaysia.com', '2026-04-20', 'Imported from weisiang329-eng/glove-tracker (data/fund.json, is_mock=0 rows only). Original source: Bursa Malaysia quarterly report PDFs, auto-parsed. See apps/api/seed/glove/fundamentals.json for per-row provenance.');
INSERT OR REPLACE INTO company (id, name, ticker, exchange, segment, country, industry_id, description, reporting_currency) VALUES ('careplus', 'Careplus Group', 'CAREPLS', 'Bursa Malaysia', 'Rubber Gloves', 'Malaysia', 'rubber-gloves', 'Small-cap OEM glove manufacturer.', 'MYR');
INSERT OR REPLACE INTO financial_period (id, company_id, period_label, period_type, fiscal_year, fiscal_quarter, currency, unit, report_date, source_id) VALUES (24000, 'careplus', 'Q3 FY11', 'quarter', 2011, 3, 'MYR', 'MYR millions', '2010-10-31', 'glove-tracker-careplus');
INSERT OR REPLACE INTO financial_fact (period_id, concept, value, source_id) VALUES
  (24000, 'Revenue', 12.4, 'glove-tracker-careplus'),
  (24000, 'NetIncome', 0.675, 'glove-tracker-careplus');
INSERT OR REPLACE INTO financial_period (id, company_id, period_label, period_type, fiscal_year, fiscal_quarter, currency, unit, report_date, source_id) VALUES (24001, 'careplus', 'Q4 FY11', 'quarter', 2011, 4, 'MYR', 'MYR millions', '2011-01-31', 'glove-tracker-careplus');
INSERT OR REPLACE INTO financial_fact (period_id, concept, value, source_id) VALUES
  (24001, 'Revenue', 11.5, 'glove-tracker-careplus'),
  (24001, 'NetIncome', -0.378, 'glove-tracker-careplus');
INSERT OR REPLACE INTO financial_period (id, company_id, period_label, period_type, fiscal_year, fiscal_quarter, currency, unit, report_date, source_id) VALUES (24002, 'careplus', 'Q1 FY12', 'quarter', 2012, 1, 'MYR', 'MYR millions', '2011-04-30', 'glove-tracker-careplus');
INSERT OR REPLACE INTO financial_fact (period_id, concept, value, source_id) VALUES
  (24002, 'Revenue', 10.6, 'glove-tracker-careplus'),
  (24002, 'NetIncome', 0.429, 'glove-tracker-careplus');
INSERT OR REPLACE INTO financial_period (id, company_id, period_label, period_type, fiscal_year, fiscal_quarter, currency, unit, report_date, source_id) VALUES (24003, 'careplus', 'Q2 FY12', 'quarter', 2012, 2, 'MYR', 'MYR millions', '2011-07-31', 'glove-tracker-careplus');
INSERT OR REPLACE INTO financial_fact (period_id, concept, value, source_id) VALUES
  (24003, 'Revenue', 12.4, 'glove-tracker-careplus'),
  (24003, 'NetIncome', 2.3, 'glove-tracker-careplus');
INSERT OR REPLACE INTO financial_period (id, company_id, period_label, period_type, fiscal_year, fiscal_quarter, currency, unit, report_date, source_id) VALUES (24004, 'careplus', 'Q3 FY12', 'quarter', 2012, 3, 'MYR', 'MYR millions', '2011-10-31', 'glove-tracker-careplus');
INSERT OR REPLACE INTO financial_fact (period_id, concept, value, source_id) VALUES
  (24004, 'Revenue', 13.5, 'glove-tracker-careplus'),
  (24004, 'NetIncome', -0.082, 'glove-tracker-careplus');
INSERT OR REPLACE INTO financial_period (id, company_id, period_label, period_type, fiscal_year, fiscal_quarter, currency, unit, report_date, source_id) VALUES (24005, 'careplus', 'Q4 FY12', 'quarter', 2012, 4, 'MYR', 'MYR millions', '2012-01-31', 'glove-tracker-careplus');
INSERT OR REPLACE INTO financial_fact (period_id, concept, value, source_id) VALUES
  (24005, 'Revenue', 19.1, 'glove-tracker-careplus'),
  (24005, 'NetIncome', -0.663, 'glove-tracker-careplus');
INSERT OR REPLACE INTO financial_period (id, company_id, period_label, period_type, fiscal_year, fiscal_quarter, currency, unit, report_date, source_id) VALUES (24006, 'careplus', 'Q1 FY13', 'quarter', 2013, 1, 'MYR', 'MYR millions', '2012-04-30', 'glove-tracker-careplus');
INSERT OR REPLACE INTO financial_fact (period_id, concept, value, source_id) VALUES
  (24006, 'Revenue', 20.4, 'glove-tracker-careplus'),
  (24006, 'NetIncome', 0.246, 'glove-tracker-careplus');
INSERT OR REPLACE INTO financial_period (id, company_id, period_label, period_type, fiscal_year, fiscal_quarter, currency, unit, report_date, source_id) VALUES (24007, 'careplus', 'Q2 FY13', 'quarter', 2013, 2, 'MYR', 'MYR millions', '2012-07-31', 'glove-tracker-careplus');
INSERT OR REPLACE INTO financial_fact (period_id, concept, value, source_id) VALUES
  (24007, 'Revenue', 22.7, 'glove-tracker-careplus'),
  (24007, 'NetIncome', 0.638, 'glove-tracker-careplus');
INSERT OR REPLACE INTO financial_period (id, company_id, period_label, period_type, fiscal_year, fiscal_quarter, currency, unit, report_date, source_id) VALUES (24008, 'careplus', 'Q3 FY13', 'quarter', 2013, 3, 'MYR', 'MYR millions', '2012-10-31', 'glove-tracker-careplus');
INSERT OR REPLACE INTO financial_fact (period_id, concept, value, source_id) VALUES
  (24008, 'Revenue', 24.2, 'glove-tracker-careplus'),
  (24008, 'NetIncome', 0.424, 'glove-tracker-careplus');
INSERT OR REPLACE INTO financial_period (id, company_id, period_label, period_type, fiscal_year, fiscal_quarter, currency, unit, report_date, source_id) VALUES (24009, 'careplus', 'Q4 FY13', 'quarter', 2013, 4, 'MYR', 'MYR millions', '2013-01-31', 'glove-tracker-careplus');
INSERT OR REPLACE INTO financial_fact (period_id, concept, value, source_id) VALUES
  (24009, 'Revenue', 30.1, 'glove-tracker-careplus'),
  (24009, 'NetIncome', 1.7, 'glove-tracker-careplus');
INSERT OR REPLACE INTO financial_period (id, company_id, period_label, period_type, fiscal_year, fiscal_quarter, currency, unit, report_date, source_id) VALUES (24010, 'careplus', 'Q1 FY14', 'quarter', 2014, 1, 'MYR', 'MYR millions', '2013-04-30', 'glove-tracker-careplus');
INSERT OR REPLACE INTO financial_fact (period_id, concept, value, source_id) VALUES
  (24010, 'Revenue', 36.5, 'glove-tracker-careplus'),
  (24010, 'NetIncome', 1.2, 'glove-tracker-careplus');
INSERT OR REPLACE INTO financial_period (id, company_id, period_label, period_type, fiscal_year, fiscal_quarter, currency, unit, report_date, source_id) VALUES (24011, 'careplus', 'Q1 FY15', 'quarter', 2015, 1, 'MYR', 'MYR millions', '2015-03-31', 'glove-tracker-careplus');
INSERT OR REPLACE INTO financial_fact (period_id, concept, value, source_id) VALUES
  (24011, 'Revenue', 44.6, 'glove-tracker-careplus'),
  (24011, 'NetIncome', 2.5, 'glove-tracker-careplus');
INSERT OR REPLACE INTO financial_period (id, company_id, period_label, period_type, fiscal_year, fiscal_quarter, currency, unit, report_date, source_id) VALUES (24012, 'careplus', 'Q2 FY15', 'quarter', 2015, 2, 'MYR', 'MYR millions', '2015-06-30', 'glove-tracker-careplus');
INSERT OR REPLACE INTO financial_fact (period_id, concept, value, source_id) VALUES
  (24012, 'Revenue', 45.2, 'glove-tracker-careplus'),
  (24012, 'NetIncome', 1.7, 'glove-tracker-careplus');
INSERT OR REPLACE INTO financial_period (id, company_id, period_label, period_type, fiscal_year, fiscal_quarter, currency, unit, report_date, source_id) VALUES (24013, 'careplus', 'Q3 FY15', 'quarter', 2015, 3, 'MYR', 'MYR millions', '2015-09-30', 'glove-tracker-careplus');
INSERT OR REPLACE INTO financial_fact (period_id, concept, value, source_id) VALUES
  (24013, 'Revenue', 50.2, 'glove-tracker-careplus'),
  (24013, 'NetIncome', 0.323, 'glove-tracker-careplus');
INSERT OR REPLACE INTO financial_period (id, company_id, period_label, period_type, fiscal_year, fiscal_quarter, currency, unit, report_date, source_id) VALUES (24014, 'careplus', 'Q4 FY15', 'quarter', 2015, 4, 'MYR', 'MYR millions', '2015-12-31', 'glove-tracker-careplus');
INSERT OR REPLACE INTO financial_fact (period_id, concept, value, source_id) VALUES
  (24014, 'Revenue', 50.3, 'glove-tracker-careplus'),
  (24014, 'NetIncome', 1.5, 'glove-tracker-careplus');
INSERT OR REPLACE INTO financial_period (id, company_id, period_label, period_type, fiscal_year, fiscal_quarter, currency, unit, report_date, source_id) VALUES (24015, 'careplus', 'Q1 FY16', 'quarter', 2016, 1, 'MYR', 'MYR millions', '2016-03-31', 'glove-tracker-careplus');
INSERT OR REPLACE INTO financial_fact (period_id, concept, value, source_id) VALUES
  (24015, 'Revenue', 49.1, 'glove-tracker-careplus'),
  (24015, 'NetIncome', 0.798, 'glove-tracker-careplus');
INSERT OR REPLACE INTO financial_period (id, company_id, period_label, period_type, fiscal_year, fiscal_quarter, currency, unit, report_date, source_id) VALUES (24016, 'careplus', 'Q2 FY16', 'quarter', 2016, 2, 'MYR', 'MYR millions', '2016-06-30', 'glove-tracker-careplus');
INSERT OR REPLACE INTO financial_fact (period_id, concept, value, source_id) VALUES
  (24016, 'Revenue', 53.3, 'glove-tracker-careplus'),
  (24016, 'NetIncome', 0.06, 'glove-tracker-careplus');
INSERT OR REPLACE INTO financial_period (id, company_id, period_label, period_type, fiscal_year, fiscal_quarter, currency, unit, report_date, source_id) VALUES (24017, 'careplus', 'Q3 FY16', 'quarter', 2016, 3, 'MYR', 'MYR millions', '2016-09-30', 'glove-tracker-careplus');
INSERT OR REPLACE INTO financial_fact (period_id, concept, value, source_id) VALUES
  (24017, 'Revenue', 57.6, 'glove-tracker-careplus'),
  (24017, 'NetIncome', -2.5, 'glove-tracker-careplus');
INSERT OR REPLACE INTO financial_period (id, company_id, period_label, period_type, fiscal_year, fiscal_quarter, currency, unit, report_date, source_id) VALUES (24018, 'careplus', 'Q4 FY16', 'quarter', 2016, 4, 'MYR', 'MYR millions', '2016-12-31', 'glove-tracker-careplus');
INSERT OR REPLACE INTO financial_fact (period_id, concept, value, source_id) VALUES
  (24018, 'Revenue', 69.4, 'glove-tracker-careplus'),
  (24018, 'NetIncome', 1.8, 'glove-tracker-careplus');
INSERT OR REPLACE INTO financial_period (id, company_id, period_label, period_type, fiscal_year, fiscal_quarter, currency, unit, report_date, source_id) VALUES (24019, 'careplus', 'Q1 FY17', 'quarter', 2017, 1, 'MYR', 'MYR millions', '2017-03-31', 'glove-tracker-careplus');
INSERT OR REPLACE INTO financial_fact (period_id, concept, value, source_id) VALUES
  (24019, 'Revenue', 87, 'glove-tracker-careplus'),
  (24019, 'NetIncome', 3.8, 'glove-tracker-careplus');
INSERT OR REPLACE INTO financial_period (id, company_id, period_label, period_type, fiscal_year, fiscal_quarter, currency, unit, report_date, source_id) VALUES (24020, 'careplus', 'Q2 FY17', 'quarter', 2017, 2, 'MYR', 'MYR millions', '2017-06-30', 'glove-tracker-careplus');
INSERT OR REPLACE INTO financial_fact (period_id, concept, value, source_id) VALUES
  (24020, 'Revenue', 80.6, 'glove-tracker-careplus'),
  (24020, 'NetIncome', -3.4, 'glove-tracker-careplus');
INSERT OR REPLACE INTO financial_period (id, company_id, period_label, period_type, fiscal_year, fiscal_quarter, currency, unit, report_date, source_id) VALUES (24021, 'careplus', 'Q3 FY17', 'quarter', 2017, 3, 'MYR', 'MYR millions', '2017-09-30', 'glove-tracker-careplus');
INSERT OR REPLACE INTO financial_fact (period_id, concept, value, source_id) VALUES
  (24021, 'Revenue', 79, 'glove-tracker-careplus'),
  (24021, 'NetIncome', -1.4, 'glove-tracker-careplus');
INSERT OR REPLACE INTO financial_period (id, company_id, period_label, period_type, fiscal_year, fiscal_quarter, currency, unit, report_date, source_id) VALUES (24022, 'careplus', 'Q4 FY17', 'quarter', 2017, 4, 'MYR', 'MYR millions', '2017-12-31', 'glove-tracker-careplus');
INSERT OR REPLACE INTO financial_fact (period_id, concept, value, source_id) VALUES
  (24022, 'Revenue', 76, 'glove-tracker-careplus'),
  (24022, 'NetIncome', -0.822, 'glove-tracker-careplus');
INSERT OR REPLACE INTO financial_period (id, company_id, period_label, period_type, fiscal_year, fiscal_quarter, currency, unit, report_date, source_id) VALUES (24023, 'careplus', 'Q1 FY18', 'quarter', 2018, 1, 'MYR', 'MYR millions', '2018-03-31', 'glove-tracker-careplus');
INSERT OR REPLACE INTO financial_fact (period_id, concept, value, source_id) VALUES
  (24023, 'Revenue', 78.8, 'glove-tracker-careplus'),
  (24023, 'NetIncome', -0.225, 'glove-tracker-careplus');
INSERT OR REPLACE INTO financial_period (id, company_id, period_label, period_type, fiscal_year, fiscal_quarter, currency, unit, report_date, source_id) VALUES (24024, 'careplus', 'Q2 FY18', 'quarter', 2018, 2, 'MYR', 'MYR millions', '2018-06-30', 'glove-tracker-careplus');
INSERT OR REPLACE INTO financial_fact (period_id, concept, value, source_id) VALUES
  (24024, 'Revenue', 80.5, 'glove-tracker-careplus'),
  (24024, 'NetIncome', -0.684, 'glove-tracker-careplus');
INSERT OR REPLACE INTO financial_period (id, company_id, period_label, period_type, fiscal_year, fiscal_quarter, currency, unit, report_date, source_id) VALUES (24025, 'careplus', 'Q3 FY18', 'quarter', 2018, 3, 'MYR', 'MYR millions', '2018-09-30', 'glove-tracker-careplus');
INSERT OR REPLACE INTO financial_fact (period_id, concept, value, source_id) VALUES
  (24025, 'Revenue', 89.4, 'glove-tracker-careplus'),
  (24025, 'NetIncome', 1.2, 'glove-tracker-careplus');
INSERT OR REPLACE INTO financial_period (id, company_id, period_label, period_type, fiscal_year, fiscal_quarter, currency, unit, report_date, source_id) VALUES (24026, 'careplus', 'Q4 FY18', 'quarter', 2018, 4, 'MYR', 'MYR millions', '2018-12-31', 'glove-tracker-careplus');
INSERT OR REPLACE INTO financial_fact (period_id, concept, value, source_id) VALUES
  (24026, 'Revenue', 90, 'glove-tracker-careplus'),
  (24026, 'NetIncome', -1.7, 'glove-tracker-careplus');
INSERT OR REPLACE INTO financial_period (id, company_id, period_label, period_type, fiscal_year, fiscal_quarter, currency, unit, report_date, source_id) VALUES (24027, 'careplus', 'Q1 FY19', 'quarter', 2019, 1, 'MYR', 'MYR millions', '2019-03-31', 'glove-tracker-careplus');
INSERT OR REPLACE INTO financial_fact (period_id, concept, value, source_id) VALUES
  (24027, 'Revenue', 85.1, 'glove-tracker-careplus'),
  (24027, 'NetIncome', 0.363, 'glove-tracker-careplus');
INSERT OR REPLACE INTO financial_period (id, company_id, period_label, period_type, fiscal_year, fiscal_quarter, currency, unit, report_date, source_id) VALUES (24028, 'careplus', 'Q2 FY19', 'quarter', 2019, 2, 'MYR', 'MYR millions', '2019-06-30', 'glove-tracker-careplus');
INSERT OR REPLACE INTO financial_fact (period_id, concept, value, source_id) VALUES
  (24028, 'Revenue', 86.9, 'glove-tracker-careplus'),
  (24028, 'NetIncome', -2, 'glove-tracker-careplus');
INSERT OR REPLACE INTO financial_period (id, company_id, period_label, period_type, fiscal_year, fiscal_quarter, currency, unit, report_date, source_id) VALUES (24029, 'careplus', 'Q3 FY19', 'quarter', 2019, 3, 'MYR', 'MYR millions', '2019-09-30', 'glove-tracker-careplus');
INSERT OR REPLACE INTO financial_fact (period_id, concept, value, source_id) VALUES
  (24029, 'Revenue', 84.3, 'glove-tracker-careplus'),
  (24029, 'NetIncome', -4.9, 'glove-tracker-careplus');
INSERT OR REPLACE INTO financial_period (id, company_id, period_label, period_type, fiscal_year, fiscal_quarter, currency, unit, report_date, source_id) VALUES (24030, 'careplus', 'Q4 FY19', 'quarter', 2019, 4, 'MYR', 'MYR millions', '2019-12-31', 'glove-tracker-careplus');
INSERT OR REPLACE INTO financial_fact (period_id, concept, value, source_id) VALUES
  (24030, 'Revenue', 108.7, 'glove-tracker-careplus'),
  (24030, 'NetIncome', 0.783, 'glove-tracker-careplus');
INSERT OR REPLACE INTO financial_period (id, company_id, period_label, period_type, fiscal_year, fiscal_quarter, currency, unit, report_date, source_id) VALUES (24031, 'careplus', 'Q1 FY20', 'quarter', 2020, 1, 'MYR', 'MYR millions', '2020-03-31', 'glove-tracker-careplus');
INSERT OR REPLACE INTO financial_fact (period_id, concept, value, source_id) VALUES
  (24031, 'Revenue', 104.7, 'glove-tracker-careplus'),
  (24031, 'NetIncome', 1.1, 'glove-tracker-careplus');
INSERT OR REPLACE INTO financial_period (id, company_id, period_label, period_type, fiscal_year, fiscal_quarter, currency, unit, report_date, source_id) VALUES (24032, 'careplus', 'Q2 FY20', 'quarter', 2020, 2, 'MYR', 'MYR millions', '2020-06-30', 'glove-tracker-careplus');
INSERT OR REPLACE INTO financial_fact (period_id, concept, value, source_id) VALUES
  (24032, 'Revenue', 118.9, 'glove-tracker-careplus'),
  (24032, 'NetIncome', 36.2, 'glove-tracker-careplus');
INSERT OR REPLACE INTO financial_period (id, company_id, period_label, period_type, fiscal_year, fiscal_quarter, currency, unit, report_date, source_id) VALUES (24033, 'careplus', 'Q3 FY20', 'quarter', 2020, 3, 'MYR', 'MYR millions', '2020-09-30', 'glove-tracker-careplus');
INSERT OR REPLACE INTO financial_fact (period_id, concept, value, source_id) VALUES
  (24033, 'Revenue', 122.7, 'glove-tracker-careplus'),
  (24033, 'NetIncome', 42.9, 'glove-tracker-careplus');
INSERT OR REPLACE INTO financial_period (id, company_id, period_label, period_type, fiscal_year, fiscal_quarter, currency, unit, report_date, source_id) VALUES (24034, 'careplus', 'Q4 FY20', 'quarter', 2020, 4, 'MYR', 'MYR millions', '2020-12-31', 'glove-tracker-careplus');
INSERT OR REPLACE INTO financial_fact (period_id, concept, value, source_id) VALUES
  (24034, 'Revenue', 129.3, 'glove-tracker-careplus'),
  (24034, 'NetIncome', 42.3, 'glove-tracker-careplus');
INSERT OR REPLACE INTO financial_period (id, company_id, period_label, period_type, fiscal_year, fiscal_quarter, currency, unit, report_date, source_id) VALUES (24035, 'careplus', 'Q1 FY21', 'quarter', 2021, 1, 'MYR', 'MYR millions', '2021-03-31', 'glove-tracker-careplus');
INSERT OR REPLACE INTO financial_fact (period_id, concept, value, source_id) VALUES
  (24035, 'Revenue', 241.3, 'glove-tracker-careplus'),
  (24035, 'NetIncome', 123.5, 'glove-tracker-careplus');
INSERT OR REPLACE INTO financial_period (id, company_id, period_label, period_type, fiscal_year, fiscal_quarter, currency, unit, report_date, source_id) VALUES (24036, 'careplus', 'Q2 FY21', 'quarter', 2021, 2, 'MYR', 'MYR millions', '2021-06-30', 'glove-tracker-careplus');
INSERT OR REPLACE INTO financial_fact (period_id, concept, value, source_id) VALUES
  (24036, 'Revenue', 249, 'glove-tracker-careplus'),
  (24036, 'NetIncome', 105.1, 'glove-tracker-careplus');
INSERT OR REPLACE INTO financial_period (id, company_id, period_label, period_type, fiscal_year, fiscal_quarter, currency, unit, report_date, source_id) VALUES (24037, 'careplus', 'Q3 FY21', 'quarter', 2021, 3, 'MYR', 'MYR millions', '2021-09-30', 'glove-tracker-careplus');
INSERT OR REPLACE INTO financial_fact (period_id, concept, value, source_id) VALUES
  (24037, 'Revenue', 100.8, 'glove-tracker-careplus'),
  (24037, 'NetIncome', 8.4, 'glove-tracker-careplus');
INSERT OR REPLACE INTO financial_period (id, company_id, period_label, period_type, fiscal_year, fiscal_quarter, currency, unit, report_date, source_id) VALUES (24038, 'careplus', 'Q4 FY21', 'quarter', 2021, 4, 'MYR', 'MYR millions', '2021-12-31', 'glove-tracker-careplus');
INSERT OR REPLACE INTO financial_fact (period_id, concept, value, source_id) VALUES
  (24038, 'Revenue', 109.1, 'glove-tracker-careplus'),
  (24038, 'NetIncome', -16, 'glove-tracker-careplus');
INSERT OR REPLACE INTO financial_period (id, company_id, period_label, period_type, fiscal_year, fiscal_quarter, currency, unit, report_date, source_id) VALUES (24039, 'careplus', 'Q1 FY22', 'quarter', 2022, 1, 'MYR', 'MYR millions', '2022-03-31', 'glove-tracker-careplus');
INSERT OR REPLACE INTO financial_fact (period_id, concept, value, source_id) VALUES
  (24039, 'Revenue', 82.3, 'glove-tracker-careplus'),
  (24039, 'NetIncome', -37.7, 'glove-tracker-careplus');
INSERT OR REPLACE INTO financial_period (id, company_id, period_label, period_type, fiscal_year, fiscal_quarter, currency, unit, report_date, source_id) VALUES (24040, 'careplus', 'Q2 FY22', 'quarter', 2022, 2, 'MYR', 'MYR millions', '2022-06-30', 'glove-tracker-careplus');
INSERT OR REPLACE INTO financial_fact (period_id, concept, value, source_id) VALUES
  (24040, 'Revenue', 85.5, 'glove-tracker-careplus'),
  (24040, 'NetIncome', -35.3, 'glove-tracker-careplus');
INSERT OR REPLACE INTO financial_period (id, company_id, period_label, period_type, fiscal_year, fiscal_quarter, currency, unit, report_date, source_id) VALUES (24041, 'careplus', 'Q3 FY22', 'quarter', 2022, 3, 'MYR', 'MYR millions', '2022-09-30', 'glove-tracker-careplus');
INSERT OR REPLACE INTO financial_fact (period_id, concept, value, source_id) VALUES
  (24041, 'Revenue', 48.3, 'glove-tracker-careplus'),
  (24041, 'NetIncome', -30.2, 'glove-tracker-careplus');
INSERT OR REPLACE INTO financial_period (id, company_id, period_label, period_type, fiscal_year, fiscal_quarter, currency, unit, report_date, source_id) VALUES (24042, 'careplus', 'Q1 FY24', 'quarter', 2024, 1, 'MYR', 'MYR millions', '2023-09-30', 'glove-tracker-careplus');
INSERT OR REPLACE INTO financial_fact (period_id, concept, value, source_id) VALUES
  (24042, 'Revenue', 13.9, 'glove-tracker-careplus'),
  (24042, 'NetIncome', -9.3, 'glove-tracker-careplus');
INSERT OR REPLACE INTO financial_period (id, company_id, period_label, period_type, fiscal_year, fiscal_quarter, currency, unit, report_date, source_id) VALUES (24043, 'careplus', 'Q2 FY24', 'quarter', 2024, 2, 'MYR', 'MYR millions', '2023-12-31', 'glove-tracker-careplus');
INSERT OR REPLACE INTO financial_fact (period_id, concept, value, source_id) VALUES
  (24043, 'Revenue', 21.5, 'glove-tracker-careplus'),
  (24043, 'NetIncome', -7.4, 'glove-tracker-careplus');
INSERT OR REPLACE INTO financial_period (id, company_id, period_label, period_type, fiscal_year, fiscal_quarter, currency, unit, report_date, source_id) VALUES (24044, 'careplus', 'Q3 FY24', 'quarter', 2024, 3, 'MYR', 'MYR millions', '2024-03-31', 'glove-tracker-careplus');
INSERT OR REPLACE INTO financial_fact (period_id, concept, value, source_id) VALUES
  (24044, 'Revenue', 33.684, 'glove-tracker-careplus'),
  (24044, 'NetIncome', -8.9, 'glove-tracker-careplus');
INSERT OR REPLACE INTO financial_period (id, company_id, period_label, period_type, fiscal_year, fiscal_quarter, currency, unit, report_date, source_id) VALUES (24045, 'careplus', 'Q4 FY24', 'quarter', 2024, 4, 'MYR', 'MYR millions', '2024-06-30', 'glove-tracker-careplus');
INSERT OR REPLACE INTO financial_fact (period_id, concept, value, source_id) VALUES
  (24045, 'Revenue', 26.572, 'glove-tracker-careplus'),
  (24045, 'NetIncome', -0.938, 'glove-tracker-careplus');
INSERT OR REPLACE INTO financial_period (id, company_id, period_label, period_type, fiscal_year, fiscal_quarter, currency, unit, report_date, source_id) VALUES (24046, 'careplus', 'Q1 FY25', 'quarter', 2025, 1, 'MYR', 'MYR millions', '2024-09-30', 'glove-tracker-careplus');
INSERT OR REPLACE INTO financial_fact (period_id, concept, value, source_id) VALUES
  (24046, 'Revenue', 26.968, 'glove-tracker-careplus'),
  (24046, 'NetIncome', -7.395, 'glove-tracker-careplus');
INSERT OR REPLACE INTO financial_period (id, company_id, period_label, period_type, fiscal_year, fiscal_quarter, currency, unit, report_date, source_id) VALUES (24047, 'careplus', 'Q2 FY25', 'quarter', 2025, 2, 'MYR', 'MYR millions', '2024-12-31', 'glove-tracker-careplus');
INSERT OR REPLACE INTO financial_fact (period_id, concept, value, source_id) VALUES
  (24047, 'Revenue', 22.508, 'glove-tracker-careplus'),
  (24047, 'NetIncome', -10.642, 'glove-tracker-careplus');
INSERT OR REPLACE INTO financial_period (id, company_id, period_label, period_type, fiscal_year, fiscal_quarter, currency, unit, report_date, source_id) VALUES (24048, 'careplus', 'Q3 FY25', 'quarter', 2025, 3, 'MYR', 'MYR millions', '2025-03-31', 'glove-tracker-careplus');
INSERT OR REPLACE INTO financial_fact (period_id, concept, value, source_id) VALUES
  (24048, 'Revenue', 30.579, 'glove-tracker-careplus'),
  (24048, 'NetIncome', -5.853, 'glove-tracker-careplus');
INSERT OR REPLACE INTO financial_period (id, company_id, period_label, period_type, fiscal_year, fiscal_quarter, currency, unit, report_date, source_id) VALUES (24049, 'careplus', 'Q4 FY25', 'quarter', 2025, 4, 'MYR', 'MYR millions', '2025-06-30', 'glove-tracker-careplus');
INSERT OR REPLACE INTO financial_fact (period_id, concept, value, source_id) VALUES
  (24049, 'Revenue', 18.657, 'glove-tracker-careplus'),
  (24049, 'NetIncome', -59.111, 'glove-tracker-careplus');
INSERT OR REPLACE INTO financial_period (id, company_id, period_label, period_type, fiscal_year, fiscal_quarter, currency, unit, report_date, source_id) VALUES (24050, 'careplus', 'Q1 FY26', 'quarter', 2026, 1, 'MYR', 'MYR millions', '2025-09-30', 'glove-tracker-careplus');
INSERT OR REPLACE INTO financial_fact (period_id, concept, value, source_id) VALUES
  (24050, 'Revenue', 28.479, 'glove-tracker-careplus'),
  (24050, 'NetIncome', -2.563, 'glove-tracker-careplus');
INSERT OR REPLACE INTO financial_period (id, company_id, period_label, period_type, fiscal_year, fiscal_quarter, currency, unit, report_date, source_id) VALUES (24051, 'careplus', 'Q2 FY26', 'quarter', 2026, 2, 'MYR', 'MYR millions', '2025-12-31', 'glove-tracker-careplus');
INSERT OR REPLACE INTO financial_fact (period_id, concept, value, source_id) VALUES
  (24051, 'Revenue', 27.44, 'glove-tracker-careplus'),
  (24051, 'NetIncome', -0.682, 'glove-tracker-careplus');
INSERT OR REPLACE INTO financial_period (id, company_id, period_label, period_type, fiscal_year, fiscal_quarter, currency, unit, report_date, source_id) VALUES (54000, 'careplus', 'FY12', 'annual', 2012, NULL, 'MYR', 'MYR millions', '2012-01-31', 'glove-tracker-careplus');
INSERT OR REPLACE INTO financial_fact (period_id, concept, value, source_id) VALUES
  (54000, 'Revenue', 55.6, 'glove-tracker-careplus'),
  (54000, 'NetIncome', 1.984, 'glove-tracker-careplus');
INSERT OR REPLACE INTO financial_period (id, company_id, period_label, period_type, fiscal_year, fiscal_quarter, currency, unit, report_date, source_id) VALUES (54001, 'careplus', 'FY13', 'annual', 2013, NULL, 'MYR', 'MYR millions', '2013-01-31', 'glove-tracker-careplus');
INSERT OR REPLACE INTO financial_fact (period_id, concept, value, source_id) VALUES
  (54001, 'Revenue', 97.4, 'glove-tracker-careplus'),
  (54001, 'NetIncome', 3.008, 'glove-tracker-careplus');
INSERT OR REPLACE INTO financial_period (id, company_id, period_label, period_type, fiscal_year, fiscal_quarter, currency, unit, report_date, source_id) VALUES (54002, 'careplus', 'FY15', 'annual', 2015, NULL, 'MYR', 'MYR millions', '2015-12-31', 'glove-tracker-careplus');
INSERT OR REPLACE INTO financial_fact (period_id, concept, value, source_id) VALUES
  (54002, 'Revenue', 190.3, 'glove-tracker-careplus'),
  (54002, 'NetIncome', 6.023, 'glove-tracker-careplus');
INSERT OR REPLACE INTO financial_period (id, company_id, period_label, period_type, fiscal_year, fiscal_quarter, currency, unit, report_date, source_id) VALUES (54003, 'careplus', 'FY16', 'annual', 2016, NULL, 'MYR', 'MYR millions', '2016-12-31', 'glove-tracker-careplus');
INSERT OR REPLACE INTO financial_fact (period_id, concept, value, source_id) VALUES
  (54003, 'Revenue', 229.4, 'glove-tracker-careplus'),
  (54003, 'NetIncome', 0.158, 'glove-tracker-careplus');
INSERT OR REPLACE INTO financial_period (id, company_id, period_label, period_type, fiscal_year, fiscal_quarter, currency, unit, report_date, source_id) VALUES (54004, 'careplus', 'FY17', 'annual', 2017, NULL, 'MYR', 'MYR millions', '2017-12-31', 'glove-tracker-careplus');
INSERT OR REPLACE INTO financial_fact (period_id, concept, value, source_id) VALUES
  (54004, 'Revenue', 322.6, 'glove-tracker-careplus'),
  (54004, 'NetIncome', -1.822, 'glove-tracker-careplus');
INSERT OR REPLACE INTO financial_period (id, company_id, period_label, period_type, fiscal_year, fiscal_quarter, currency, unit, report_date, source_id) VALUES (54005, 'careplus', 'FY18', 'annual', 2018, NULL, 'MYR', 'MYR millions', '2018-12-31', 'glove-tracker-careplus');
INSERT OR REPLACE INTO financial_fact (period_id, concept, value, source_id) VALUES
  (54005, 'Revenue', 338.7, 'glove-tracker-careplus'),
  (54005, 'NetIncome', -1.409, 'glove-tracker-careplus');
INSERT OR REPLACE INTO financial_period (id, company_id, period_label, period_type, fiscal_year, fiscal_quarter, currency, unit, report_date, source_id) VALUES (54006, 'careplus', 'FY19', 'annual', 2019, NULL, 'MYR', 'MYR millions', '2019-12-31', 'glove-tracker-careplus');
INSERT OR REPLACE INTO financial_fact (period_id, concept, value, source_id) VALUES
  (54006, 'Revenue', 365, 'glove-tracker-careplus'),
  (54006, 'NetIncome', -5.754, 'glove-tracker-careplus');
INSERT OR REPLACE INTO financial_period (id, company_id, period_label, period_type, fiscal_year, fiscal_quarter, currency, unit, report_date, source_id) VALUES (54007, 'careplus', 'FY20', 'annual', 2020, NULL, 'MYR', 'MYR millions', '2020-12-31', 'glove-tracker-careplus');
INSERT OR REPLACE INTO financial_fact (period_id, concept, value, source_id) VALUES
  (54007, 'Revenue', 475.6, 'glove-tracker-careplus'),
  (54007, 'NetIncome', 122.5, 'glove-tracker-careplus');
INSERT OR REPLACE INTO financial_period (id, company_id, period_label, period_type, fiscal_year, fiscal_quarter, currency, unit, report_date, source_id) VALUES (54008, 'careplus', 'FY21', 'annual', 2021, NULL, 'MYR', 'MYR millions', '2021-12-31', 'glove-tracker-careplus');
INSERT OR REPLACE INTO financial_fact (period_id, concept, value, source_id) VALUES
  (54008, 'Revenue', 700.2, 'glove-tracker-careplus'),
  (54008, 'NetIncome', 221, 'glove-tracker-careplus');
INSERT OR REPLACE INTO financial_period (id, company_id, period_label, period_type, fiscal_year, fiscal_quarter, currency, unit, report_date, source_id) VALUES (54009, 'careplus', 'FY24', 'annual', 2024, NULL, 'MYR', 'MYR millions', '2024-06-30', 'glove-tracker-careplus');
INSERT OR REPLACE INTO financial_fact (period_id, concept, value, source_id) VALUES
  (54009, 'Revenue', 95.656, 'glove-tracker-careplus'),
  (54009, 'NetIncome', -26.538, 'glove-tracker-careplus');
INSERT OR REPLACE INTO financial_period (id, company_id, period_label, period_type, fiscal_year, fiscal_quarter, currency, unit, report_date, source_id) VALUES (54010, 'careplus', 'FY25', 'annual', 2025, NULL, 'MYR', 'MYR millions', '2025-06-30', 'glove-tracker-careplus');
INSERT OR REPLACE INTO financial_fact (period_id, concept, value, source_id) VALUES
  (54010, 'Revenue', 98.712, 'glove-tracker-careplus'),
  (54010, 'NetIncome', -83.001, 'glove-tracker-careplus');
INSERT OR REPLACE INTO source (id, kind, name, url, retrieved_at, note) VALUES ('glove-tracker-comfort-gloves', 'glove-tracker', 'glove-tracker import — Comfort Gloves Bursa quarterly reports', 'https://www.bursamalaysia.com', '2026-04-20', 'Imported from weisiang329-eng/glove-tracker (data/fund.json, is_mock=0 rows only). Original source: Bursa Malaysia quarterly report PDFs, auto-parsed. See apps/api/seed/glove/fundamentals.json for per-row provenance.');
INSERT OR REPLACE INTO company (id, name, ticker, exchange, segment, country, industry_id, description, reporting_currency) VALUES ('comfort-gloves', 'Comfort Gloves', 'COMFORT', 'Bursa Malaysia', 'Rubber Gloves', 'Malaysia', 'rubber-gloves', 'Mid-cap nitrile glove manufacturer.', 'MYR');
INSERT OR REPLACE INTO financial_period (id, company_id, period_label, period_type, fiscal_year, fiscal_quarter, currency, unit, report_date, source_id) VALUES (25000, 'comfort-gloves', 'Q2 FY03', 'quarter', 2003, 2, 'MYR', 'MYR millions', '2002-10-31', 'glove-tracker-comfort-gloves');
INSERT OR REPLACE INTO financial_fact (period_id, concept, value, source_id) VALUES
  (25000, 'Revenue', 0, 'glove-tracker-comfort-gloves'),
  (25000, 'NetIncome', -0.316, 'glove-tracker-comfort-gloves');
INSERT OR REPLACE INTO financial_period (id, company_id, period_label, period_type, fiscal_year, fiscal_quarter, currency, unit, report_date, source_id) VALUES (25001, 'comfort-gloves', 'Q3 FY03', 'quarter', 2003, 3, 'MYR', 'MYR millions', '2003-01-31', 'glove-tracker-comfort-gloves');
INSERT OR REPLACE INTO financial_fact (period_id, concept, value, source_id) VALUES
  (25001, 'Revenue', 0, 'glove-tracker-comfort-gloves'),
  (25001, 'NetIncome', -1.2, 'glove-tracker-comfort-gloves');
INSERT OR REPLACE INTO financial_period (id, company_id, period_label, period_type, fiscal_year, fiscal_quarter, currency, unit, report_date, source_id) VALUES (25002, 'comfort-gloves', 'Q4 FY03', 'quarter', 2003, 4, 'MYR', 'MYR millions', '2003-04-30', 'glove-tracker-comfort-gloves');
INSERT OR REPLACE INTO financial_fact (period_id, concept, value, source_id) VALUES
  (25002, 'Revenue', 0, 'glove-tracker-comfort-gloves'),
  (25002, 'NetIncome', -0.509, 'glove-tracker-comfort-gloves');
INSERT OR REPLACE INTO financial_period (id, company_id, period_label, period_type, fiscal_year, fiscal_quarter, currency, unit, report_date, source_id) VALUES (25003, 'comfort-gloves', 'Q1 FY04', 'quarter', 2004, 1, 'MYR', 'MYR millions', '2003-07-31', 'glove-tracker-comfort-gloves');
INSERT OR REPLACE INTO financial_fact (period_id, concept, value, source_id) VALUES
  (25003, 'Revenue', 0, 'glove-tracker-comfort-gloves'),
  (25003, 'NetIncome', -0.791, 'glove-tracker-comfort-gloves');
INSERT OR REPLACE INTO financial_period (id, company_id, period_label, period_type, fiscal_year, fiscal_quarter, currency, unit, report_date, source_id) VALUES (25004, 'comfort-gloves', 'Q2 FY04', 'quarter', 2004, 2, 'MYR', 'MYR millions', '2003-10-31', 'glove-tracker-comfort-gloves');
INSERT OR REPLACE INTO financial_fact (period_id, concept, value, source_id) VALUES
  (25004, 'Revenue', 0, 'glove-tracker-comfort-gloves'),
  (25004, 'NetIncome', -0.071, 'glove-tracker-comfort-gloves');
INSERT OR REPLACE INTO financial_period (id, company_id, period_label, period_type, fiscal_year, fiscal_quarter, currency, unit, report_date, source_id) VALUES (25005, 'comfort-gloves', 'Q3 FY04', 'quarter', 2004, 3, 'MYR', 'MYR millions', '2004-01-31', 'glove-tracker-comfort-gloves');
INSERT OR REPLACE INTO financial_fact (period_id, concept, value, source_id) VALUES
  (25005, 'Revenue', 0, 'glove-tracker-comfort-gloves'),
  (25005, 'NetIncome', -0.34, 'glove-tracker-comfort-gloves');
INSERT OR REPLACE INTO financial_period (id, company_id, period_label, period_type, fiscal_year, fiscal_quarter, currency, unit, report_date, source_id) VALUES (25006, 'comfort-gloves', 'Q4 FY04', 'quarter', 2004, 4, 'MYR', 'MYR millions', '2004-04-30', 'glove-tracker-comfort-gloves');
INSERT OR REPLACE INTO financial_fact (period_id, concept, value, source_id) VALUES
  (25006, 'Revenue', 0, 'glove-tracker-comfort-gloves'),
  (25006, 'NetIncome', -0.313, 'glove-tracker-comfort-gloves');
INSERT OR REPLACE INTO financial_period (id, company_id, period_label, period_type, fiscal_year, fiscal_quarter, currency, unit, report_date, source_id) VALUES (25007, 'comfort-gloves', 'Q1 FY05', 'quarter', 2005, 1, 'MYR', 'MYR millions', '2004-07-31', 'glove-tracker-comfort-gloves');
INSERT OR REPLACE INTO financial_fact (period_id, concept, value, source_id) VALUES
  (25007, 'Revenue', 9.5, 'glove-tracker-comfort-gloves'),
  (25007, 'NetIncome', 1.2, 'glove-tracker-comfort-gloves');
INSERT OR REPLACE INTO financial_period (id, company_id, period_label, period_type, fiscal_year, fiscal_quarter, currency, unit, report_date, source_id) VALUES (25008, 'comfort-gloves', 'Q2 FY05', 'quarter', 2005, 2, 'MYR', 'MYR millions', '2004-10-31', 'glove-tracker-comfort-gloves');
INSERT OR REPLACE INTO financial_fact (period_id, concept, value, source_id) VALUES
  (25008, 'Revenue', 25.4, 'glove-tracker-comfort-gloves'),
  (25008, 'NetIncome', 1.5, 'glove-tracker-comfort-gloves');
INSERT OR REPLACE INTO financial_period (id, company_id, period_label, period_type, fiscal_year, fiscal_quarter, currency, unit, report_date, source_id) VALUES (25009, 'comfort-gloves', 'Q3 FY05', 'quarter', 2005, 3, 'MYR', 'MYR millions', '2005-01-31', 'glove-tracker-comfort-gloves');
INSERT OR REPLACE INTO financial_fact (period_id, concept, value, source_id) VALUES
  (25009, 'Revenue', 18.4, 'glove-tracker-comfort-gloves'),
  (25009, 'NetIncome', 3.5, 'glove-tracker-comfort-gloves');
INSERT OR REPLACE INTO financial_period (id, company_id, period_label, period_type, fiscal_year, fiscal_quarter, currency, unit, report_date, source_id) VALUES (25010, 'comfort-gloves', 'Q1 FY06', 'quarter', 2006, 1, 'MYR', 'MYR millions', '2005-04-30', 'glove-tracker-comfort-gloves');
INSERT OR REPLACE INTO financial_fact (period_id, concept, value, source_id) VALUES
  (25010, 'Revenue', 22.5, 'glove-tracker-comfort-gloves'),
  (25010, 'NetIncome', 0.164, 'glove-tracker-comfort-gloves');
INSERT OR REPLACE INTO financial_period (id, company_id, period_label, period_type, fiscal_year, fiscal_quarter, currency, unit, report_date, source_id) VALUES (25011, 'comfort-gloves', 'Q2 FY06', 'quarter', 2006, 2, 'MYR', 'MYR millions', '2005-07-31', 'glove-tracker-comfort-gloves');
INSERT OR REPLACE INTO financial_fact (period_id, concept, value, source_id) VALUES
  (25011, 'Revenue', 22.4, 'glove-tracker-comfort-gloves'),
  (25011, 'NetIncome', 0.119, 'glove-tracker-comfort-gloves');
INSERT OR REPLACE INTO financial_period (id, company_id, period_label, period_type, fiscal_year, fiscal_quarter, currency, unit, report_date, source_id) VALUES (25012, 'comfort-gloves', 'Q3 FY06', 'quarter', 2006, 3, 'MYR', 'MYR millions', '2005-10-31', 'glove-tracker-comfort-gloves');
INSERT OR REPLACE INTO financial_fact (period_id, concept, value, source_id) VALUES
  (25012, 'Revenue', 22.6, 'glove-tracker-comfort-gloves'),
  (25012, 'NetIncome', 0.236, 'glove-tracker-comfort-gloves');
INSERT OR REPLACE INTO financial_period (id, company_id, period_label, period_type, fiscal_year, fiscal_quarter, currency, unit, report_date, source_id) VALUES (25013, 'comfort-gloves', 'Q4 FY06', 'quarter', 2006, 4, 'MYR', 'MYR millions', '2006-01-31', 'glove-tracker-comfort-gloves');
INSERT OR REPLACE INTO financial_fact (period_id, concept, value, source_id) VALUES
  (25013, 'Revenue', 23.8, 'glove-tracker-comfort-gloves'),
  (25013, 'NetIncome', -0.38, 'glove-tracker-comfort-gloves');
INSERT OR REPLACE INTO financial_period (id, company_id, period_label, period_type, fiscal_year, fiscal_quarter, currency, unit, report_date, source_id) VALUES (25014, 'comfort-gloves', 'Q1 FY07', 'quarter', 2007, 1, 'MYR', 'MYR millions', '2006-04-30', 'glove-tracker-comfort-gloves');
INSERT OR REPLACE INTO financial_fact (period_id, concept, value, source_id) VALUES
  (25014, 'Revenue', 19.9, 'glove-tracker-comfort-gloves'),
  (25014, 'NetIncome', -2.6, 'glove-tracker-comfort-gloves');
INSERT OR REPLACE INTO financial_period (id, company_id, period_label, period_type, fiscal_year, fiscal_quarter, currency, unit, report_date, source_id) VALUES (25015, 'comfort-gloves', 'Q2 FY07', 'quarter', 2007, 2, 'MYR', 'MYR millions', '2006-07-31', 'glove-tracker-comfort-gloves');
INSERT OR REPLACE INTO financial_fact (period_id, concept, value, source_id) VALUES
  (25015, 'Revenue', 28.3, 'glove-tracker-comfort-gloves'),
  (25015, 'NetIncome', -0.697, 'glove-tracker-comfort-gloves');
INSERT OR REPLACE INTO financial_period (id, company_id, period_label, period_type, fiscal_year, fiscal_quarter, currency, unit, report_date, source_id) VALUES (25016, 'comfort-gloves', 'Q3 FY07', 'quarter', 2007, 3, 'MYR', 'MYR millions', '2006-10-31', 'glove-tracker-comfort-gloves');
INSERT OR REPLACE INTO financial_fact (period_id, concept, value, source_id) VALUES
  (25016, 'Revenue', 29.7, 'glove-tracker-comfort-gloves'),
  (25016, 'NetIncome', -1.7, 'glove-tracker-comfort-gloves');
INSERT OR REPLACE INTO financial_period (id, company_id, period_label, period_type, fiscal_year, fiscal_quarter, currency, unit, report_date, source_id) VALUES (25017, 'comfort-gloves', 'Q4 FY07', 'quarter', 2007, 4, 'MYR', 'MYR millions', '2007-01-31', 'glove-tracker-comfort-gloves');
INSERT OR REPLACE INTO financial_fact (period_id, concept, value, source_id) VALUES
  (25017, 'Revenue', 27.1, 'glove-tracker-comfort-gloves'),
  (25017, 'NetIncome', -0.668, 'glove-tracker-comfort-gloves');
INSERT OR REPLACE INTO financial_period (id, company_id, period_label, period_type, fiscal_year, fiscal_quarter, currency, unit, report_date, source_id) VALUES (25018, 'comfort-gloves', 'Q1 FY08', 'quarter', 2008, 1, 'MYR', 'MYR millions', '2007-04-30', 'glove-tracker-comfort-gloves');
INSERT OR REPLACE INTO financial_fact (period_id, concept, value, source_id) VALUES
  (25018, 'Revenue', 22.6, 'glove-tracker-comfort-gloves'),
  (25018, 'NetIncome', -0.956, 'glove-tracker-comfort-gloves');
INSERT OR REPLACE INTO financial_period (id, company_id, period_label, period_type, fiscal_year, fiscal_quarter, currency, unit, report_date, source_id) VALUES (25019, 'comfort-gloves', 'Q2 FY08', 'quarter', 2008, 2, 'MYR', 'MYR millions', '2007-07-31', 'glove-tracker-comfort-gloves');
INSERT OR REPLACE INTO financial_fact (period_id, concept, value, source_id) VALUES
  (25019, 'Revenue', 26.2, 'glove-tracker-comfort-gloves'),
  (25019, 'NetIncome', 0.542, 'glove-tracker-comfort-gloves');
INSERT OR REPLACE INTO financial_period (id, company_id, period_label, period_type, fiscal_year, fiscal_quarter, currency, unit, report_date, source_id) VALUES (25020, 'comfort-gloves', 'Q3 FY08', 'quarter', 2008, 3, 'MYR', 'MYR millions', '2007-10-31', 'glove-tracker-comfort-gloves');
INSERT OR REPLACE INTO financial_fact (period_id, concept, value, source_id) VALUES
  (25020, 'Revenue', 30.3, 'glove-tracker-comfort-gloves'),
  (25020, 'NetIncome', -3.4, 'glove-tracker-comfort-gloves');
INSERT OR REPLACE INTO financial_period (id, company_id, period_label, period_type, fiscal_year, fiscal_quarter, currency, unit, report_date, source_id) VALUES (25021, 'comfort-gloves', 'Q4 FY08', 'quarter', 2008, 4, 'MYR', 'MYR millions', '2008-01-31', 'glove-tracker-comfort-gloves');
INSERT OR REPLACE INTO financial_fact (period_id, concept, value, source_id) VALUES
  (25021, 'Revenue', 22.2, 'glove-tracker-comfort-gloves'),
  (25021, 'NetIncome', -12.5, 'glove-tracker-comfort-gloves');
INSERT OR REPLACE INTO financial_period (id, company_id, period_label, period_type, fiscal_year, fiscal_quarter, currency, unit, report_date, source_id) VALUES (25022, 'comfort-gloves', 'Q1 FY09', 'quarter', 2009, 1, 'MYR', 'MYR millions', '2008-04-30', 'glove-tracker-comfort-gloves');
INSERT OR REPLACE INTO financial_fact (period_id, concept, value, source_id) VALUES
  (25022, 'Revenue', 27.1, 'glove-tracker-comfort-gloves'),
  (25022, 'NetIncome', -3.2, 'glove-tracker-comfort-gloves');
INSERT OR REPLACE INTO financial_period (id, company_id, period_label, period_type, fiscal_year, fiscal_quarter, currency, unit, report_date, source_id) VALUES (25023, 'comfort-gloves', 'Q2 FY09', 'quarter', 2009, 2, 'MYR', 'MYR millions', '2008-07-31', 'glove-tracker-comfort-gloves');
INSERT OR REPLACE INTO financial_fact (period_id, concept, value, source_id) VALUES
  (25023, 'Revenue', 36.8, 'glove-tracker-comfort-gloves'),
  (25023, 'NetIncome', -2.5, 'glove-tracker-comfort-gloves');
INSERT OR REPLACE INTO financial_period (id, company_id, period_label, period_type, fiscal_year, fiscal_quarter, currency, unit, report_date, source_id) VALUES (25024, 'comfort-gloves', 'Q3 FY09', 'quarter', 2009, 3, 'MYR', 'MYR millions', '2008-10-31', 'glove-tracker-comfort-gloves');
INSERT OR REPLACE INTO financial_fact (period_id, concept, value, source_id) VALUES
  (25024, 'Revenue', 38.3, 'glove-tracker-comfort-gloves'),
  (25024, 'NetIncome', -0.06, 'glove-tracker-comfort-gloves');
INSERT OR REPLACE INTO financial_period (id, company_id, period_label, period_type, fiscal_year, fiscal_quarter, currency, unit, report_date, source_id) VALUES (25025, 'comfort-gloves', 'Q4 FY09', 'quarter', 2009, 4, 'MYR', 'MYR millions', '2009-01-31', 'glove-tracker-comfort-gloves');
INSERT OR REPLACE INTO financial_fact (period_id, concept, value, source_id) VALUES
  (25025, 'Revenue', 34.3, 'glove-tracker-comfort-gloves'),
  (25025, 'NetIncome', 0.514, 'glove-tracker-comfort-gloves');
INSERT OR REPLACE INTO financial_period (id, company_id, period_label, period_type, fiscal_year, fiscal_quarter, currency, unit, report_date, source_id) VALUES (25026, 'comfort-gloves', 'Q1 FY10', 'quarter', 2010, 1, 'MYR', 'MYR millions', '2009-04-30', 'glove-tracker-comfort-gloves');
INSERT OR REPLACE INTO financial_fact (period_id, concept, value, source_id) VALUES
  (25026, 'Revenue', 26.6, 'glove-tracker-comfort-gloves'),
  (25026, 'NetIncome', 3.7, 'glove-tracker-comfort-gloves');
INSERT OR REPLACE INTO financial_period (id, company_id, period_label, period_type, fiscal_year, fiscal_quarter, currency, unit, report_date, source_id) VALUES (25027, 'comfort-gloves', 'Q2 FY10', 'quarter', 2010, 2, 'MYR', 'MYR millions', '2009-07-31', 'glove-tracker-comfort-gloves');
INSERT OR REPLACE INTO financial_fact (period_id, concept, value, source_id) VALUES
  (25027, 'Revenue', 34.8, 'glove-tracker-comfort-gloves'),
  (25027, 'NetIncome', 0.483, 'glove-tracker-comfort-gloves');
INSERT OR REPLACE INTO financial_period (id, company_id, period_label, period_type, fiscal_year, fiscal_quarter, currency, unit, report_date, source_id) VALUES (25028, 'comfort-gloves', 'Q3 FY10', 'quarter', 2010, 3, 'MYR', 'MYR millions', '2009-10-31', 'glove-tracker-comfort-gloves');
INSERT OR REPLACE INTO financial_fact (period_id, concept, value, source_id) VALUES
  (25028, 'Revenue', 39.3, 'glove-tracker-comfort-gloves'),
  (25028, 'NetIncome', 0.355, 'glove-tracker-comfort-gloves');
INSERT OR REPLACE INTO financial_period (id, company_id, period_label, period_type, fiscal_year, fiscal_quarter, currency, unit, report_date, source_id) VALUES (25029, 'comfort-gloves', 'Q4 FY10', 'quarter', 2010, 4, 'MYR', 'MYR millions', '2010-01-31', 'glove-tracker-comfort-gloves');
INSERT OR REPLACE INTO financial_fact (period_id, concept, value, source_id) VALUES
  (25029, 'Revenue', 46.3, 'glove-tracker-comfort-gloves'),
  (25029, 'NetIncome', 0.72, 'glove-tracker-comfort-gloves');
INSERT OR REPLACE INTO financial_period (id, company_id, period_label, period_type, fiscal_year, fiscal_quarter, currency, unit, report_date, source_id) VALUES (25030, 'comfort-gloves', 'Q1 FY11', 'quarter', 2011, 1, 'MYR', 'MYR millions', '2010-04-30', 'glove-tracker-comfort-gloves');
INSERT OR REPLACE INTO financial_fact (period_id, concept, value, source_id) VALUES
  (25030, 'Revenue', 41.6, 'glove-tracker-comfort-gloves'),
  (25030, 'NetIncome', 0.326, 'glove-tracker-comfort-gloves');
INSERT OR REPLACE INTO financial_period (id, company_id, period_label, period_type, fiscal_year, fiscal_quarter, currency, unit, report_date, source_id) VALUES (25031, 'comfort-gloves', 'Q2 FY11', 'quarter', 2011, 2, 'MYR', 'MYR millions', '2010-07-31', 'glove-tracker-comfort-gloves');
INSERT OR REPLACE INTO financial_fact (period_id, concept, value, source_id) VALUES
  (25031, 'Revenue', 33.8, 'glove-tracker-comfort-gloves'),
  (25031, 'NetIncome', 0.162, 'glove-tracker-comfort-gloves');
INSERT OR REPLACE INTO financial_period (id, company_id, period_label, period_type, fiscal_year, fiscal_quarter, currency, unit, report_date, source_id) VALUES (25032, 'comfort-gloves', 'Q3 FY11', 'quarter', 2011, 3, 'MYR', 'MYR millions', '2010-10-31', 'glove-tracker-comfort-gloves');
INSERT OR REPLACE INTO financial_fact (period_id, concept, value, source_id) VALUES
  (25032, 'Revenue', 31.8, 'glove-tracker-comfort-gloves'),
  (25032, 'NetIncome', 2.9, 'glove-tracker-comfort-gloves');
INSERT OR REPLACE INTO financial_period (id, company_id, period_label, period_type, fiscal_year, fiscal_quarter, currency, unit, report_date, source_id) VALUES (25033, 'comfort-gloves', 'Q4 FY11', 'quarter', 2011, 4, 'MYR', 'MYR millions', '2011-01-31', 'glove-tracker-comfort-gloves');
INSERT OR REPLACE INTO financial_fact (period_id, concept, value, source_id) VALUES
  (25033, 'Revenue', 32.8, 'glove-tracker-comfort-gloves'),
  (25033, 'NetIncome', -41.3, 'glove-tracker-comfort-gloves');
INSERT OR REPLACE INTO financial_period (id, company_id, period_label, period_type, fiscal_year, fiscal_quarter, currency, unit, report_date, source_id) VALUES (25034, 'comfort-gloves', 'Q1 FY12', 'quarter', 2012, 1, 'MYR', 'MYR millions', '2011-04-30', 'glove-tracker-comfort-gloves');
INSERT OR REPLACE INTO financial_fact (period_id, concept, value, source_id) VALUES
  (25034, 'Revenue', 25.3, 'glove-tracker-comfort-gloves'),
  (25034, 'NetIncome', -5.9, 'glove-tracker-comfort-gloves');
INSERT OR REPLACE INTO financial_period (id, company_id, period_label, period_type, fiscal_year, fiscal_quarter, currency, unit, report_date, source_id) VALUES (25035, 'comfort-gloves', 'Q2 FY12', 'quarter', 2012, 2, 'MYR', 'MYR millions', '2011-07-31', 'glove-tracker-comfort-gloves');
INSERT OR REPLACE INTO financial_fact (period_id, concept, value, source_id) VALUES
  (25035, 'Revenue', 36.8, 'glove-tracker-comfort-gloves'),
  (25035, 'NetIncome', -6.7, 'glove-tracker-comfort-gloves');
INSERT OR REPLACE INTO financial_period (id, company_id, period_label, period_type, fiscal_year, fiscal_quarter, currency, unit, report_date, source_id) VALUES (25036, 'comfort-gloves', 'Q3 FY12', 'quarter', 2012, 3, 'MYR', 'MYR millions', '2011-10-31', 'glove-tracker-comfort-gloves');
INSERT OR REPLACE INTO financial_fact (period_id, concept, value, source_id) VALUES
  (25036, 'Revenue', 24.8, 'glove-tracker-comfort-gloves'),
  (25036, 'NetIncome', -5.3, 'glove-tracker-comfort-gloves');
INSERT OR REPLACE INTO financial_period (id, company_id, period_label, period_type, fiscal_year, fiscal_quarter, currency, unit, report_date, source_id) VALUES (25037, 'comfort-gloves', 'Q4 FY12', 'quarter', 2012, 4, 'MYR', 'MYR millions', '2012-01-31', 'glove-tracker-comfort-gloves');
INSERT OR REPLACE INTO financial_fact (period_id, concept, value, source_id) VALUES
  (25037, 'Revenue', 30.8, 'glove-tracker-comfort-gloves'),
  (25037, 'NetIncome', -3.4, 'glove-tracker-comfort-gloves');
INSERT OR REPLACE INTO financial_period (id, company_id, period_label, period_type, fiscal_year, fiscal_quarter, currency, unit, report_date, source_id) VALUES (25038, 'comfort-gloves', 'Q1 FY13', 'quarter', 2013, 1, 'MYR', 'MYR millions', '2012-04-30', 'glove-tracker-comfort-gloves');
INSERT OR REPLACE INTO financial_fact (period_id, concept, value, source_id) VALUES
  (25038, 'Revenue', 28.4, 'glove-tracker-comfort-gloves'),
  (25038, 'NetIncome', -6.5, 'glove-tracker-comfort-gloves');
INSERT OR REPLACE INTO financial_period (id, company_id, period_label, period_type, fiscal_year, fiscal_quarter, currency, unit, report_date, source_id) VALUES (25039, 'comfort-gloves', 'Q2 FY13', 'quarter', 2013, 2, 'MYR', 'MYR millions', '2012-07-31', 'glove-tracker-comfort-gloves');
INSERT OR REPLACE INTO financial_fact (period_id, concept, value, source_id) VALUES
  (25039, 'Revenue', 33.1, 'glove-tracker-comfort-gloves'),
  (25039, 'NetIncome', -1.5, 'glove-tracker-comfort-gloves');
INSERT OR REPLACE INTO financial_period (id, company_id, period_label, period_type, fiscal_year, fiscal_quarter, currency, unit, report_date, source_id) VALUES (25040, 'comfort-gloves', 'Q3 FY13', 'quarter', 2013, 3, 'MYR', 'MYR millions', '2012-10-31', 'glove-tracker-comfort-gloves');
INSERT OR REPLACE INTO financial_fact (period_id, concept, value, source_id) VALUES
  (25040, 'Revenue', 33.6, 'glove-tracker-comfort-gloves'),
  (25040, 'NetIncome', -9.9, 'glove-tracker-comfort-gloves');
INSERT OR REPLACE INTO financial_period (id, company_id, period_label, period_type, fiscal_year, fiscal_quarter, currency, unit, report_date, source_id) VALUES (25041, 'comfort-gloves', 'Q4 FY13', 'quarter', 2013, 4, 'MYR', 'MYR millions', '2013-01-31', 'glove-tracker-comfort-gloves');
INSERT OR REPLACE INTO financial_fact (period_id, concept, value, source_id) VALUES
  (25041, 'Revenue', 30.4, 'glove-tracker-comfort-gloves'),
  (25041, 'NetIncome', -20.7, 'glove-tracker-comfort-gloves');
INSERT OR REPLACE INTO financial_period (id, company_id, period_label, period_type, fiscal_year, fiscal_quarter, currency, unit, report_date, source_id) VALUES (25042, 'comfort-gloves', 'Q1 FY14', 'quarter', 2014, 1, 'MYR', 'MYR millions', '2013-04-30', 'glove-tracker-comfort-gloves');
INSERT OR REPLACE INTO financial_fact (period_id, concept, value, source_id) VALUES
  (25042, 'Revenue', 29.9, 'glove-tracker-comfort-gloves'),
  (25042, 'NetIncome', -10.1, 'glove-tracker-comfort-gloves');
INSERT OR REPLACE INTO financial_period (id, company_id, period_label, period_type, fiscal_year, fiscal_quarter, currency, unit, report_date, source_id) VALUES (25043, 'comfort-gloves', 'Q2 FY14', 'quarter', 2014, 2, 'MYR', 'MYR millions', '2013-07-31', 'glove-tracker-comfort-gloves');
INSERT OR REPLACE INTO financial_fact (period_id, concept, value, source_id) VALUES
  (25043, 'Revenue', 33.9, 'glove-tracker-comfort-gloves'),
  (25043, 'NetIncome', -28.1, 'glove-tracker-comfort-gloves');
INSERT OR REPLACE INTO financial_period (id, company_id, period_label, period_type, fiscal_year, fiscal_quarter, currency, unit, report_date, source_id) VALUES (25044, 'comfort-gloves', 'Q3 FY14', 'quarter', 2014, 3, 'MYR', 'MYR millions', '2013-10-31', 'glove-tracker-comfort-gloves');
INSERT OR REPLACE INTO financial_fact (period_id, concept, value, source_id) VALUES
  (25044, 'Revenue', 35.2, 'glove-tracker-comfort-gloves'),
  (25044, 'NetIncome', 27.6, 'glove-tracker-comfort-gloves');
INSERT OR REPLACE INTO financial_period (id, company_id, period_label, period_type, fiscal_year, fiscal_quarter, currency, unit, report_date, source_id) VALUES (25045, 'comfort-gloves', 'Q4 FY14', 'quarter', 2014, 4, 'MYR', 'MYR millions', '2014-01-31', 'glove-tracker-comfort-gloves');
INSERT OR REPLACE INTO financial_fact (period_id, concept, value, source_id) VALUES
  (25045, 'Revenue', 35.7, 'glove-tracker-comfort-gloves'),
  (25045, 'NetIncome', -9, 'glove-tracker-comfort-gloves');
INSERT OR REPLACE INTO financial_period (id, company_id, period_label, period_type, fiscal_year, fiscal_quarter, currency, unit, report_date, source_id) VALUES (25046, 'comfort-gloves', 'Q1 FY15', 'quarter', 2015, 1, 'MYR', 'MYR millions', '2014-04-30', 'glove-tracker-comfort-gloves');
INSERT OR REPLACE INTO financial_fact (period_id, concept, value, source_id) VALUES
  (25046, 'Revenue', 36.3, 'glove-tracker-comfort-gloves'),
  (25046, 'NetIncome', 0.286, 'glove-tracker-comfort-gloves');
INSERT OR REPLACE INTO financial_period (id, company_id, period_label, period_type, fiscal_year, fiscal_quarter, currency, unit, report_date, source_id) VALUES (25047, 'comfort-gloves', 'Q2 FY15', 'quarter', 2015, 2, 'MYR', 'MYR millions', '2014-07-31', 'glove-tracker-comfort-gloves');
INSERT OR REPLACE INTO financial_fact (period_id, concept, value, source_id) VALUES
  (25047, 'Revenue', 38.5, 'glove-tracker-comfort-gloves'),
  (25047, 'NetIncome', 0.63, 'glove-tracker-comfort-gloves');
INSERT OR REPLACE INTO financial_period (id, company_id, period_label, period_type, fiscal_year, fiscal_quarter, currency, unit, report_date, source_id) VALUES (25048, 'comfort-gloves', 'Q3 FY15', 'quarter', 2015, 3, 'MYR', 'MYR millions', '2014-10-31', 'glove-tracker-comfort-gloves');
INSERT OR REPLACE INTO financial_fact (period_id, concept, value, source_id) VALUES
  (25048, 'Revenue', 38.4, 'glove-tracker-comfort-gloves'),
  (25048, 'NetIncome', 0.672, 'glove-tracker-comfort-gloves');
INSERT OR REPLACE INTO financial_period (id, company_id, period_label, period_type, fiscal_year, fiscal_quarter, currency, unit, report_date, source_id) VALUES (25049, 'comfort-gloves', 'Q4 FY15', 'quarter', 2015, 4, 'MYR', 'MYR millions', '2015-01-31', 'glove-tracker-comfort-gloves');
INSERT OR REPLACE INTO financial_fact (period_id, concept, value, source_id) VALUES
  (25049, 'Revenue', 42, 'glove-tracker-comfort-gloves'),
  (25049, 'NetIncome', 2.7, 'glove-tracker-comfort-gloves');
INSERT OR REPLACE INTO financial_period (id, company_id, period_label, period_type, fiscal_year, fiscal_quarter, currency, unit, report_date, source_id) VALUES (25050, 'comfort-gloves', 'Q1 FY16', 'quarter', 2016, 1, 'MYR', 'MYR millions', '2015-04-30', 'glove-tracker-comfort-gloves');
INSERT OR REPLACE INTO financial_fact (period_id, concept, value, source_id) VALUES
  (25050, 'Revenue', 52.6, 'glove-tracker-comfort-gloves'),
  (25050, 'NetIncome', 4.1, 'glove-tracker-comfort-gloves');
INSERT OR REPLACE INTO financial_period (id, company_id, period_label, period_type, fiscal_year, fiscal_quarter, currency, unit, report_date, source_id) VALUES (25051, 'comfort-gloves', 'Q2 FY16', 'quarter', 2016, 2, 'MYR', 'MYR millions', '2015-07-31', 'glove-tracker-comfort-gloves');
INSERT OR REPLACE INTO financial_fact (period_id, concept, value, source_id) VALUES
  (25051, 'Revenue', 57.3, 'glove-tracker-comfort-gloves'),
  (25051, 'NetIncome', 5, 'glove-tracker-comfort-gloves');
INSERT OR REPLACE INTO financial_period (id, company_id, period_label, period_type, fiscal_year, fiscal_quarter, currency, unit, report_date, source_id) VALUES (25052, 'comfort-gloves', 'Q3 FY16', 'quarter', 2016, 3, 'MYR', 'MYR millions', '2015-10-31', 'glove-tracker-comfort-gloves');
INSERT OR REPLACE INTO financial_fact (period_id, concept, value, source_id) VALUES
  (25052, 'Revenue', 61.3, 'glove-tracker-comfort-gloves'),
  (25052, 'NetIncome', 7.2, 'glove-tracker-comfort-gloves');
INSERT OR REPLACE INTO financial_period (id, company_id, period_label, period_type, fiscal_year, fiscal_quarter, currency, unit, report_date, source_id) VALUES (25053, 'comfort-gloves', 'Q4 FY16', 'quarter', 2016, 4, 'MYR', 'MYR millions', '2016-01-31', 'glove-tracker-comfort-gloves');
INSERT OR REPLACE INTO financial_fact (period_id, concept, value, source_id) VALUES
  (25053, 'Revenue', 58.6, 'glove-tracker-comfort-gloves'),
  (25053, 'NetIncome', 7.2, 'glove-tracker-comfort-gloves');
INSERT OR REPLACE INTO financial_period (id, company_id, period_label, period_type, fiscal_year, fiscal_quarter, currency, unit, report_date, source_id) VALUES (25054, 'comfort-gloves', 'Q1 FY17', 'quarter', 2017, 1, 'MYR', 'MYR millions', '2016-04-30', 'glove-tracker-comfort-gloves');
INSERT OR REPLACE INTO financial_fact (period_id, concept, value, source_id) VALUES
  (25054, 'Revenue', 52.3, 'glove-tracker-comfort-gloves'),
  (25054, 'NetIncome', -9.4, 'glove-tracker-comfort-gloves');
INSERT OR REPLACE INTO financial_period (id, company_id, period_label, period_type, fiscal_year, fiscal_quarter, currency, unit, report_date, source_id) VALUES (25055, 'comfort-gloves', 'Q2 FY17', 'quarter', 2017, 2, 'MYR', 'MYR millions', '2016-07-31', 'glove-tracker-comfort-gloves');
INSERT OR REPLACE INTO financial_fact (period_id, concept, value, source_id) VALUES
  (25055, 'Revenue', 63.9, 'glove-tracker-comfort-gloves'),
  (25055, 'NetIncome', 18.8, 'glove-tracker-comfort-gloves');
INSERT OR REPLACE INTO financial_period (id, company_id, period_label, period_type, fiscal_year, fiscal_quarter, currency, unit, report_date, source_id) VALUES (25056, 'comfort-gloves', 'Q3 FY17', 'quarter', 2017, 3, 'MYR', 'MYR millions', '2016-10-31', 'glove-tracker-comfort-gloves');
INSERT OR REPLACE INTO financial_fact (period_id, concept, value, source_id) VALUES
  (25056, 'Revenue', 74, 'glove-tracker-comfort-gloves'),
  (25056, 'NetIncome', 8.3, 'glove-tracker-comfort-gloves');
INSERT OR REPLACE INTO financial_period (id, company_id, period_label, period_type, fiscal_year, fiscal_quarter, currency, unit, report_date, source_id) VALUES (25057, 'comfort-gloves', 'Q4 FY17', 'quarter', 2017, 4, 'MYR', 'MYR millions', '2017-01-31', 'glove-tracker-comfort-gloves');
INSERT OR REPLACE INTO financial_fact (period_id, concept, value, source_id) VALUES
  (25057, 'Revenue', 72.7, 'glove-tracker-comfort-gloves'),
  (25057, 'NetIncome', 8.2, 'glove-tracker-comfort-gloves');
INSERT OR REPLACE INTO financial_period (id, company_id, period_label, period_type, fiscal_year, fiscal_quarter, currency, unit, report_date, source_id) VALUES (25058, 'comfort-gloves', 'Q1 FY18', 'quarter', 2018, 1, 'MYR', 'MYR millions', '2017-04-30', 'glove-tracker-comfort-gloves');
INSERT OR REPLACE INTO financial_fact (period_id, concept, value, source_id) VALUES
  (25058, 'Revenue', 93.7, 'glove-tracker-comfort-gloves'),
  (25058, 'NetIncome', 10.1, 'glove-tracker-comfort-gloves');
INSERT OR REPLACE INTO financial_period (id, company_id, period_label, period_type, fiscal_year, fiscal_quarter, currency, unit, report_date, source_id) VALUES (25059, 'comfort-gloves', 'Q2 FY18', 'quarter', 2018, 2, 'MYR', 'MYR millions', '2017-07-31', 'glove-tracker-comfort-gloves');
INSERT OR REPLACE INTO financial_fact (period_id, concept, value, source_id) VALUES
  (25059, 'Revenue', 114.6, 'glove-tracker-comfort-gloves'),
  (25059, 'NetIncome', 9.1, 'glove-tracker-comfort-gloves');
INSERT OR REPLACE INTO financial_period (id, company_id, period_label, period_type, fiscal_year, fiscal_quarter, currency, unit, report_date, source_id) VALUES (25060, 'comfort-gloves', 'Q3 FY18', 'quarter', 2018, 3, 'MYR', 'MYR millions', '2017-10-31', 'glove-tracker-comfort-gloves');
INSERT OR REPLACE INTO financial_fact (period_id, concept, value, source_id) VALUES
  (25060, 'Revenue', 106.5, 'glove-tracker-comfort-gloves'),
  (25060, 'NetIncome', 11.9, 'glove-tracker-comfort-gloves');
INSERT OR REPLACE INTO financial_period (id, company_id, period_label, period_type, fiscal_year, fiscal_quarter, currency, unit, report_date, source_id) VALUES (25061, 'comfort-gloves', 'Q4 FY18', 'quarter', 2018, 4, 'MYR', 'MYR millions', '2018-01-31', 'glove-tracker-comfort-gloves');
INSERT OR REPLACE INTO financial_fact (period_id, concept, value, source_id) VALUES
  (25061, 'Revenue', 106.4, 'glove-tracker-comfort-gloves'),
  (25061, 'NetIncome', 4.8, 'glove-tracker-comfort-gloves');
INSERT OR REPLACE INTO financial_period (id, company_id, period_label, period_type, fiscal_year, fiscal_quarter, currency, unit, report_date, source_id) VALUES (25062, 'comfort-gloves', 'Q1 FY19', 'quarter', 2019, 1, 'MYR', 'MYR millions', '2018-04-30', 'glove-tracker-comfort-gloves');
INSERT OR REPLACE INTO financial_fact (period_id, concept, value, source_id) VALUES
  (25062, 'Revenue', 106.6, 'glove-tracker-comfort-gloves'),
  (25062, 'NetIncome', 7.3, 'glove-tracker-comfort-gloves');
INSERT OR REPLACE INTO financial_period (id, company_id, period_label, period_type, fiscal_year, fiscal_quarter, currency, unit, report_date, source_id) VALUES (25063, 'comfort-gloves', 'Q2 FY19', 'quarter', 2019, 2, 'MYR', 'MYR millions', '2018-07-31', 'glove-tracker-comfort-gloves');
INSERT OR REPLACE INTO financial_fact (period_id, concept, value, source_id) VALUES
  (25063, 'Revenue', 109.8, 'glove-tracker-comfort-gloves'),
  (25063, 'NetIncome', 4.1, 'glove-tracker-comfort-gloves');
INSERT OR REPLACE INTO financial_period (id, company_id, period_label, period_type, fiscal_year, fiscal_quarter, currency, unit, report_date, source_id) VALUES (25064, 'comfort-gloves', 'Q3 FY19', 'quarter', 2019, 3, 'MYR', 'MYR millions', '2018-10-31', 'glove-tracker-comfort-gloves');
INSERT OR REPLACE INTO financial_fact (period_id, concept, value, source_id) VALUES
  (25064, 'Revenue', 127, 'glove-tracker-comfort-gloves'),
  (25064, 'NetIncome', 7.1, 'glove-tracker-comfort-gloves');
INSERT OR REPLACE INTO financial_period (id, company_id, period_label, period_type, fiscal_year, fiscal_quarter, currency, unit, report_date, source_id) VALUES (25065, 'comfort-gloves', 'Q4 FY19', 'quarter', 2019, 4, 'MYR', 'MYR millions', '2019-01-31', 'glove-tracker-comfort-gloves');
INSERT OR REPLACE INTO financial_fact (period_id, concept, value, source_id) VALUES
  (25065, 'Revenue', 130.6, 'glove-tracker-comfort-gloves'),
  (25065, 'NetIncome', 9.4, 'glove-tracker-comfort-gloves');
INSERT OR REPLACE INTO financial_period (id, company_id, period_label, period_type, fiscal_year, fiscal_quarter, currency, unit, report_date, source_id) VALUES (25066, 'comfort-gloves', 'Q1 FY20', 'quarter', 2020, 1, 'MYR', 'MYR millions', '2019-04-30', 'glove-tracker-comfort-gloves');
INSERT OR REPLACE INTO financial_fact (period_id, concept, value, source_id) VALUES
  (25066, 'Revenue', 120, 'glove-tracker-comfort-gloves'),
  (25066, 'NetIncome', 8.4, 'glove-tracker-comfort-gloves');
INSERT OR REPLACE INTO financial_period (id, company_id, period_label, period_type, fiscal_year, fiscal_quarter, currency, unit, report_date, source_id) VALUES (25067, 'comfort-gloves', 'Q2 FY20', 'quarter', 2020, 2, 'MYR', 'MYR millions', '2019-07-31', 'glove-tracker-comfort-gloves');
INSERT OR REPLACE INTO financial_fact (period_id, concept, value, source_id) VALUES
  (25067, 'Revenue', 117.6, 'glove-tracker-comfort-gloves'),
  (25067, 'NetIncome', 7.1, 'glove-tracker-comfort-gloves');
INSERT OR REPLACE INTO financial_period (id, company_id, period_label, period_type, fiscal_year, fiscal_quarter, currency, unit, report_date, source_id) VALUES (25068, 'comfort-gloves', 'Q3 FY20', 'quarter', 2020, 3, 'MYR', 'MYR millions', '2019-10-31', 'glove-tracker-comfort-gloves');
INSERT OR REPLACE INTO financial_fact (period_id, concept, value, source_id) VALUES
  (25068, 'Revenue', 134.5, 'glove-tracker-comfort-gloves'),
  (25068, 'NetIncome', 7.4, 'glove-tracker-comfort-gloves');
INSERT OR REPLACE INTO financial_period (id, company_id, period_label, period_type, fiscal_year, fiscal_quarter, currency, unit, report_date, source_id) VALUES (25069, 'comfort-gloves', 'Q4 FY20', 'quarter', 2020, 4, 'MYR', 'MYR millions', '2020-01-31', 'glove-tracker-comfort-gloves');
INSERT OR REPLACE INTO financial_fact (period_id, concept, value, source_id) VALUES
  (25069, 'Revenue', 138.6, 'glove-tracker-comfort-gloves'),
  (25069, 'NetIncome', 10.2, 'glove-tracker-comfort-gloves');
INSERT OR REPLACE INTO financial_period (id, company_id, period_label, period_type, fiscal_year, fiscal_quarter, currency, unit, report_date, source_id) VALUES (25070, 'comfort-gloves', 'Q1 FY21', 'quarter', 2021, 1, 'MYR', 'MYR millions', '2020-04-30', 'glove-tracker-comfort-gloves');
INSERT OR REPLACE INTO financial_fact (period_id, concept, value, source_id) VALUES
  (25070, 'Revenue', 152.9, 'glove-tracker-comfort-gloves'),
  (25070, 'NetIncome', 16.3, 'glove-tracker-comfort-gloves');
INSERT OR REPLACE INTO financial_period (id, company_id, period_label, period_type, fiscal_year, fiscal_quarter, currency, unit, report_date, source_id) VALUES (25071, 'comfort-gloves', 'Q2 FY21', 'quarter', 2021, 2, 'MYR', 'MYR millions', '2020-07-31', 'glove-tracker-comfort-gloves');
INSERT OR REPLACE INTO financial_fact (period_id, concept, value, source_id) VALUES
  (25071, 'Revenue', 198, 'glove-tracker-comfort-gloves'),
  (25071, 'NetIncome', 42.8, 'glove-tracker-comfort-gloves');
INSERT OR REPLACE INTO financial_period (id, company_id, period_label, period_type, fiscal_year, fiscal_quarter, currency, unit, report_date, source_id) VALUES (25072, 'comfort-gloves', 'Q3 FY21', 'quarter', 2021, 3, 'MYR', 'MYR millions', '2020-10-31', 'glove-tracker-comfort-gloves');
INSERT OR REPLACE INTO financial_fact (period_id, concept, value, source_id) VALUES
  (25072, 'Revenue', 276.7, 'glove-tracker-comfort-gloves'),
  (25072, 'NetIncome', 90.3, 'glove-tracker-comfort-gloves');
INSERT OR REPLACE INTO financial_period (id, company_id, period_label, period_type, fiscal_year, fiscal_quarter, currency, unit, report_date, source_id) VALUES (25073, 'comfort-gloves', 'Q4 FY21', 'quarter', 2021, 4, 'MYR', 'MYR millions', '2021-01-31', 'glove-tracker-comfort-gloves');
INSERT OR REPLACE INTO financial_fact (period_id, concept, value, source_id) VALUES
  (25073, 'Revenue', 318.9, 'glove-tracker-comfort-gloves'),
  (25073, 'NetIncome', 137.9, 'glove-tracker-comfort-gloves');
INSERT OR REPLACE INTO financial_period (id, company_id, period_label, period_type, fiscal_year, fiscal_quarter, currency, unit, report_date, source_id) VALUES (25074, 'comfort-gloves', 'Q1 FY22', 'quarter', 2022, 1, 'MYR', 'MYR millions', '2022-03-31', 'glove-tracker-comfort-gloves');
INSERT OR REPLACE INTO financial_fact (period_id, concept, value, source_id) VALUES
  (25074, 'Revenue', 176.4, 'glove-tracker-comfort-gloves'),
  (25074, 'NetIncome', -10.1, 'glove-tracker-comfort-gloves');
INSERT OR REPLACE INTO financial_period (id, company_id, period_label, period_type, fiscal_year, fiscal_quarter, currency, unit, report_date, source_id) VALUES (25075, 'comfort-gloves', 'Q2 FY22', 'quarter', 2022, 2, 'MYR', 'MYR millions', '2022-06-30', 'glove-tracker-comfort-gloves');
INSERT OR REPLACE INTO financial_fact (period_id, concept, value, source_id) VALUES
  (25075, 'Revenue', 199.8, 'glove-tracker-comfort-gloves'),
  (25075, 'NetIncome', 3.2, 'glove-tracker-comfort-gloves');
INSERT OR REPLACE INTO financial_period (id, company_id, period_label, period_type, fiscal_year, fiscal_quarter, currency, unit, report_date, source_id) VALUES (25076, 'comfort-gloves', 'Q3 FY22', 'quarter', 2022, 3, 'MYR', 'MYR millions', '2022-09-30', 'glove-tracker-comfort-gloves');
INSERT OR REPLACE INTO financial_fact (period_id, concept, value, source_id) VALUES
  (25076, 'Revenue', 126.8, 'glove-tracker-comfort-gloves'),
  (25076, 'NetIncome', -17.8, 'glove-tracker-comfort-gloves');
INSERT OR REPLACE INTO financial_period (id, company_id, period_label, period_type, fiscal_year, fiscal_quarter, currency, unit, report_date, source_id) VALUES (25077, 'comfort-gloves', 'Q4 FY22', 'quarter', 2022, 4, 'MYR', 'MYR millions', '2022-12-31', 'glove-tracker-comfort-gloves');
INSERT OR REPLACE INTO financial_fact (period_id, concept, value, source_id) VALUES
  (25077, 'Revenue', 103.7, 'glove-tracker-comfort-gloves'),
  (25077, 'NetIncome', -17.5, 'glove-tracker-comfort-gloves');
INSERT OR REPLACE INTO financial_period (id, company_id, period_label, period_type, fiscal_year, fiscal_quarter, currency, unit, report_date, source_id) VALUES (25078, 'comfort-gloves', 'Q1 FY23', 'quarter', 2023, 1, 'MYR', 'MYR millions', '2023-03-31', 'glove-tracker-comfort-gloves');
INSERT OR REPLACE INTO financial_fact (period_id, concept, value, source_id) VALUES
  (25078, 'Revenue', 89.6, 'glove-tracker-comfort-gloves'),
  (25078, 'NetIncome', -29.1, 'glove-tracker-comfort-gloves');
INSERT OR REPLACE INTO financial_period (id, company_id, period_label, period_type, fiscal_year, fiscal_quarter, currency, unit, report_date, source_id) VALUES (25079, 'comfort-gloves', 'Q2 FY23', 'quarter', 2023, 2, 'MYR', 'MYR millions', '2023-06-30', 'glove-tracker-comfort-gloves');
INSERT OR REPLACE INTO financial_fact (period_id, concept, value, source_id) VALUES
  (25079, 'Revenue', 90.2, 'glove-tracker-comfort-gloves'),
  (25079, 'NetIncome', -4.2, 'glove-tracker-comfort-gloves');
INSERT OR REPLACE INTO financial_period (id, company_id, period_label, period_type, fiscal_year, fiscal_quarter, currency, unit, report_date, source_id) VALUES (25080, 'comfort-gloves', 'Q3 FY23', 'quarter', 2023, 3, 'MYR', 'MYR millions', '2023-09-30', 'glove-tracker-comfort-gloves');
INSERT OR REPLACE INTO financial_fact (period_id, concept, value, source_id) VALUES
  (25080, 'Revenue', 72.4, 'glove-tracker-comfort-gloves'),
  (25080, 'NetIncome', -7.9, 'glove-tracker-comfort-gloves');
INSERT OR REPLACE INTO financial_period (id, company_id, period_label, period_type, fiscal_year, fiscal_quarter, currency, unit, report_date, source_id) VALUES (25081, 'comfort-gloves', 'Q4 FY23', 'quarter', 2023, 4, 'MYR', 'MYR millions', '2023-12-31', 'glove-tracker-comfort-gloves');
INSERT OR REPLACE INTO financial_fact (period_id, concept, value, source_id) VALUES
  (25081, 'Revenue', 73.6, 'glove-tracker-comfort-gloves'),
  (25081, 'NetIncome', 4.4, 'glove-tracker-comfort-gloves');
INSERT OR REPLACE INTO financial_period (id, company_id, period_label, period_type, fiscal_year, fiscal_quarter, currency, unit, report_date, source_id) VALUES (25082, 'comfort-gloves', 'Q1 FY24', 'quarter', 2024, 1, 'MYR', 'MYR millions', '2024-03-31', 'glove-tracker-comfort-gloves');
INSERT OR REPLACE INTO financial_fact (period_id, concept, value, source_id) VALUES
  (25082, 'Revenue', 67.205, 'glove-tracker-comfort-gloves'),
  (25082, 'OperatingIncome', -13.214, 'glove-tracker-comfort-gloves'),
  (25082, 'NetIncome', -10.627, 'glove-tracker-comfort-gloves');
INSERT OR REPLACE INTO financial_period (id, company_id, period_label, period_type, fiscal_year, fiscal_quarter, currency, unit, report_date, source_id) VALUES (25083, 'comfort-gloves', 'Q2 FY24', 'quarter', 2024, 2, 'MYR', 'MYR millions', '2024-06-30', 'glove-tracker-comfort-gloves');
INSERT OR REPLACE INTO financial_fact (period_id, concept, value, source_id) VALUES
  (25083, 'Revenue', 76.569, 'glove-tracker-comfort-gloves'),
  (25083, 'OperatingIncome', -9.505, 'glove-tracker-comfort-gloves'),
  (25083, 'NetIncome', -6.628, 'glove-tracker-comfort-gloves');
INSERT OR REPLACE INTO financial_period (id, company_id, period_label, period_type, fiscal_year, fiscal_quarter, currency, unit, report_date, source_id) VALUES (25084, 'comfort-gloves', 'Q3 FY24', 'quarter', 2024, 3, 'MYR', 'MYR millions', '2024-09-30', 'glove-tracker-comfort-gloves');
INSERT OR REPLACE INTO financial_fact (period_id, concept, value, source_id) VALUES
  (25084, 'Revenue', 105.485, 'glove-tracker-comfort-gloves'),
  (25084, 'OperatingIncome', -25.608, 'glove-tracker-comfort-gloves'),
  (25084, 'NetIncome', -26.32, 'glove-tracker-comfort-gloves');
INSERT OR REPLACE INTO financial_period (id, company_id, period_label, period_type, fiscal_year, fiscal_quarter, currency, unit, report_date, source_id) VALUES (25085, 'comfort-gloves', 'Q4 FY24', 'quarter', 2024, 4, 'MYR', 'MYR millions', '2024-12-31', 'glove-tracker-comfort-gloves');
INSERT OR REPLACE INTO financial_fact (period_id, concept, value, source_id) VALUES
  (25085, 'Revenue', 97.497, 'glove-tracker-comfort-gloves'),
  (25085, 'OperatingIncome', -13.544, 'glove-tracker-comfort-gloves'),
  (25085, 'NetIncome', -12.315, 'glove-tracker-comfort-gloves');
INSERT OR REPLACE INTO financial_period (id, company_id, period_label, period_type, fiscal_year, fiscal_quarter, currency, unit, report_date, source_id) VALUES (25086, 'comfort-gloves', 'Q1 FY25', 'quarter', 2025, 1, 'MYR', 'MYR millions', '2025-03-31', 'glove-tracker-comfort-gloves');
INSERT OR REPLACE INTO financial_fact (period_id, concept, value, source_id) VALUES
  (25086, 'Revenue', 106.614, 'glove-tracker-comfort-gloves'),
  (25086, 'OperatingIncome', -9.931, 'glove-tracker-comfort-gloves'),
  (25086, 'NetIncome', -10.617, 'glove-tracker-comfort-gloves');
INSERT OR REPLACE INTO financial_period (id, company_id, period_label, period_type, fiscal_year, fiscal_quarter, currency, unit, report_date, source_id) VALUES (25087, 'comfort-gloves', 'Q2 FY25', 'quarter', 2025, 2, 'MYR', 'MYR millions', '2025-06-30', 'glove-tracker-comfort-gloves');
INSERT OR REPLACE INTO financial_fact (period_id, concept, value, source_id) VALUES
  (25087, 'Revenue', 80.362, 'glove-tracker-comfort-gloves'),
  (25087, 'OperatingIncome', -54.765, 'glove-tracker-comfort-gloves'),
  (25087, 'NetIncome', -54.838, 'glove-tracker-comfort-gloves');
INSERT OR REPLACE INTO financial_period (id, company_id, period_label, period_type, fiscal_year, fiscal_quarter, currency, unit, report_date, source_id) VALUES (25088, 'comfort-gloves', 'Q3 FY25', 'quarter', 2025, 3, 'MYR', 'MYR millions', '2025-09-30', 'glove-tracker-comfort-gloves');
INSERT OR REPLACE INTO financial_fact (period_id, concept, value, source_id) VALUES
  (25088, 'Revenue', 76.076, 'glove-tracker-comfort-gloves'),
  (25088, 'OperatingIncome', -20.916, 'glove-tracker-comfort-gloves'),
  (25088, 'NetIncome', -21.223, 'glove-tracker-comfort-gloves');
INSERT OR REPLACE INTO financial_period (id, company_id, period_label, period_type, fiscal_year, fiscal_quarter, currency, unit, report_date, source_id) VALUES (25089, 'comfort-gloves', 'Q4 FY25', 'quarter', 2025, 4, 'MYR', 'MYR millions', '2025-12-31', 'glove-tracker-comfort-gloves');
INSERT OR REPLACE INTO financial_fact (period_id, concept, value, source_id) VALUES
  (25089, 'Revenue', 70.537, 'glove-tracker-comfort-gloves'),
  (25089, 'OperatingIncome', -56.581, 'glove-tracker-comfort-gloves'),
  (25089, 'NetIncome', -56.174, 'glove-tracker-comfort-gloves');
INSERT OR REPLACE INTO financial_period (id, company_id, period_label, period_type, fiscal_year, fiscal_quarter, currency, unit, report_date, source_id) VALUES (55000, 'comfort-gloves', 'FY04', 'annual', 2004, NULL, 'MYR', 'MYR millions', '2004-04-30', 'glove-tracker-comfort-gloves');
INSERT OR REPLACE INTO financial_fact (period_id, concept, value, source_id) VALUES
  (55000, 'Revenue', 0, 'glove-tracker-comfort-gloves'),
  (55000, 'NetIncome', -1.515, 'glove-tracker-comfort-gloves');
INSERT OR REPLACE INTO financial_period (id, company_id, period_label, period_type, fiscal_year, fiscal_quarter, currency, unit, report_date, source_id) VALUES (55001, 'comfort-gloves', 'FY06', 'annual', 2006, NULL, 'MYR', 'MYR millions', '2006-01-31', 'glove-tracker-comfort-gloves');
INSERT OR REPLACE INTO financial_fact (period_id, concept, value, source_id) VALUES
  (55001, 'Revenue', 91.3, 'glove-tracker-comfort-gloves'),
  (55001, 'NetIncome', 0.139, 'glove-tracker-comfort-gloves');
INSERT OR REPLACE INTO financial_period (id, company_id, period_label, period_type, fiscal_year, fiscal_quarter, currency, unit, report_date, source_id) VALUES (55002, 'comfort-gloves', 'FY07', 'annual', 2007, NULL, 'MYR', 'MYR millions', '2007-01-31', 'glove-tracker-comfort-gloves');
INSERT OR REPLACE INTO financial_fact (period_id, concept, value, source_id) VALUES
  (55002, 'Revenue', 105, 'glove-tracker-comfort-gloves'),
  (55002, 'NetIncome', -5.665, 'glove-tracker-comfort-gloves');
INSERT OR REPLACE INTO financial_period (id, company_id, period_label, period_type, fiscal_year, fiscal_quarter, currency, unit, report_date, source_id) VALUES (55003, 'comfort-gloves', 'FY08', 'annual', 2008, NULL, 'MYR', 'MYR millions', '2008-01-31', 'glove-tracker-comfort-gloves');
INSERT OR REPLACE INTO financial_fact (period_id, concept, value, source_id) VALUES
  (55003, 'Revenue', 101.3, 'glove-tracker-comfort-gloves'),
  (55003, 'NetIncome', -16.314, 'glove-tracker-comfort-gloves');
INSERT OR REPLACE INTO financial_period (id, company_id, period_label, period_type, fiscal_year, fiscal_quarter, currency, unit, report_date, source_id) VALUES (55004, 'comfort-gloves', 'FY09', 'annual', 2009, NULL, 'MYR', 'MYR millions', '2009-01-31', 'glove-tracker-comfort-gloves');
INSERT OR REPLACE INTO financial_fact (period_id, concept, value, source_id) VALUES
  (55004, 'Revenue', 136.5, 'glove-tracker-comfort-gloves'),
  (55004, 'NetIncome', -5.246, 'glove-tracker-comfort-gloves');
INSERT OR REPLACE INTO financial_period (id, company_id, period_label, period_type, fiscal_year, fiscal_quarter, currency, unit, report_date, source_id) VALUES (55005, 'comfort-gloves', 'FY10', 'annual', 2010, NULL, 'MYR', 'MYR millions', '2010-01-31', 'glove-tracker-comfort-gloves');
INSERT OR REPLACE INTO financial_fact (period_id, concept, value, source_id) VALUES
  (55005, 'Revenue', 147, 'glove-tracker-comfort-gloves'),
  (55005, 'NetIncome', 5.258, 'glove-tracker-comfort-gloves');
INSERT OR REPLACE INTO financial_period (id, company_id, period_label, period_type, fiscal_year, fiscal_quarter, currency, unit, report_date, source_id) VALUES (55006, 'comfort-gloves', 'FY11', 'annual', 2011, NULL, 'MYR', 'MYR millions', '2011-01-31', 'glove-tracker-comfort-gloves');
INSERT OR REPLACE INTO financial_fact (period_id, concept, value, source_id) VALUES
  (55006, 'Revenue', 140, 'glove-tracker-comfort-gloves'),
  (55006, 'NetIncome', -37.912, 'glove-tracker-comfort-gloves');
INSERT OR REPLACE INTO financial_period (id, company_id, period_label, period_type, fiscal_year, fiscal_quarter, currency, unit, report_date, source_id) VALUES (55007, 'comfort-gloves', 'FY12', 'annual', 2012, NULL, 'MYR', 'MYR millions', '2012-01-31', 'glove-tracker-comfort-gloves');
INSERT OR REPLACE INTO financial_fact (period_id, concept, value, source_id) VALUES
  (55007, 'Revenue', 117.7, 'glove-tracker-comfort-gloves'),
  (55007, 'NetIncome', -21.3, 'glove-tracker-comfort-gloves');
INSERT OR REPLACE INTO financial_period (id, company_id, period_label, period_type, fiscal_year, fiscal_quarter, currency, unit, report_date, source_id) VALUES (55008, 'comfort-gloves', 'FY13', 'annual', 2013, NULL, 'MYR', 'MYR millions', '2013-01-31', 'glove-tracker-comfort-gloves');
INSERT OR REPLACE INTO financial_fact (period_id, concept, value, source_id) VALUES
  (55008, 'Revenue', 125.5, 'glove-tracker-comfort-gloves'),
  (55008, 'NetIncome', -38.6, 'glove-tracker-comfort-gloves');
INSERT OR REPLACE INTO financial_period (id, company_id, period_label, period_type, fiscal_year, fiscal_quarter, currency, unit, report_date, source_id) VALUES (55009, 'comfort-gloves', 'FY14', 'annual', 2014, NULL, 'MYR', 'MYR millions', '2014-01-31', 'glove-tracker-comfort-gloves');
INSERT OR REPLACE INTO financial_fact (period_id, concept, value, source_id) VALUES
  (55009, 'Revenue', 134.7, 'glove-tracker-comfort-gloves'),
  (55009, 'NetIncome', -19.6, 'glove-tracker-comfort-gloves');
INSERT OR REPLACE INTO financial_period (id, company_id, period_label, period_type, fiscal_year, fiscal_quarter, currency, unit, report_date, source_id) VALUES (55010, 'comfort-gloves', 'FY15', 'annual', 2015, NULL, 'MYR', 'MYR millions', '2015-01-31', 'glove-tracker-comfort-gloves');
INSERT OR REPLACE INTO financial_fact (period_id, concept, value, source_id) VALUES
  (55010, 'Revenue', 155.2, 'glove-tracker-comfort-gloves'),
  (55010, 'NetIncome', 4.288, 'glove-tracker-comfort-gloves');
INSERT OR REPLACE INTO financial_period (id, company_id, period_label, period_type, fiscal_year, fiscal_quarter, currency, unit, report_date, source_id) VALUES (55011, 'comfort-gloves', 'FY16', 'annual', 2016, NULL, 'MYR', 'MYR millions', '2016-01-31', 'glove-tracker-comfort-gloves');
INSERT OR REPLACE INTO financial_fact (period_id, concept, value, source_id) VALUES
  (55011, 'Revenue', 229.8, 'glove-tracker-comfort-gloves'),
  (55011, 'NetIncome', 23.5, 'glove-tracker-comfort-gloves');
INSERT OR REPLACE INTO financial_period (id, company_id, period_label, period_type, fiscal_year, fiscal_quarter, currency, unit, report_date, source_id) VALUES (55012, 'comfort-gloves', 'FY17', 'annual', 2017, NULL, 'MYR', 'MYR millions', '2017-01-31', 'glove-tracker-comfort-gloves');
INSERT OR REPLACE INTO financial_fact (period_id, concept, value, source_id) VALUES
  (55012, 'Revenue', 262.9, 'glove-tracker-comfort-gloves'),
  (55012, 'NetIncome', 25.9, 'glove-tracker-comfort-gloves');
INSERT OR REPLACE INTO financial_period (id, company_id, period_label, period_type, fiscal_year, fiscal_quarter, currency, unit, report_date, source_id) VALUES (55013, 'comfort-gloves', 'FY18', 'annual', 2018, NULL, 'MYR', 'MYR millions', '2018-01-31', 'glove-tracker-comfort-gloves');
INSERT OR REPLACE INTO financial_fact (period_id, concept, value, source_id) VALUES
  (55013, 'Revenue', 421.2, 'glove-tracker-comfort-gloves'),
  (55013, 'NetIncome', 35.9, 'glove-tracker-comfort-gloves');
INSERT OR REPLACE INTO financial_period (id, company_id, period_label, period_type, fiscal_year, fiscal_quarter, currency, unit, report_date, source_id) VALUES (55014, 'comfort-gloves', 'FY19', 'annual', 2019, NULL, 'MYR', 'MYR millions', '2019-01-31', 'glove-tracker-comfort-gloves');
INSERT OR REPLACE INTO financial_fact (period_id, concept, value, source_id) VALUES
  (55014, 'Revenue', 474, 'glove-tracker-comfort-gloves'),
  (55014, 'NetIncome', 27.9, 'glove-tracker-comfort-gloves');
INSERT OR REPLACE INTO financial_period (id, company_id, period_label, period_type, fiscal_year, fiscal_quarter, currency, unit, report_date, source_id) VALUES (55015, 'comfort-gloves', 'FY20', 'annual', 2020, NULL, 'MYR', 'MYR millions', '2020-01-31', 'glove-tracker-comfort-gloves');
INSERT OR REPLACE INTO financial_fact (period_id, concept, value, source_id) VALUES
  (55015, 'Revenue', 510.7, 'glove-tracker-comfort-gloves'),
  (55015, 'NetIncome', 33.1, 'glove-tracker-comfort-gloves');
INSERT OR REPLACE INTO financial_period (id, company_id, period_label, period_type, fiscal_year, fiscal_quarter, currency, unit, report_date, source_id) VALUES (55016, 'comfort-gloves', 'FY21', 'annual', 2021, NULL, 'MYR', 'MYR millions', '2021-01-31', 'glove-tracker-comfort-gloves');
INSERT OR REPLACE INTO financial_fact (period_id, concept, value, source_id) VALUES
  (55016, 'Revenue', 946.5, 'glove-tracker-comfort-gloves'),
  (55016, 'NetIncome', 287.3, 'glove-tracker-comfort-gloves');
INSERT OR REPLACE INTO financial_period (id, company_id, period_label, period_type, fiscal_year, fiscal_quarter, currency, unit, report_date, source_id) VALUES (55017, 'comfort-gloves', 'FY22', 'annual', 2022, NULL, 'MYR', 'MYR millions', '2022-12-31', 'glove-tracker-comfort-gloves');
INSERT OR REPLACE INTO financial_fact (period_id, concept, value, source_id) VALUES
  (55017, 'Revenue', 606.7, 'glove-tracker-comfort-gloves'),
  (55017, 'NetIncome', -42.2, 'glove-tracker-comfort-gloves');
INSERT OR REPLACE INTO financial_period (id, company_id, period_label, period_type, fiscal_year, fiscal_quarter, currency, unit, report_date, source_id) VALUES (55018, 'comfort-gloves', 'FY23', 'annual', 2023, NULL, 'MYR', 'MYR millions', '2023-12-31', 'glove-tracker-comfort-gloves');
INSERT OR REPLACE INTO financial_fact (period_id, concept, value, source_id) VALUES
  (55018, 'Revenue', 325.8, 'glove-tracker-comfort-gloves'),
  (55018, 'NetIncome', -36.8, 'glove-tracker-comfort-gloves');
INSERT OR REPLACE INTO financial_period (id, company_id, period_label, period_type, fiscal_year, fiscal_quarter, currency, unit, report_date, source_id) VALUES (55019, 'comfort-gloves', 'FY24', 'annual', 2024, NULL, 'MYR', 'MYR millions', '2024-12-31', 'glove-tracker-comfort-gloves');
INSERT OR REPLACE INTO financial_fact (period_id, concept, value, source_id) VALUES
  (55019, 'Revenue', 346.756, 'glove-tracker-comfort-gloves'),
  (55019, 'OperatingIncome', -61.871, 'glove-tracker-comfort-gloves'),
  (55019, 'NetIncome', -55.89, 'glove-tracker-comfort-gloves');
INSERT OR REPLACE INTO financial_period (id, company_id, period_label, period_type, fiscal_year, fiscal_quarter, currency, unit, report_date, source_id) VALUES (55020, 'comfort-gloves', 'FY25', 'annual', 2025, NULL, 'MYR', 'MYR millions', '2025-12-31', 'glove-tracker-comfort-gloves');
INSERT OR REPLACE INTO financial_fact (period_id, concept, value, source_id) VALUES
  (55020, 'Revenue', 333.589, 'glove-tracker-comfort-gloves'),
  (55020, 'OperatingIncome', -142.193, 'glove-tracker-comfort-gloves'),
  (55020, 'NetIncome', -142.852, 'glove-tracker-comfort-gloves');
INSERT OR REPLACE INTO source (id, kind, name, url, retrieved_at, note) VALUES ('glove-tracker-hextar-healthcare', 'glove-tracker', 'glove-tracker import — Hextar Healthcare Bursa quarterly reports', 'https://www.bursamalaysia.com', '2026-04-20', 'Imported from weisiang329-eng/glove-tracker (data/fund.json, is_mock=0 rows only). Original source: Bursa Malaysia quarterly report PDFs, auto-parsed. See apps/api/seed/glove/fundamentals.json for per-row provenance.');
INSERT OR REPLACE INTO company (id, name, ticker, exchange, segment, country, industry_id, description, reporting_currency) VALUES ('hextar-healthcare', 'Hextar Healthcare', 'HEXCARE', 'Bursa Malaysia', 'Rubber Gloves', 'Malaysia', 'rubber-gloves', 'Glove manufacturer (formerly Rubberex).', 'MYR');
INSERT OR REPLACE INTO financial_period (id, company_id, period_label, period_type, fiscal_year, fiscal_quarter, currency, unit, report_date, source_id) VALUES (26000, 'hextar-healthcare', 'Q3 FY09', 'quarter', 2009, 3, 'MYR', 'MYR millions', '2009-06-30', 'glove-tracker-hextar-healthcare');
INSERT OR REPLACE INTO financial_fact (period_id, concept, value, source_id) VALUES
  (26000, 'Revenue', 26.1, 'glove-tracker-hextar-healthcare'),
  (26000, 'NetIncome', 2.6, 'glove-tracker-hextar-healthcare');
INSERT OR REPLACE INTO financial_period (id, company_id, period_label, period_type, fiscal_year, fiscal_quarter, currency, unit, report_date, source_id) VALUES (26001, 'hextar-healthcare', 'Q4 FY09', 'quarter', 2009, 4, 'MYR', 'MYR millions', '2009-09-30', 'glove-tracker-hextar-healthcare');
INSERT OR REPLACE INTO financial_fact (period_id, concept, value, source_id) VALUES
  (26001, 'Revenue', 23.3, 'glove-tracker-hextar-healthcare'),
  (26001, 'NetIncome', 1.2, 'glove-tracker-hextar-healthcare');
INSERT OR REPLACE INTO financial_period (id, company_id, period_label, period_type, fiscal_year, fiscal_quarter, currency, unit, report_date, source_id) VALUES (26002, 'hextar-healthcare', 'Q1 FY10', 'quarter', 2010, 1, 'MYR', 'MYR millions', '2009-12-31', 'glove-tracker-hextar-healthcare');
INSERT OR REPLACE INTO financial_fact (period_id, concept, value, source_id) VALUES
  (26002, 'Revenue', 22.9, 'glove-tracker-hextar-healthcare'),
  (26002, 'NetIncome', 1, 'glove-tracker-hextar-healthcare');
INSERT OR REPLACE INTO financial_period (id, company_id, period_label, period_type, fiscal_year, fiscal_quarter, currency, unit, report_date, source_id) VALUES (26003, 'hextar-healthcare', 'Q2 FY10', 'quarter', 2010, 2, 'MYR', 'MYR millions', '2010-03-31', 'glove-tracker-hextar-healthcare');
INSERT OR REPLACE INTO financial_fact (period_id, concept, value, source_id) VALUES
  (26003, 'Revenue', 20.9, 'glove-tracker-hextar-healthcare'),
  (26003, 'NetIncome', 0.501, 'glove-tracker-hextar-healthcare');
INSERT OR REPLACE INTO financial_period (id, company_id, period_label, period_type, fiscal_year, fiscal_quarter, currency, unit, report_date, source_id) VALUES (26004, 'hextar-healthcare', 'Q3 FY10', 'quarter', 2010, 3, 'MYR', 'MYR millions', '2010-06-30', 'glove-tracker-hextar-healthcare');
INSERT OR REPLACE INTO financial_fact (period_id, concept, value, source_id) VALUES
  (26004, 'Revenue', 21.9, 'glove-tracker-hextar-healthcare'),
  (26004, 'NetIncome', 1.3, 'glove-tracker-hextar-healthcare');
INSERT OR REPLACE INTO financial_period (id, company_id, period_label, period_type, fiscal_year, fiscal_quarter, currency, unit, report_date, source_id) VALUES (26005, 'hextar-healthcare', 'Q4 FY10', 'quarter', 2010, 4, 'MYR', 'MYR millions', '2010-09-30', 'glove-tracker-hextar-healthcare');
INSERT OR REPLACE INTO financial_fact (period_id, concept, value, source_id) VALUES
  (26005, 'Revenue', 23.9, 'glove-tracker-hextar-healthcare'),
  (26005, 'NetIncome', 0.589, 'glove-tracker-hextar-healthcare');
INSERT OR REPLACE INTO financial_period (id, company_id, period_label, period_type, fiscal_year, fiscal_quarter, currency, unit, report_date, source_id) VALUES (26006, 'hextar-healthcare', 'Q1 FY11', 'quarter', 2011, 1, 'MYR', 'MYR millions', '2010-12-31', 'glove-tracker-hextar-healthcare');
INSERT OR REPLACE INTO financial_fact (period_id, concept, value, source_id) VALUES
  (26006, 'Revenue', 24.3, 'glove-tracker-hextar-healthcare'),
  (26006, 'NetIncome', 0.989, 'glove-tracker-hextar-healthcare');
INSERT OR REPLACE INTO financial_period (id, company_id, period_label, period_type, fiscal_year, fiscal_quarter, currency, unit, report_date, source_id) VALUES (26007, 'hextar-healthcare', 'Q2 FY11', 'quarter', 2011, 2, 'MYR', 'MYR millions', '2011-03-31', 'glove-tracker-hextar-healthcare');
INSERT OR REPLACE INTO financial_fact (period_id, concept, value, source_id) VALUES
  (26007, 'Revenue', 23.7, 'glove-tracker-hextar-healthcare'),
  (26007, 'NetIncome', 0.77, 'glove-tracker-hextar-healthcare');
INSERT OR REPLACE INTO financial_period (id, company_id, period_label, period_type, fiscal_year, fiscal_quarter, currency, unit, report_date, source_id) VALUES (26008, 'hextar-healthcare', 'Q3 FY11', 'quarter', 2011, 3, 'MYR', 'MYR millions', '2011-06-30', 'glove-tracker-hextar-healthcare');
INSERT OR REPLACE INTO financial_fact (period_id, concept, value, source_id) VALUES
  (26008, 'Revenue', 27.5, 'glove-tracker-hextar-healthcare'),
  (26008, 'NetIncome', 1.9, 'glove-tracker-hextar-healthcare');
INSERT OR REPLACE INTO financial_period (id, company_id, period_label, period_type, fiscal_year, fiscal_quarter, currency, unit, report_date, source_id) VALUES (26009, 'hextar-healthcare', 'Q4 FY11', 'quarter', 2011, 4, 'MYR', 'MYR millions', '2011-09-30', 'glove-tracker-hextar-healthcare');
INSERT OR REPLACE INTO financial_fact (period_id, concept, value, source_id) VALUES
  (26009, 'Revenue', 25.8, 'glove-tracker-hextar-healthcare'),
  (26009, 'NetIncome', 0.689, 'glove-tracker-hextar-healthcare');
INSERT OR REPLACE INTO financial_period (id, company_id, period_label, period_type, fiscal_year, fiscal_quarter, currency, unit, report_date, source_id) VALUES (26010, 'hextar-healthcare', 'Q1 FY12', 'quarter', 2012, 1, 'MYR', 'MYR millions', '2011-12-31', 'glove-tracker-hextar-healthcare');
INSERT OR REPLACE INTO financial_fact (period_id, concept, value, source_id) VALUES
  (26010, 'Revenue', 25.1, 'glove-tracker-hextar-healthcare'),
  (26010, 'NetIncome', 1.1, 'glove-tracker-hextar-healthcare');
INSERT OR REPLACE INTO financial_period (id, company_id, period_label, period_type, fiscal_year, fiscal_quarter, currency, unit, report_date, source_id) VALUES (26011, 'hextar-healthcare', 'Q2 FY12', 'quarter', 2012, 2, 'MYR', 'MYR millions', '2012-03-31', 'glove-tracker-hextar-healthcare');
INSERT OR REPLACE INTO financial_fact (period_id, concept, value, source_id) VALUES
  (26011, 'Revenue', 25.3, 'glove-tracker-hextar-healthcare'),
  (26011, 'NetIncome', 1, 'glove-tracker-hextar-healthcare');
INSERT OR REPLACE INTO financial_period (id, company_id, period_label, period_type, fiscal_year, fiscal_quarter, currency, unit, report_date, source_id) VALUES (26012, 'hextar-healthcare', 'Q3 FY12', 'quarter', 2012, 3, 'MYR', 'MYR millions', '2012-06-30', 'glove-tracker-hextar-healthcare');
INSERT OR REPLACE INTO financial_fact (period_id, concept, value, source_id) VALUES
  (26012, 'Revenue', 27.5, 'glove-tracker-hextar-healthcare'),
  (26012, 'NetIncome', 1.3, 'glove-tracker-hextar-healthcare');
INSERT OR REPLACE INTO financial_period (id, company_id, period_label, period_type, fiscal_year, fiscal_quarter, currency, unit, report_date, source_id) VALUES (26013, 'hextar-healthcare', 'Q4 FY12', 'quarter', 2012, 4, 'MYR', 'MYR millions', '2012-09-30', 'glove-tracker-hextar-healthcare');
INSERT OR REPLACE INTO financial_fact (period_id, concept, value, source_id) VALUES
  (26013, 'Revenue', 24.2, 'glove-tracker-hextar-healthcare'),
  (26013, 'NetIncome', 0.974, 'glove-tracker-hextar-healthcare');
INSERT OR REPLACE INTO financial_period (id, company_id, period_label, period_type, fiscal_year, fiscal_quarter, currency, unit, report_date, source_id) VALUES (26014, 'hextar-healthcare', 'Q1 FY13', 'quarter', 2013, 1, 'MYR', 'MYR millions', '2012-12-31', 'glove-tracker-hextar-healthcare');
INSERT OR REPLACE INTO financial_fact (period_id, concept, value, source_id) VALUES
  (26014, 'Revenue', 22, 'glove-tracker-hextar-healthcare'),
  (26014, 'NetIncome', 0.732, 'glove-tracker-hextar-healthcare');
INSERT OR REPLACE INTO financial_period (id, company_id, period_label, period_type, fiscal_year, fiscal_quarter, currency, unit, report_date, source_id) VALUES (26015, 'hextar-healthcare', 'Q2 FY13', 'quarter', 2013, 2, 'MYR', 'MYR millions', '2013-03-31', 'glove-tracker-hextar-healthcare');
INSERT OR REPLACE INTO financial_fact (period_id, concept, value, source_id) VALUES
  (26015, 'Revenue', 24.8, 'glove-tracker-hextar-healthcare'),
  (26015, 'NetIncome', 0.613, 'glove-tracker-hextar-healthcare');
INSERT OR REPLACE INTO financial_period (id, company_id, period_label, period_type, fiscal_year, fiscal_quarter, currency, unit, report_date, source_id) VALUES (26016, 'hextar-healthcare', 'Q3 FY13', 'quarter', 2013, 3, 'MYR', 'MYR millions', '2013-06-30', 'glove-tracker-hextar-healthcare');
INSERT OR REPLACE INTO financial_fact (period_id, concept, value, source_id) VALUES
  (26016, 'Revenue', 24.5, 'glove-tracker-hextar-healthcare'),
  (26016, 'NetIncome', 1.1, 'glove-tracker-hextar-healthcare');
INSERT OR REPLACE INTO financial_period (id, company_id, period_label, period_type, fiscal_year, fiscal_quarter, currency, unit, report_date, source_id) VALUES (26017, 'hextar-healthcare', 'Q4 FY13', 'quarter', 2013, 4, 'MYR', 'MYR millions', '2013-09-30', 'glove-tracker-hextar-healthcare');
INSERT OR REPLACE INTO financial_fact (period_id, concept, value, source_id) VALUES
  (26017, 'Revenue', 25, 'glove-tracker-hextar-healthcare'),
  (26017, 'NetIncome', 1.1, 'glove-tracker-hextar-healthcare');
INSERT OR REPLACE INTO financial_period (id, company_id, period_label, period_type, fiscal_year, fiscal_quarter, currency, unit, report_date, source_id) VALUES (26018, 'hextar-healthcare', 'Q1 FY14', 'quarter', 2014, 1, 'MYR', 'MYR millions', '2013-12-31', 'glove-tracker-hextar-healthcare');
INSERT OR REPLACE INTO financial_fact (period_id, concept, value, source_id) VALUES
  (26018, 'Revenue', 22.8, 'glove-tracker-hextar-healthcare'),
  (26018, 'NetIncome', 0.448, 'glove-tracker-hextar-healthcare');
INSERT OR REPLACE INTO financial_period (id, company_id, period_label, period_type, fiscal_year, fiscal_quarter, currency, unit, report_date, source_id) VALUES (26019, 'hextar-healthcare', 'Q2 FY14', 'quarter', 2014, 2, 'MYR', 'MYR millions', '2014-03-31', 'glove-tracker-hextar-healthcare');
INSERT OR REPLACE INTO financial_fact (period_id, concept, value, source_id) VALUES
  (26019, 'Revenue', 23, 'glove-tracker-hextar-healthcare'),
  (26019, 'NetIncome', 0.384, 'glove-tracker-hextar-healthcare');
INSERT OR REPLACE INTO financial_period (id, company_id, period_label, period_type, fiscal_year, fiscal_quarter, currency, unit, report_date, source_id) VALUES (26020, 'hextar-healthcare', 'Q3 FY14', 'quarter', 2014, 3, 'MYR', 'MYR millions', '2014-06-30', 'glove-tracker-hextar-healthcare');
INSERT OR REPLACE INTO financial_fact (period_id, concept, value, source_id) VALUES
  (26020, 'Revenue', 25.6, 'glove-tracker-hextar-healthcare'),
  (26020, 'NetIncome', 0.927, 'glove-tracker-hextar-healthcare');
INSERT OR REPLACE INTO financial_period (id, company_id, period_label, period_type, fiscal_year, fiscal_quarter, currency, unit, report_date, source_id) VALUES (26021, 'hextar-healthcare', 'Q4 FY14', 'quarter', 2014, 4, 'MYR', 'MYR millions', '2014-09-30', 'glove-tracker-hextar-healthcare');
INSERT OR REPLACE INTO financial_fact (period_id, concept, value, source_id) VALUES
  (26021, 'Revenue', 23.2, 'glove-tracker-hextar-healthcare'),
  (26021, 'NetIncome', 0.36, 'glove-tracker-hextar-healthcare');
INSERT OR REPLACE INTO financial_period (id, company_id, period_label, period_type, fiscal_year, fiscal_quarter, currency, unit, report_date, source_id) VALUES (26022, 'hextar-healthcare', 'Q1 FY15', 'quarter', 2015, 1, 'MYR', 'MYR millions', '2014-12-31', 'glove-tracker-hextar-healthcare');
INSERT OR REPLACE INTO financial_fact (period_id, concept, value, source_id) VALUES
  (26022, 'Revenue', 28, 'glove-tracker-hextar-healthcare'),
  (26022, 'NetIncome', 0.52, 'glove-tracker-hextar-healthcare');
INSERT OR REPLACE INTO financial_period (id, company_id, period_label, period_type, fiscal_year, fiscal_quarter, currency, unit, report_date, source_id) VALUES (26023, 'hextar-healthcare', 'Q2 FY15', 'quarter', 2015, 2, 'MYR', 'MYR millions', '2015-06-30', 'glove-tracker-hextar-healthcare');
INSERT OR REPLACE INTO financial_fact (period_id, concept, value, source_id) VALUES
  (26023, 'Revenue', 23.5, 'glove-tracker-hextar-healthcare'),
  (26023, 'NetIncome', 0.575, 'glove-tracker-hextar-healthcare');
INSERT OR REPLACE INTO financial_period (id, company_id, period_label, period_type, fiscal_year, fiscal_quarter, currency, unit, report_date, source_id) VALUES (26024, 'hextar-healthcare', 'Q3 FY15', 'quarter', 2015, 3, 'MYR', 'MYR millions', '2015-09-30', 'glove-tracker-hextar-healthcare');
INSERT OR REPLACE INTO financial_fact (period_id, concept, value, source_id) VALUES
  (26024, 'Revenue', 22.9, 'glove-tracker-hextar-healthcare'),
  (26024, 'NetIncome', 0.198, 'glove-tracker-hextar-healthcare');
INSERT OR REPLACE INTO financial_period (id, company_id, period_label, period_type, fiscal_year, fiscal_quarter, currency, unit, report_date, source_id) VALUES (26025, 'hextar-healthcare', 'Q1 FY16', 'quarter', 2016, 1, 'MYR', 'MYR millions', '2016-03-31', 'glove-tracker-hextar-healthcare');
INSERT OR REPLACE INTO financial_fact (period_id, concept, value, source_id) VALUES
  (26025, 'Revenue', 17.3, 'glove-tracker-hextar-healthcare'),
  (26025, 'NetIncome', -0.616, 'glove-tracker-hextar-healthcare');
INSERT OR REPLACE INTO financial_period (id, company_id, period_label, period_type, fiscal_year, fiscal_quarter, currency, unit, report_date, source_id) VALUES (26026, 'hextar-healthcare', 'Q2 FY16', 'quarter', 2016, 2, 'MYR', 'MYR millions', '2016-06-30', 'glove-tracker-hextar-healthcare');
INSERT OR REPLACE INTO financial_fact (period_id, concept, value, source_id) VALUES
  (26026, 'Revenue', 18.6, 'glove-tracker-hextar-healthcare'),
  (26026, 'NetIncome', -0.467, 'glove-tracker-hextar-healthcare');
INSERT OR REPLACE INTO financial_period (id, company_id, period_label, period_type, fiscal_year, fiscal_quarter, currency, unit, report_date, source_id) VALUES (26027, 'hextar-healthcare', 'Q3 FY16', 'quarter', 2016, 3, 'MYR', 'MYR millions', '2016-09-30', 'glove-tracker-hextar-healthcare');
INSERT OR REPLACE INTO financial_fact (period_id, concept, value, source_id) VALUES
  (26027, 'Revenue', 21, 'glove-tracker-hextar-healthcare'),
  (26027, 'NetIncome', 0.279, 'glove-tracker-hextar-healthcare');
INSERT OR REPLACE INTO financial_period (id, company_id, period_label, period_type, fiscal_year, fiscal_quarter, currency, unit, report_date, source_id) VALUES (26028, 'hextar-healthcare', 'Q4 FY16', 'quarter', 2016, 4, 'MYR', 'MYR millions', '2016-12-31', 'glove-tracker-hextar-healthcare');
INSERT OR REPLACE INTO financial_fact (period_id, concept, value, source_id) VALUES
  (26028, 'Revenue', 12.5, 'glove-tracker-hextar-healthcare'),
  (26028, 'NetIncome', -21.3, 'glove-tracker-hextar-healthcare');
INSERT OR REPLACE INTO financial_period (id, company_id, period_label, period_type, fiscal_year, fiscal_quarter, currency, unit, report_date, source_id) VALUES (26029, 'hextar-healthcare', 'Q1 FY17', 'quarter', 2017, 1, 'MYR', 'MYR millions', '2017-03-31', 'glove-tracker-hextar-healthcare');
INSERT OR REPLACE INTO financial_fact (period_id, concept, value, source_id) VALUES
  (26029, 'Revenue', 13.8, 'glove-tracker-hextar-healthcare'),
  (26029, 'NetIncome', -3.6, 'glove-tracker-hextar-healthcare');
INSERT OR REPLACE INTO financial_period (id, company_id, period_label, period_type, fiscal_year, fiscal_quarter, currency, unit, report_date, source_id) VALUES (26030, 'hextar-healthcare', 'Q2 FY17', 'quarter', 2017, 2, 'MYR', 'MYR millions', '2017-06-30', 'glove-tracker-hextar-healthcare');
INSERT OR REPLACE INTO financial_fact (period_id, concept, value, source_id) VALUES
  (26030, 'Revenue', 18.3, 'glove-tracker-hextar-healthcare'),
  (26030, 'NetIncome', -1.7, 'glove-tracker-hextar-healthcare');
INSERT OR REPLACE INTO financial_period (id, company_id, period_label, period_type, fiscal_year, fiscal_quarter, currency, unit, report_date, source_id) VALUES (26031, 'hextar-healthcare', 'Q3 FY17', 'quarter', 2017, 3, 'MYR', 'MYR millions', '2017-09-30', 'glove-tracker-hextar-healthcare');
INSERT OR REPLACE INTO financial_fact (period_id, concept, value, source_id) VALUES
  (26031, 'Revenue', 18.6, 'glove-tracker-hextar-healthcare'),
  (26031, 'NetIncome', -0.835, 'glove-tracker-hextar-healthcare');
INSERT OR REPLACE INTO financial_period (id, company_id, period_label, period_type, fiscal_year, fiscal_quarter, currency, unit, report_date, source_id) VALUES (26032, 'hextar-healthcare', 'Q4 FY17', 'quarter', 2017, 4, 'MYR', 'MYR millions', '2017-12-31', 'glove-tracker-hextar-healthcare');
INSERT OR REPLACE INTO financial_fact (period_id, concept, value, source_id) VALUES
  (26032, 'Revenue', 18.4, 'glove-tracker-hextar-healthcare'),
  (26032, 'NetIncome', -6.2, 'glove-tracker-hextar-healthcare');
INSERT OR REPLACE INTO financial_period (id, company_id, period_label, period_type, fiscal_year, fiscal_quarter, currency, unit, report_date, source_id) VALUES (26033, 'hextar-healthcare', 'Q1 FY18', 'quarter', 2018, 1, 'MYR', 'MYR millions', '2018-03-31', 'glove-tracker-hextar-healthcare');
INSERT OR REPLACE INTO financial_fact (period_id, concept, value, source_id) VALUES
  (26033, 'Revenue', 15.5, 'glove-tracker-hextar-healthcare'),
  (26033, 'NetIncome', -1.8, 'glove-tracker-hextar-healthcare');
INSERT OR REPLACE INTO financial_period (id, company_id, period_label, period_type, fiscal_year, fiscal_quarter, currency, unit, report_date, source_id) VALUES (26034, 'hextar-healthcare', 'Q2 FY18', 'quarter', 2018, 2, 'MYR', 'MYR millions', '2018-06-30', 'glove-tracker-hextar-healthcare');
INSERT OR REPLACE INTO financial_fact (period_id, concept, value, source_id) VALUES
  (26034, 'Revenue', 18.2, 'glove-tracker-hextar-healthcare'),
  (26034, 'NetIncome', -3.2, 'glove-tracker-hextar-healthcare');
INSERT OR REPLACE INTO financial_period (id, company_id, period_label, period_type, fiscal_year, fiscal_quarter, currency, unit, report_date, source_id) VALUES (26035, 'hextar-healthcare', 'Q3 FY18', 'quarter', 2018, 3, 'MYR', 'MYR millions', '2018-09-30', 'glove-tracker-hextar-healthcare');
INSERT OR REPLACE INTO financial_fact (period_id, concept, value, source_id) VALUES
  (26035, 'Revenue', 18.7, 'glove-tracker-hextar-healthcare'),
  (26035, 'NetIncome', 0.233, 'glove-tracker-hextar-healthcare');
INSERT OR REPLACE INTO financial_period (id, company_id, period_label, period_type, fiscal_year, fiscal_quarter, currency, unit, report_date, source_id) VALUES (26036, 'hextar-healthcare', 'Q4 FY18', 'quarter', 2018, 4, 'MYR', 'MYR millions', '2018-12-31', 'glove-tracker-hextar-healthcare');
INSERT OR REPLACE INTO financial_fact (period_id, concept, value, source_id) VALUES
  (26036, 'Revenue', 15.7, 'glove-tracker-hextar-healthcare'),
  (26036, 'NetIncome', -6.3, 'glove-tracker-hextar-healthcare');
INSERT OR REPLACE INTO financial_period (id, company_id, period_label, period_type, fiscal_year, fiscal_quarter, currency, unit, report_date, source_id) VALUES (26037, 'hextar-healthcare', 'Q1 FY19', 'quarter', 2019, 1, 'MYR', 'MYR millions', '2019-03-31', 'glove-tracker-hextar-healthcare');
INSERT OR REPLACE INTO financial_fact (period_id, concept, value, source_id) VALUES
  (26037, 'Revenue', 17.6, 'glove-tracker-hextar-healthcare'),
  (26037, 'NetIncome', -0.273, 'glove-tracker-hextar-healthcare');
INSERT OR REPLACE INTO financial_period (id, company_id, period_label, period_type, fiscal_year, fiscal_quarter, currency, unit, report_date, source_id) VALUES (26038, 'hextar-healthcare', 'Q2 FY19', 'quarter', 2019, 2, 'MYR', 'MYR millions', '2019-06-30', 'glove-tracker-hextar-healthcare');
INSERT OR REPLACE INTO financial_fact (period_id, concept, value, source_id) VALUES
  (26038, 'Revenue', 55.9, 'glove-tracker-hextar-healthcare'),
  (26038, 'NetIncome', -22.2, 'glove-tracker-hextar-healthcare');
INSERT OR REPLACE INTO financial_period (id, company_id, period_label, period_type, fiscal_year, fiscal_quarter, currency, unit, report_date, source_id) VALUES (26039, 'hextar-healthcare', 'Q3 FY19', 'quarter', 2019, 3, 'MYR', 'MYR millions', '2019-09-30', 'glove-tracker-hextar-healthcare');
INSERT OR REPLACE INTO financial_fact (period_id, concept, value, source_id) VALUES
  (26039, 'Revenue', 97.2, 'glove-tracker-hextar-healthcare'),
  (26039, 'NetIncome', 8.7, 'glove-tracker-hextar-healthcare');
INSERT OR REPLACE INTO financial_period (id, company_id, period_label, period_type, fiscal_year, fiscal_quarter, currency, unit, report_date, source_id) VALUES (26040, 'hextar-healthcare', 'Q4 FY19', 'quarter', 2019, 4, 'MYR', 'MYR millions', '2019-12-31', 'glove-tracker-hextar-healthcare');
INSERT OR REPLACE INTO financial_fact (period_id, concept, value, source_id) VALUES
  (26040, 'Revenue', 82.8, 'glove-tracker-hextar-healthcare'),
  (26040, 'NetIncome', 7.8, 'glove-tracker-hextar-healthcare');
INSERT OR REPLACE INTO financial_period (id, company_id, period_label, period_type, fiscal_year, fiscal_quarter, currency, unit, report_date, source_id) VALUES (26041, 'hextar-healthcare', 'Q1 FY20', 'quarter', 2020, 1, 'MYR', 'MYR millions', '2020-03-31', 'glove-tracker-hextar-healthcare');
INSERT OR REPLACE INTO financial_fact (period_id, concept, value, source_id) VALUES
  (26041, 'Revenue', 104.6, 'glove-tracker-hextar-healthcare'),
  (26041, 'NetIncome', 9.5, 'glove-tracker-hextar-healthcare');
INSERT OR REPLACE INTO financial_period (id, company_id, period_label, period_type, fiscal_year, fiscal_quarter, currency, unit, report_date, source_id) VALUES (26042, 'hextar-healthcare', 'Q2 FY20', 'quarter', 2020, 2, 'MYR', 'MYR millions', '2020-06-30', 'glove-tracker-hextar-healthcare');
INSERT OR REPLACE INTO financial_fact (period_id, concept, value, source_id) VALUES
  (26042, 'Revenue', 100.7, 'glove-tracker-hextar-healthcare'),
  (26042, 'NetIncome', 11.1, 'glove-tracker-hextar-healthcare');
INSERT OR REPLACE INTO financial_period (id, company_id, period_label, period_type, fiscal_year, fiscal_quarter, currency, unit, report_date, source_id) VALUES (26043, 'hextar-healthcare', 'Q3 FY20', 'quarter', 2020, 3, 'MYR', 'MYR millions', '2020-09-30', 'glove-tracker-hextar-healthcare');
INSERT OR REPLACE INTO financial_fact (period_id, concept, value, source_id) VALUES
  (26043, 'Revenue', 111.6, 'glove-tracker-hextar-healthcare'),
  (26043, 'NetIncome', 12.5, 'glove-tracker-hextar-healthcare');
INSERT OR REPLACE INTO financial_period (id, company_id, period_label, period_type, fiscal_year, fiscal_quarter, currency, unit, report_date, source_id) VALUES (26044, 'hextar-healthcare', 'Q4 FY20', 'quarter', 2020, 4, 'MYR', 'MYR millions', '2020-12-31', 'glove-tracker-hextar-healthcare');
INSERT OR REPLACE INTO financial_fact (period_id, concept, value, source_id) VALUES
  (26044, 'Revenue', 100.8, 'glove-tracker-hextar-healthcare'),
  (26044, 'NetIncome', 11.5, 'glove-tracker-hextar-healthcare');
INSERT OR REPLACE INTO financial_period (id, company_id, period_label, period_type, fiscal_year, fiscal_quarter, currency, unit, report_date, source_id) VALUES (26045, 'hextar-healthcare', 'Q1 FY21', 'quarter', 2021, 1, 'MYR', 'MYR millions', '2021-03-31', 'glove-tracker-hextar-healthcare');
INSERT OR REPLACE INTO financial_fact (period_id, concept, value, source_id) VALUES
  (26045, 'Revenue', 114.8, 'glove-tracker-hextar-healthcare'),
  (26045, 'NetIncome', 10.8, 'glove-tracker-hextar-healthcare');
INSERT OR REPLACE INTO financial_period (id, company_id, period_label, period_type, fiscal_year, fiscal_quarter, currency, unit, report_date, source_id) VALUES (26046, 'hextar-healthcare', 'Q2 FY21', 'quarter', 2021, 2, 'MYR', 'MYR millions', '2021-06-30', 'glove-tracker-hextar-healthcare');
INSERT OR REPLACE INTO financial_fact (period_id, concept, value, source_id) VALUES
  (26046, 'Revenue', 98.7, 'glove-tracker-hextar-healthcare'),
  (26046, 'NetIncome', 7.4, 'glove-tracker-hextar-healthcare');
INSERT OR REPLACE INTO financial_period (id, company_id, period_label, period_type, fiscal_year, fiscal_quarter, currency, unit, report_date, source_id) VALUES (26047, 'hextar-healthcare', 'Q3 FY21', 'quarter', 2021, 3, 'MYR', 'MYR millions', '2021-09-30', 'glove-tracker-hextar-healthcare');
INSERT OR REPLACE INTO financial_fact (period_id, concept, value, source_id) VALUES
  (26047, 'Revenue', 112.5, 'glove-tracker-hextar-healthcare'),
  (26047, 'NetIncome', 7.2, 'glove-tracker-hextar-healthcare');
INSERT OR REPLACE INTO financial_period (id, company_id, period_label, period_type, fiscal_year, fiscal_quarter, currency, unit, report_date, source_id) VALUES (26048, 'hextar-healthcare', 'Q4 FY21', 'quarter', 2021, 4, 'MYR', 'MYR millions', '2021-12-31', 'glove-tracker-hextar-healthcare');
INSERT OR REPLACE INTO financial_fact (period_id, concept, value, source_id) VALUES
  (26048, 'Revenue', 138, 'glove-tracker-hextar-healthcare'),
  (26048, 'NetIncome', 14.3, 'glove-tracker-hextar-healthcare');
INSERT OR REPLACE INTO financial_period (id, company_id, period_label, period_type, fiscal_year, fiscal_quarter, currency, unit, report_date, source_id) VALUES (26049, 'hextar-healthcare', 'Q1 FY22', 'quarter', 2022, 1, 'MYR', 'MYR millions', '2022-03-31', 'glove-tracker-hextar-healthcare');
INSERT OR REPLACE INTO financial_fact (period_id, concept, value, source_id) VALUES
  (26049, 'Revenue', 153.6, 'glove-tracker-hextar-healthcare'),
  (26049, 'NetIncome', 15.6, 'glove-tracker-hextar-healthcare');
INSERT OR REPLACE INTO financial_period (id, company_id, period_label, period_type, fiscal_year, fiscal_quarter, currency, unit, report_date, source_id) VALUES (26050, 'hextar-healthcare', 'Q2 FY22', 'quarter', 2022, 2, 'MYR', 'MYR millions', '2022-06-30', 'glove-tracker-hextar-healthcare');
INSERT OR REPLACE INTO financial_fact (period_id, concept, value, source_id) VALUES
  (26050, 'Revenue', 162.7, 'glove-tracker-hextar-healthcare'),
  (26050, 'NetIncome', 15.3, 'glove-tracker-hextar-healthcare');
INSERT OR REPLACE INTO financial_period (id, company_id, period_label, period_type, fiscal_year, fiscal_quarter, currency, unit, report_date, source_id) VALUES (26051, 'hextar-healthcare', 'Q3 FY22', 'quarter', 2022, 3, 'MYR', 'MYR millions', '2022-09-30', 'glove-tracker-hextar-healthcare');
INSERT OR REPLACE INTO financial_fact (period_id, concept, value, source_id) VALUES
  (26051, 'Revenue', 162.3, 'glove-tracker-hextar-healthcare'),
  (26051, 'NetIncome', 14, 'glove-tracker-hextar-healthcare');
INSERT OR REPLACE INTO financial_period (id, company_id, period_label, period_type, fiscal_year, fiscal_quarter, currency, unit, report_date, source_id) VALUES (26052, 'hextar-healthcare', 'Q4 FY22', 'quarter', 2022, 4, 'MYR', 'MYR millions', '2022-12-31', 'glove-tracker-hextar-healthcare');
INSERT OR REPLACE INTO financial_fact (period_id, concept, value, source_id) VALUES
  (26052, 'Revenue', 139.7, 'glove-tracker-hextar-healthcare'),
  (26052, 'NetIncome', 4.6, 'glove-tracker-hextar-healthcare');
INSERT OR REPLACE INTO financial_period (id, company_id, period_label, period_type, fiscal_year, fiscal_quarter, currency, unit, report_date, source_id) VALUES (26053, 'hextar-healthcare', 'Q1 FY23', 'quarter', 2023, 1, 'MYR', 'MYR millions', '2023-03-31', 'glove-tracker-hextar-healthcare');
INSERT OR REPLACE INTO financial_fact (period_id, concept, value, source_id) VALUES
  (26053, 'Revenue', 143.3, 'glove-tracker-hextar-healthcare'),
  (26053, 'NetIncome', 8.6, 'glove-tracker-hextar-healthcare');
INSERT OR REPLACE INTO financial_period (id, company_id, period_label, period_type, fiscal_year, fiscal_quarter, currency, unit, report_date, source_id) VALUES (26054, 'hextar-healthcare', 'Q2 FY23', 'quarter', 2023, 2, 'MYR', 'MYR millions', '2023-06-30', 'glove-tracker-hextar-healthcare');
INSERT OR REPLACE INTO financial_fact (period_id, concept, value, source_id) VALUES
  (26054, 'Revenue', 133.5, 'glove-tracker-hextar-healthcare'),
  (26054, 'NetIncome', 8.7, 'glove-tracker-hextar-healthcare');
INSERT OR REPLACE INTO financial_period (id, company_id, period_label, period_type, fiscal_year, fiscal_quarter, currency, unit, report_date, source_id) VALUES (26055, 'hextar-healthcare', 'Q3 FY23', 'quarter', 2023, 3, 'MYR', 'MYR millions', '2023-09-30', 'glove-tracker-hextar-healthcare');
INSERT OR REPLACE INTO financial_fact (period_id, concept, value, source_id) VALUES
  (26055, 'Revenue', 182.9, 'glove-tracker-hextar-healthcare'),
  (26055, 'NetIncome', 15.4, 'glove-tracker-hextar-healthcare');
INSERT OR REPLACE INTO financial_period (id, company_id, period_label, period_type, fiscal_year, fiscal_quarter, currency, unit, report_date, source_id) VALUES (26056, 'hextar-healthcare', 'Q4 FY23', 'quarter', 2023, 4, 'MYR', 'MYR millions', '2023-12-31', 'glove-tracker-hextar-healthcare');
INSERT OR REPLACE INTO financial_fact (period_id, concept, value, source_id) VALUES
  (26056, 'Revenue', 214.3, 'glove-tracker-hextar-healthcare'),
  (26056, 'NetIncome', 23.4, 'glove-tracker-hextar-healthcare');
INSERT OR REPLACE INTO financial_period (id, company_id, period_label, period_type, fiscal_year, fiscal_quarter, currency, unit, report_date, source_id) VALUES (26057, 'hextar-healthcare', 'Q1 FY24', 'quarter', 2024, 1, 'MYR', 'MYR millions', '2024-03-31', 'glove-tracker-hextar-healthcare');
INSERT OR REPLACE INTO financial_fact (period_id, concept, value, source_id) VALUES
  (26057, 'Revenue', 232.269, 'glove-tracker-hextar-healthcare'),
  (26057, 'NetIncome', 12.1, 'glove-tracker-hextar-healthcare');
INSERT OR REPLACE INTO financial_period (id, company_id, period_label, period_type, fiscal_year, fiscal_quarter, currency, unit, report_date, source_id) VALUES (26058, 'hextar-healthcare', 'Q2 FY24', 'quarter', 2024, 2, 'MYR', 'MYR millions', '2024-06-30', 'glove-tracker-hextar-healthcare');
INSERT OR REPLACE INTO financial_fact (period_id, concept, value, source_id) VALUES
  (26058, 'Revenue', 212.963, 'glove-tracker-hextar-healthcare'),
  (26058, 'NetIncome', 19.2, 'glove-tracker-hextar-healthcare');
INSERT OR REPLACE INTO financial_period (id, company_id, period_label, period_type, fiscal_year, fiscal_quarter, currency, unit, report_date, source_id) VALUES (26059, 'hextar-healthcare', 'Q3 FY24', 'quarter', 2024, 3, 'MYR', 'MYR millions', '2024-09-30', 'glove-tracker-hextar-healthcare');
INSERT OR REPLACE INTO financial_fact (period_id, concept, value, source_id) VALUES
  (26059, 'Revenue', 252.962, 'glove-tracker-hextar-healthcare'),
  (26059, 'NetIncome', 19.7, 'glove-tracker-hextar-healthcare');
INSERT OR REPLACE INTO financial_period (id, company_id, period_label, period_type, fiscal_year, fiscal_quarter, currency, unit, report_date, source_id) VALUES (26060, 'hextar-healthcare', 'Q4 FY24', 'quarter', 2024, 4, 'MYR', 'MYR millions', '2024-12-31', 'glove-tracker-hextar-healthcare');
INSERT OR REPLACE INTO financial_fact (period_id, concept, value, source_id) VALUES
  (26060, 'Revenue', 220.114, 'glove-tracker-hextar-healthcare'),
  (26060, 'NetIncome', 8.1, 'glove-tracker-hextar-healthcare');
INSERT OR REPLACE INTO financial_period (id, company_id, period_label, period_type, fiscal_year, fiscal_quarter, currency, unit, report_date, source_id) VALUES (26061, 'hextar-healthcare', 'Q1 FY25', 'quarter', 2025, 1, 'MYR', 'MYR millions', '2025-03-31', 'glove-tracker-hextar-healthcare');
INSERT OR REPLACE INTO financial_fact (period_id, concept, value, source_id) VALUES
  (26061, 'Revenue', 238.548, 'glove-tracker-hextar-healthcare'),
  (26061, 'NetIncome', 13.502, 'glove-tracker-hextar-healthcare');
INSERT OR REPLACE INTO financial_period (id, company_id, period_label, period_type, fiscal_year, fiscal_quarter, currency, unit, report_date, source_id) VALUES (26062, 'hextar-healthcare', 'Q2 FY25', 'quarter', 2025, 2, 'MYR', 'MYR millions', '2025-06-30', 'glove-tracker-hextar-healthcare');
INSERT OR REPLACE INTO financial_fact (period_id, concept, value, source_id) VALUES
  (26062, 'Revenue', 177.522, 'glove-tracker-hextar-healthcare'),
  (26062, 'NetIncome', 15.934, 'glove-tracker-hextar-healthcare');
INSERT OR REPLACE INTO financial_period (id, company_id, period_label, period_type, fiscal_year, fiscal_quarter, currency, unit, report_date, source_id) VALUES (26063, 'hextar-healthcare', 'Q3 FY25', 'quarter', 2025, 3, 'MYR', 'MYR millions', '2025-09-30', 'glove-tracker-hextar-healthcare');
INSERT OR REPLACE INTO financial_fact (period_id, concept, value, source_id) VALUES
  (26063, 'Revenue', 232.137, 'glove-tracker-hextar-healthcare'),
  (26063, 'NetIncome', 15.874, 'glove-tracker-hextar-healthcare');
INSERT OR REPLACE INTO financial_period (id, company_id, period_label, period_type, fiscal_year, fiscal_quarter, currency, unit, report_date, source_id) VALUES (26064, 'hextar-healthcare', 'Q4 FY25', 'quarter', 2025, 4, 'MYR', 'MYR millions', '2025-12-31', 'glove-tracker-hextar-healthcare');
INSERT OR REPLACE INTO financial_fact (period_id, concept, value, source_id) VALUES
  (26064, 'Revenue', 226.484, 'glove-tracker-hextar-healthcare'),
  (26064, 'NetIncome', 16.125, 'glove-tracker-hextar-healthcare');
INSERT OR REPLACE INTO financial_period (id, company_id, period_label, period_type, fiscal_year, fiscal_quarter, currency, unit, report_date, source_id) VALUES (56000, 'hextar-healthcare', 'FY10', 'annual', 2010, NULL, 'MYR', 'MYR millions', '2010-09-30', 'glove-tracker-hextar-healthcare');
INSERT OR REPLACE INTO financial_fact (period_id, concept, value, source_id) VALUES
  (56000, 'Revenue', 89.6, 'glove-tracker-hextar-healthcare'),
  (56000, 'NetIncome', 3.39, 'glove-tracker-hextar-healthcare');
INSERT OR REPLACE INTO financial_period (id, company_id, period_label, period_type, fiscal_year, fiscal_quarter, currency, unit, report_date, source_id) VALUES (56001, 'hextar-healthcare', 'FY11', 'annual', 2011, NULL, 'MYR', 'MYR millions', '2011-09-30', 'glove-tracker-hextar-healthcare');
INSERT OR REPLACE INTO financial_fact (period_id, concept, value, source_id) VALUES
  (56001, 'Revenue', 101.3, 'glove-tracker-hextar-healthcare'),
  (56001, 'NetIncome', 4.348, 'glove-tracker-hextar-healthcare');
INSERT OR REPLACE INTO financial_period (id, company_id, period_label, period_type, fiscal_year, fiscal_quarter, currency, unit, report_date, source_id) VALUES (56002, 'hextar-healthcare', 'FY12', 'annual', 2012, NULL, 'MYR', 'MYR millions', '2012-09-30', 'glove-tracker-hextar-healthcare');
INSERT OR REPLACE INTO financial_fact (period_id, concept, value, source_id) VALUES
  (56002, 'Revenue', 102.1, 'glove-tracker-hextar-healthcare'),
  (56002, 'NetIncome', 4.374, 'glove-tracker-hextar-healthcare');
INSERT OR REPLACE INTO financial_period (id, company_id, period_label, period_type, fiscal_year, fiscal_quarter, currency, unit, report_date, source_id) VALUES (56003, 'hextar-healthcare', 'FY13', 'annual', 2013, NULL, 'MYR', 'MYR millions', '2013-09-30', 'glove-tracker-hextar-healthcare');
INSERT OR REPLACE INTO financial_fact (period_id, concept, value, source_id) VALUES
  (56003, 'Revenue', 96.3, 'glove-tracker-hextar-healthcare'),
  (56003, 'NetIncome', 3.545, 'glove-tracker-hextar-healthcare');
INSERT OR REPLACE INTO financial_period (id, company_id, period_label, period_type, fiscal_year, fiscal_quarter, currency, unit, report_date, source_id) VALUES (56004, 'hextar-healthcare', 'FY14', 'annual', 2014, NULL, 'MYR', 'MYR millions', '2014-09-30', 'glove-tracker-hextar-healthcare');
INSERT OR REPLACE INTO financial_fact (period_id, concept, value, source_id) VALUES
  (56004, 'Revenue', 94.6, 'glove-tracker-hextar-healthcare'),
  (56004, 'NetIncome', 2.119, 'glove-tracker-hextar-healthcare');
INSERT OR REPLACE INTO financial_period (id, company_id, period_label, period_type, fiscal_year, fiscal_quarter, currency, unit, report_date, source_id) VALUES (56005, 'hextar-healthcare', 'FY16', 'annual', 2016, NULL, 'MYR', 'MYR millions', '2016-12-31', 'glove-tracker-hextar-healthcare');
INSERT OR REPLACE INTO financial_fact (period_id, concept, value, source_id) VALUES
  (56005, 'Revenue', 69.4, 'glove-tracker-hextar-healthcare'),
  (56005, 'NetIncome', -22.104, 'glove-tracker-hextar-healthcare');
INSERT OR REPLACE INTO financial_period (id, company_id, period_label, period_type, fiscal_year, fiscal_quarter, currency, unit, report_date, source_id) VALUES (56006, 'hextar-healthcare', 'FY17', 'annual', 2017, NULL, 'MYR', 'MYR millions', '2017-12-31', 'glove-tracker-hextar-healthcare');
INSERT OR REPLACE INTO financial_fact (period_id, concept, value, source_id) VALUES
  (56006, 'Revenue', 69.1, 'glove-tracker-hextar-healthcare'),
  (56006, 'NetIncome', -12.335, 'glove-tracker-hextar-healthcare');
INSERT OR REPLACE INTO financial_period (id, company_id, period_label, period_type, fiscal_year, fiscal_quarter, currency, unit, report_date, source_id) VALUES (56007, 'hextar-healthcare', 'FY18', 'annual', 2018, NULL, 'MYR', 'MYR millions', '2018-12-31', 'glove-tracker-hextar-healthcare');
INSERT OR REPLACE INTO financial_fact (period_id, concept, value, source_id) VALUES
  (56007, 'Revenue', 68.1, 'glove-tracker-hextar-healthcare'),
  (56007, 'NetIncome', -11.067, 'glove-tracker-hextar-healthcare');
INSERT OR REPLACE INTO financial_period (id, company_id, period_label, period_type, fiscal_year, fiscal_quarter, currency, unit, report_date, source_id) VALUES (56008, 'hextar-healthcare', 'FY19', 'annual', 2019, NULL, 'MYR', 'MYR millions', '2019-12-31', 'glove-tracker-hextar-healthcare');
INSERT OR REPLACE INTO financial_fact (period_id, concept, value, source_id) VALUES
  (56008, 'Revenue', 253.5, 'glove-tracker-hextar-healthcare'),
  (56008, 'NetIncome', -5.973, 'glove-tracker-hextar-healthcare');
INSERT OR REPLACE INTO financial_period (id, company_id, period_label, period_type, fiscal_year, fiscal_quarter, currency, unit, report_date, source_id) VALUES (56009, 'hextar-healthcare', 'FY20', 'annual', 2020, NULL, 'MYR', 'MYR millions', '2020-12-31', 'glove-tracker-hextar-healthcare');
INSERT OR REPLACE INTO financial_fact (period_id, concept, value, source_id) VALUES
  (56009, 'Revenue', 417.7, 'glove-tracker-hextar-healthcare'),
  (56009, 'NetIncome', 44.6, 'glove-tracker-hextar-healthcare');
INSERT OR REPLACE INTO financial_period (id, company_id, period_label, period_type, fiscal_year, fiscal_quarter, currency, unit, report_date, source_id) VALUES (56010, 'hextar-healthcare', 'FY21', 'annual', 2021, NULL, 'MYR', 'MYR millions', '2021-12-31', 'glove-tracker-hextar-healthcare');
INSERT OR REPLACE INTO financial_fact (period_id, concept, value, source_id) VALUES
  (56010, 'Revenue', 464, 'glove-tracker-hextar-healthcare'),
  (56010, 'NetIncome', 39.7, 'glove-tracker-hextar-healthcare');
INSERT OR REPLACE INTO financial_period (id, company_id, period_label, period_type, fiscal_year, fiscal_quarter, currency, unit, report_date, source_id) VALUES (56011, 'hextar-healthcare', 'FY22', 'annual', 2022, NULL, 'MYR', 'MYR millions', '2022-12-31', 'glove-tracker-hextar-healthcare');
INSERT OR REPLACE INTO financial_fact (period_id, concept, value, source_id) VALUES
  (56011, 'Revenue', 618.3, 'glove-tracker-hextar-healthcare'),
  (56011, 'NetIncome', 49.5, 'glove-tracker-hextar-healthcare');
INSERT OR REPLACE INTO financial_period (id, company_id, period_label, period_type, fiscal_year, fiscal_quarter, currency, unit, report_date, source_id) VALUES (56012, 'hextar-healthcare', 'FY23', 'annual', 2023, NULL, 'MYR', 'MYR millions', '2023-12-31', 'glove-tracker-hextar-healthcare');
INSERT OR REPLACE INTO financial_fact (period_id, concept, value, source_id) VALUES
  (56012, 'Revenue', 674, 'glove-tracker-hextar-healthcare'),
  (56012, 'NetIncome', 56.1, 'glove-tracker-hextar-healthcare');
INSERT OR REPLACE INTO financial_period (id, company_id, period_label, period_type, fiscal_year, fiscal_quarter, currency, unit, report_date, source_id) VALUES (56013, 'hextar-healthcare', 'FY24', 'annual', 2024, NULL, 'MYR', 'MYR millions', '2024-12-31', 'glove-tracker-hextar-healthcare');
INSERT OR REPLACE INTO financial_fact (period_id, concept, value, source_id) VALUES
  (56013, 'Revenue', 918.308, 'glove-tracker-hextar-healthcare'),
  (56013, 'NetIncome', 59.1, 'glove-tracker-hextar-healthcare');
INSERT OR REPLACE INTO financial_period (id, company_id, period_label, period_type, fiscal_year, fiscal_quarter, currency, unit, report_date, source_id) VALUES (56014, 'hextar-healthcare', 'FY25', 'annual', 2025, NULL, 'MYR', 'MYR millions', '2025-12-31', 'glove-tracker-hextar-healthcare');
INSERT OR REPLACE INTO financial_fact (period_id, concept, value, source_id) VALUES
  (56014, 'Revenue', 874.691, 'glove-tracker-hextar-healthcare'),
  (56014, 'NetIncome', 61.435, 'glove-tracker-hextar-healthcare');
