-- Generated by seed/glove/generate.mjs — do not edit by hand. Postgres (Supabase).
INSERT INTO industry (id, name, sector, description, chain_order) VALUES ('rubber-gloves', 'Rubber & Medical Gloves', 'Healthcare Manufacturing', 'Disposable nitrile/latex glove manufacturers — a deeply cyclical industry driven by ASP, capacity utilisation, raw-material (NBR latex) and energy costs. Malaysia supplies the majority of world demand.', NULL) ON CONFLICT (id) DO UPDATE SET name = EXCLUDED.name, sector = EXCLUDED.sector, description = EXCLUDED.description;
INSERT INTO source (id, kind, name, url, retrieved_at, note) VALUES ('glove-tracker-top-glove', 'glove-tracker', 'glove-tracker import — Top Glove Corporation Bursa quarterly reports', 'https://www.bursamalaysia.com', '2026-04-20', 'Imported from weisiang329-eng/glove-tracker (data/fund.json, is_mock=0 rows only). Original source: Bursa Malaysia quarterly report PDFs, auto-parsed. See apps/api/seed/glove/fundamentals.json for per-row provenance.') ON CONFLICT (id) DO UPDATE SET kind = EXCLUDED.kind, name = EXCLUDED.name, url = EXCLUDED.url, retrieved_at = EXCLUDED.retrieved_at, note = EXCLUDED.note;
INSERT INTO company (id, name, ticker, exchange, segment, country, industry_id, description, reporting_currency, fiscal_year_end_month) VALUES ('top-glove', 'Top Glove Corporation', 'TOPGLOV', 'Bursa Malaysia', 'Rubber Gloves', 'Malaysia', 'rubber-gloves', 'The world''s largest glove manufacturer by capacity (Bursa 7113). Fiscal year ends August.', 'MYR', 8) ON CONFLICT (id) DO UPDATE SET name = EXCLUDED.name, ticker = EXCLUDED.ticker, exchange = EXCLUDED.exchange, segment = EXCLUDED.segment, country = EXCLUDED.country, industry_id = EXCLUDED.industry_id, description = EXCLUDED.description, reporting_currency = EXCLUDED.reporting_currency, fiscal_year_end_month = EXCLUDED.fiscal_year_end_month;
INSERT INTO financial_period (company_id, period_label, period_type, fiscal_year, fiscal_quarter, currency, unit, report_date, source_id) VALUES ('top-glove', 'Q1 FY03', 'quarter', 2003, 1, 'MYR', 'MYR millions', '2002-11-30', 'glove-tracker-top-glove') ON CONFLICT (company_id, period_label) DO UPDATE SET period_type = EXCLUDED.period_type, fiscal_year = EXCLUDED.fiscal_year, fiscal_quarter = EXCLUDED.fiscal_quarter, currency = EXCLUDED.currency, unit = EXCLUDED.unit, report_date = EXCLUDED.report_date, source_id = EXCLUDED.source_id;
INSERT INTO financial_fact (period_id, concept, value, source_id)
SELECT p.id, v.concept, v.value, 'glove-tracker-top-glove'
FROM financial_period p
JOIN (VALUES ('Revenue', 55.1::double precision), ('NetIncome', 5.1::double precision)) AS v(concept, value) ON true
WHERE p.company_id = 'top-glove' AND p.period_label = 'Q1 FY03'
ON CONFLICT (period_id, concept) DO UPDATE SET value = EXCLUDED.value, source_id = EXCLUDED.source_id;
INSERT INTO financial_period (company_id, period_label, period_type, fiscal_year, fiscal_quarter, currency, unit, report_date, source_id) VALUES ('top-glove', 'Q2 FY03', 'quarter', 2003, 2, 'MYR', 'MYR millions', '2003-02-28', 'glove-tracker-top-glove') ON CONFLICT (company_id, period_label) DO UPDATE SET period_type = EXCLUDED.period_type, fiscal_year = EXCLUDED.fiscal_year, fiscal_quarter = EXCLUDED.fiscal_quarter, currency = EXCLUDED.currency, unit = EXCLUDED.unit, report_date = EXCLUDED.report_date, source_id = EXCLUDED.source_id;
INSERT INTO financial_fact (period_id, concept, value, source_id)
SELECT p.id, v.concept, v.value, 'glove-tracker-top-glove'
FROM financial_period p
JOIN (VALUES ('Revenue', 57.4::double precision), ('NetIncome', 5.6::double precision)) AS v(concept, value) ON true
WHERE p.company_id = 'top-glove' AND p.period_label = 'Q2 FY03'
ON CONFLICT (period_id, concept) DO UPDATE SET value = EXCLUDED.value, source_id = EXCLUDED.source_id;
INSERT INTO financial_period (company_id, period_label, period_type, fiscal_year, fiscal_quarter, currency, unit, report_date, source_id) VALUES ('top-glove', 'Q3 FY03', 'quarter', 2003, 3, 'MYR', 'MYR millions', '2003-05-31', 'glove-tracker-top-glove') ON CONFLICT (company_id, period_label) DO UPDATE SET period_type = EXCLUDED.period_type, fiscal_year = EXCLUDED.fiscal_year, fiscal_quarter = EXCLUDED.fiscal_quarter, currency = EXCLUDED.currency, unit = EXCLUDED.unit, report_date = EXCLUDED.report_date, source_id = EXCLUDED.source_id;
INSERT INTO financial_fact (period_id, concept, value, source_id)
SELECT p.id, v.concept, v.value, 'glove-tracker-top-glove'
FROM financial_period p
JOIN (VALUES ('Revenue', 72.5::double precision), ('NetIncome', 6.7::double precision)) AS v(concept, value) ON true
WHERE p.company_id = 'top-glove' AND p.period_label = 'Q3 FY03'
ON CONFLICT (period_id, concept) DO UPDATE SET value = EXCLUDED.value, source_id = EXCLUDED.source_id;
INSERT INTO financial_period (company_id, period_label, period_type, fiscal_year, fiscal_quarter, currency, unit, report_date, source_id) VALUES ('top-glove', 'Q4 FY03', 'quarter', 2003, 4, 'MYR', 'MYR millions', '2003-08-31', 'glove-tracker-top-glove') ON CONFLICT (company_id, period_label) DO UPDATE SET period_type = EXCLUDED.period_type, fiscal_year = EXCLUDED.fiscal_year, fiscal_quarter = EXCLUDED.fiscal_quarter, currency = EXCLUDED.currency, unit = EXCLUDED.unit, report_date = EXCLUDED.report_date, source_id = EXCLUDED.source_id;
INSERT INTO financial_fact (period_id, concept, value, source_id)
SELECT p.id, v.concept, v.value, 'glove-tracker-top-glove'
FROM financial_period p
JOIN (VALUES ('Revenue', 80::double precision), ('NetIncome', 7.9::double precision)) AS v(concept, value) ON true
WHERE p.company_id = 'top-glove' AND p.period_label = 'Q4 FY03'
ON CONFLICT (period_id, concept) DO UPDATE SET value = EXCLUDED.value, source_id = EXCLUDED.source_id;
INSERT INTO financial_period (company_id, period_label, period_type, fiscal_year, fiscal_quarter, currency, unit, report_date, source_id) VALUES ('top-glove', 'Q2 FY04', 'quarter', 2004, 2, 'MYR', 'MYR millions', '2004-02-29', 'glove-tracker-top-glove') ON CONFLICT (company_id, period_label) DO UPDATE SET period_type = EXCLUDED.period_type, fiscal_year = EXCLUDED.fiscal_year, fiscal_quarter = EXCLUDED.fiscal_quarter, currency = EXCLUDED.currency, unit = EXCLUDED.unit, report_date = EXCLUDED.report_date, source_id = EXCLUDED.source_id;
INSERT INTO financial_fact (period_id, concept, value, source_id)
SELECT p.id, v.concept, v.value, 'glove-tracker-top-glove'
FROM financial_period p
JOIN (VALUES ('Revenue', 95.6::double precision), ('NetIncome', 9.2::double precision)) AS v(concept, value) ON true
WHERE p.company_id = 'top-glove' AND p.period_label = 'Q2 FY04'
ON CONFLICT (period_id, concept) DO UPDATE SET value = EXCLUDED.value, source_id = EXCLUDED.source_id;
INSERT INTO financial_period (company_id, period_label, period_type, fiscal_year, fiscal_quarter, currency, unit, report_date, source_id) VALUES ('top-glove', 'Q3 FY04', 'quarter', 2004, 3, 'MYR', 'MYR millions', '2004-05-31', 'glove-tracker-top-glove') ON CONFLICT (company_id, period_label) DO UPDATE SET period_type = EXCLUDED.period_type, fiscal_year = EXCLUDED.fiscal_year, fiscal_quarter = EXCLUDED.fiscal_quarter, currency = EXCLUDED.currency, unit = EXCLUDED.unit, report_date = EXCLUDED.report_date, source_id = EXCLUDED.source_id;
INSERT INTO financial_fact (period_id, concept, value, source_id)
SELECT p.id, v.concept, v.value, 'glove-tracker-top-glove'
FROM financial_period p
JOIN (VALUES ('Revenue', 111.3::double precision), ('NetIncome', 10::double precision)) AS v(concept, value) ON true
WHERE p.company_id = 'top-glove' AND p.period_label = 'Q3 FY04'
ON CONFLICT (period_id, concept) DO UPDATE SET value = EXCLUDED.value, source_id = EXCLUDED.source_id;
INSERT INTO financial_period (company_id, period_label, period_type, fiscal_year, fiscal_quarter, currency, unit, report_date, source_id) VALUES ('top-glove', 'Q4 FY04', 'quarter', 2004, 4, 'MYR', 'MYR millions', '2004-08-31', 'glove-tracker-top-glove') ON CONFLICT (company_id, period_label) DO UPDATE SET period_type = EXCLUDED.period_type, fiscal_year = EXCLUDED.fiscal_year, fiscal_quarter = EXCLUDED.fiscal_quarter, currency = EXCLUDED.currency, unit = EXCLUDED.unit, report_date = EXCLUDED.report_date, source_id = EXCLUDED.source_id;
INSERT INTO financial_fact (period_id, concept, value, source_id)
SELECT p.id, v.concept, v.value, 'glove-tracker-top-glove'
FROM financial_period p
JOIN (VALUES ('Revenue', 119.1::double precision), ('NetIncome', 11.8::double precision)) AS v(concept, value) ON true
WHERE p.company_id = 'top-glove' AND p.period_label = 'Q4 FY04'
ON CONFLICT (period_id, concept) DO UPDATE SET value = EXCLUDED.value, source_id = EXCLUDED.source_id;
INSERT INTO financial_period (company_id, period_label, period_type, fiscal_year, fiscal_quarter, currency, unit, report_date, source_id) VALUES ('top-glove', 'Q1 FY05', 'quarter', 2005, 1, 'MYR', 'MYR millions', '2004-11-30', 'glove-tracker-top-glove') ON CONFLICT (company_id, period_label) DO UPDATE SET period_type = EXCLUDED.period_type, fiscal_year = EXCLUDED.fiscal_year, fiscal_quarter = EXCLUDED.fiscal_quarter, currency = EXCLUDED.currency, unit = EXCLUDED.unit, report_date = EXCLUDED.report_date, source_id = EXCLUDED.source_id;
INSERT INTO financial_fact (period_id, concept, value, source_id)
SELECT p.id, v.concept, v.value, 'glove-tracker-top-glove'
FROM financial_period p
JOIN (VALUES ('Revenue', 139.1::double precision), ('NetIncome', 12.9::double precision)) AS v(concept, value) ON true
WHERE p.company_id = 'top-glove' AND p.period_label = 'Q1 FY05'
ON CONFLICT (period_id, concept) DO UPDATE SET value = EXCLUDED.value, source_id = EXCLUDED.source_id;
INSERT INTO financial_period (company_id, period_label, period_type, fiscal_year, fiscal_quarter, currency, unit, report_date, source_id) VALUES ('top-glove', 'Q2 FY05', 'quarter', 2005, 2, 'MYR', 'MYR millions', '2005-02-28', 'glove-tracker-top-glove') ON CONFLICT (company_id, period_label) DO UPDATE SET period_type = EXCLUDED.period_type, fiscal_year = EXCLUDED.fiscal_year, fiscal_quarter = EXCLUDED.fiscal_quarter, currency = EXCLUDED.currency, unit = EXCLUDED.unit, report_date = EXCLUDED.report_date, source_id = EXCLUDED.source_id;
INSERT INTO financial_fact (period_id, concept, value, source_id)
SELECT p.id, v.concept, v.value, 'glove-tracker-top-glove'
FROM financial_period p
JOIN (VALUES ('Revenue', 148.7::double precision), ('NetIncome', 13.9::double precision)) AS v(concept, value) ON true
WHERE p.company_id = 'top-glove' AND p.period_label = 'Q2 FY05'
ON CONFLICT (period_id, concept) DO UPDATE SET value = EXCLUDED.value, source_id = EXCLUDED.source_id;
INSERT INTO financial_period (company_id, period_label, period_type, fiscal_year, fiscal_quarter, currency, unit, report_date, source_id) VALUES ('top-glove', 'Q3 FY05', 'quarter', 2005, 3, 'MYR', 'MYR millions', '2005-05-31', 'glove-tracker-top-glove') ON CONFLICT (company_id, period_label) DO UPDATE SET period_type = EXCLUDED.period_type, fiscal_year = EXCLUDED.fiscal_year, fiscal_quarter = EXCLUDED.fiscal_quarter, currency = EXCLUDED.currency, unit = EXCLUDED.unit, report_date = EXCLUDED.report_date, source_id = EXCLUDED.source_id;
INSERT INTO financial_fact (period_id, concept, value, source_id)
SELECT p.id, v.concept, v.value, 'glove-tracker-top-glove'
FROM financial_period p
JOIN (VALUES ('Revenue', 159.2::double precision), ('NetIncome', 14.8::double precision)) AS v(concept, value) ON true
WHERE p.company_id = 'top-glove' AND p.period_label = 'Q3 FY05'
ON CONFLICT (period_id, concept) DO UPDATE SET value = EXCLUDED.value, source_id = EXCLUDED.source_id;
INSERT INTO financial_period (company_id, period_label, period_type, fiscal_year, fiscal_quarter, currency, unit, report_date, source_id) VALUES ('top-glove', 'Q4 FY05', 'quarter', 2005, 4, 'MYR', 'MYR millions', '2005-08-31', 'glove-tracker-top-glove') ON CONFLICT (company_id, period_label) DO UPDATE SET period_type = EXCLUDED.period_type, fiscal_year = EXCLUDED.fiscal_year, fiscal_quarter = EXCLUDED.fiscal_quarter, currency = EXCLUDED.currency, unit = EXCLUDED.unit, report_date = EXCLUDED.report_date, source_id = EXCLUDED.source_id;
INSERT INTO financial_fact (period_id, concept, value, source_id)
SELECT p.id, v.concept, v.value, 'glove-tracker-top-glove'
FROM financial_period p
JOIN (VALUES ('Revenue', 194.8::double precision), ('NetIncome', 16.5::double precision)) AS v(concept, value) ON true
WHERE p.company_id = 'top-glove' AND p.period_label = 'Q4 FY05'
ON CONFLICT (period_id, concept) DO UPDATE SET value = EXCLUDED.value, source_id = EXCLUDED.source_id;
INSERT INTO financial_period (company_id, period_label, period_type, fiscal_year, fiscal_quarter, currency, unit, report_date, source_id) VALUES ('top-glove', 'Q1 FY06', 'quarter', 2006, 1, 'MYR', 'MYR millions', '2005-11-30', 'glove-tracker-top-glove') ON CONFLICT (company_id, period_label) DO UPDATE SET period_type = EXCLUDED.period_type, fiscal_year = EXCLUDED.fiscal_year, fiscal_quarter = EXCLUDED.fiscal_quarter, currency = EXCLUDED.currency, unit = EXCLUDED.unit, report_date = EXCLUDED.report_date, source_id = EXCLUDED.source_id;
INSERT INTO financial_fact (period_id, concept, value, source_id)
SELECT p.id, v.concept, v.value, 'glove-tracker-top-glove'
FROM financial_period p
JOIN (VALUES ('Revenue', 208.7::double precision), ('NetIncome', 18.4::double precision)) AS v(concept, value) ON true
WHERE p.company_id = 'top-glove' AND p.period_label = 'Q1 FY06'
ON CONFLICT (period_id, concept) DO UPDATE SET value = EXCLUDED.value, source_id = EXCLUDED.source_id;
INSERT INTO financial_period (company_id, period_label, period_type, fiscal_year, fiscal_quarter, currency, unit, report_date, source_id) VALUES ('top-glove', 'Q2 FY06', 'quarter', 2006, 2, 'MYR', 'MYR millions', '2006-02-28', 'glove-tracker-top-glove') ON CONFLICT (company_id, period_label) DO UPDATE SET period_type = EXCLUDED.period_type, fiscal_year = EXCLUDED.fiscal_year, fiscal_quarter = EXCLUDED.fiscal_quarter, currency = EXCLUDED.currency, unit = EXCLUDED.unit, report_date = EXCLUDED.report_date, source_id = EXCLUDED.source_id;
INSERT INTO financial_fact (period_id, concept, value, source_id)
SELECT p.id, v.concept, v.value, 'glove-tracker-top-glove'
FROM financial_period p
JOIN (VALUES ('Revenue', 228.5::double precision), ('NetIncome', 20::double precision)) AS v(concept, value) ON true
WHERE p.company_id = 'top-glove' AND p.period_label = 'Q2 FY06'
ON CONFLICT (period_id, concept) DO UPDATE SET value = EXCLUDED.value, source_id = EXCLUDED.source_id;
INSERT INTO financial_period (company_id, period_label, period_type, fiscal_year, fiscal_quarter, currency, unit, report_date, source_id) VALUES ('top-glove', 'Q3 FY06', 'quarter', 2006, 3, 'MYR', 'MYR millions', '2006-05-31', 'glove-tracker-top-glove') ON CONFLICT (company_id, period_label) DO UPDATE SET period_type = EXCLUDED.period_type, fiscal_year = EXCLUDED.fiscal_year, fiscal_quarter = EXCLUDED.fiscal_quarter, currency = EXCLUDED.currency, unit = EXCLUDED.unit, report_date = EXCLUDED.report_date, source_id = EXCLUDED.source_id;
INSERT INTO financial_fact (period_id, concept, value, source_id)
SELECT p.id, v.concept, v.value, 'glove-tracker-top-glove'
FROM financial_period p
JOIN (VALUES ('Revenue', 247.8::double precision), ('NetIncome', 21.2::double precision)) AS v(concept, value) ON true
WHERE p.company_id = 'top-glove' AND p.period_label = 'Q3 FY06'
ON CONFLICT (period_id, concept) DO UPDATE SET value = EXCLUDED.value, source_id = EXCLUDED.source_id;
INSERT INTO financial_period (company_id, period_label, period_type, fiscal_year, fiscal_quarter, currency, unit, report_date, source_id) VALUES ('top-glove', 'Q4 FY06', 'quarter', 2006, 4, 'MYR', 'MYR millions', '2006-08-31', 'glove-tracker-top-glove') ON CONFLICT (company_id, period_label) DO UPDATE SET period_type = EXCLUDED.period_type, fiscal_year = EXCLUDED.fiscal_year, fiscal_quarter = EXCLUDED.fiscal_quarter, currency = EXCLUDED.currency, unit = EXCLUDED.unit, report_date = EXCLUDED.report_date, source_id = EXCLUDED.source_id;
INSERT INTO financial_fact (period_id, concept, value, source_id)
SELECT p.id, v.concept, v.value, 'glove-tracker-top-glove'
FROM financial_period p
JOIN (VALUES ('Revenue', 307.5::double precision), ('NetIncome', 18.5::double precision)) AS v(concept, value) ON true
WHERE p.company_id = 'top-glove' AND p.period_label = 'Q4 FY06'
ON CONFLICT (period_id, concept) DO UPDATE SET value = EXCLUDED.value, source_id = EXCLUDED.source_id;
INSERT INTO financial_period (company_id, period_label, period_type, fiscal_year, fiscal_quarter, currency, unit, report_date, source_id) VALUES ('top-glove', 'Q1 FY07', 'quarter', 2007, 1, 'MYR', 'MYR millions', '2006-11-30', 'glove-tracker-top-glove') ON CONFLICT (company_id, period_label) DO UPDATE SET period_type = EXCLUDED.period_type, fiscal_year = EXCLUDED.fiscal_year, fiscal_quarter = EXCLUDED.fiscal_quarter, currency = EXCLUDED.currency, unit = EXCLUDED.unit, report_date = EXCLUDED.report_date, source_id = EXCLUDED.source_id;
INSERT INTO financial_fact (period_id, concept, value, source_id)
SELECT p.id, v.concept, v.value, 'glove-tracker-top-glove'
FROM financial_period p
JOIN (VALUES ('Revenue', 308.3::double precision), ('NetIncome', 24.8::double precision)) AS v(concept, value) ON true
WHERE p.company_id = 'top-glove' AND p.period_label = 'Q1 FY07'
ON CONFLICT (period_id, concept) DO UPDATE SET value = EXCLUDED.value, source_id = EXCLUDED.source_id;
INSERT INTO financial_period (company_id, period_label, period_type, fiscal_year, fiscal_quarter, currency, unit, report_date, source_id) VALUES ('top-glove', 'Q2 FY07', 'quarter', 2007, 2, 'MYR', 'MYR millions', '2007-02-28', 'glove-tracker-top-glove') ON CONFLICT (company_id, period_label) DO UPDATE SET period_type = EXCLUDED.period_type, fiscal_year = EXCLUDED.fiscal_year, fiscal_quarter = EXCLUDED.fiscal_quarter, currency = EXCLUDED.currency, unit = EXCLUDED.unit, report_date = EXCLUDED.report_date, source_id = EXCLUDED.source_id;
INSERT INTO financial_fact (period_id, concept, value, source_id)
SELECT p.id, v.concept, v.value, 'glove-tracker-top-glove'
FROM financial_period p
JOIN (VALUES ('Revenue', 311.4::double precision), ('NetIncome', 25.4::double precision)) AS v(concept, value) ON true
WHERE p.company_id = 'top-glove' AND p.period_label = 'Q2 FY07'
ON CONFLICT (period_id, concept) DO UPDATE SET value = EXCLUDED.value, source_id = EXCLUDED.source_id;
INSERT INTO financial_period (company_id, period_label, period_type, fiscal_year, fiscal_quarter, currency, unit, report_date, source_id) VALUES ('top-glove', 'Q3 FY07', 'quarter', 2007, 3, 'MYR', 'MYR millions', '2007-05-31', 'glove-tracker-top-glove') ON CONFLICT (company_id, period_label) DO UPDATE SET period_type = EXCLUDED.period_type, fiscal_year = EXCLUDED.fiscal_year, fiscal_quarter = EXCLUDED.fiscal_quarter, currency = EXCLUDED.currency, unit = EXCLUDED.unit, report_date = EXCLUDED.report_date, source_id = EXCLUDED.source_id;
INSERT INTO financial_fact (period_id, concept, value, source_id)
SELECT p.id, v.concept, v.value, 'glove-tracker-top-glove'
FROM financial_period p
JOIN (VALUES ('Revenue', 301.6::double precision), ('NetIncome', 25.9::double precision)) AS v(concept, value) ON true
WHERE p.company_id = 'top-glove' AND p.period_label = 'Q3 FY07'
ON CONFLICT (period_id, concept) DO UPDATE SET value = EXCLUDED.value, source_id = EXCLUDED.source_id;
INSERT INTO financial_period (company_id, period_label, period_type, fiscal_year, fiscal_quarter, currency, unit, report_date, source_id) VALUES ('top-glove', 'Q4 FY07', 'quarter', 2007, 4, 'MYR', 'MYR millions', '2007-08-31', 'glove-tracker-top-glove') ON CONFLICT (company_id, period_label) DO UPDATE SET period_type = EXCLUDED.period_type, fiscal_year = EXCLUDED.fiscal_year, fiscal_quarter = EXCLUDED.fiscal_quarter, currency = EXCLUDED.currency, unit = EXCLUDED.unit, report_date = EXCLUDED.report_date, source_id = EXCLUDED.source_id;
INSERT INTO financial_fact (period_id, concept, value, source_id)
SELECT p.id, v.concept, v.value, 'glove-tracker-top-glove'
FROM financial_period p
JOIN (VALUES ('Revenue', 307.7::double precision), ('NetIncome', 26.8::double precision)) AS v(concept, value) ON true
WHERE p.company_id = 'top-glove' AND p.period_label = 'Q4 FY07'
ON CONFLICT (period_id, concept) DO UPDATE SET value = EXCLUDED.value, source_id = EXCLUDED.source_id;
INSERT INTO financial_period (company_id, period_label, period_type, fiscal_year, fiscal_quarter, currency, unit, report_date, source_id) VALUES ('top-glove', 'Q1 FY08', 'quarter', 2008, 1, 'MYR', 'MYR millions', '2007-11-30', 'glove-tracker-top-glove') ON CONFLICT (company_id, period_label) DO UPDATE SET period_type = EXCLUDED.period_type, fiscal_year = EXCLUDED.fiscal_year, fiscal_quarter = EXCLUDED.fiscal_quarter, currency = EXCLUDED.currency, unit = EXCLUDED.unit, report_date = EXCLUDED.report_date, source_id = EXCLUDED.source_id;
INSERT INTO financial_fact (period_id, concept, value, source_id)
SELECT p.id, v.concept, v.value, 'glove-tracker-top-glove'
FROM financial_period p
JOIN (VALUES ('Revenue', 336.5::double precision), ('NetIncome', 29.4::double precision)) AS v(concept, value) ON true
WHERE p.company_id = 'top-glove' AND p.period_label = 'Q1 FY08'
ON CONFLICT (period_id, concept) DO UPDATE SET value = EXCLUDED.value, source_id = EXCLUDED.source_id;
INSERT INTO financial_period (company_id, period_label, period_type, fiscal_year, fiscal_quarter, currency, unit, report_date, source_id) VALUES ('top-glove', 'Q2 FY08', 'quarter', 2008, 2, 'MYR', 'MYR millions', '2008-02-29', 'glove-tracker-top-glove') ON CONFLICT (company_id, period_label) DO UPDATE SET period_type = EXCLUDED.period_type, fiscal_year = EXCLUDED.fiscal_year, fiscal_quarter = EXCLUDED.fiscal_quarter, currency = EXCLUDED.currency, unit = EXCLUDED.unit, report_date = EXCLUDED.report_date, source_id = EXCLUDED.source_id;
INSERT INTO financial_fact (period_id, concept, value, source_id)
SELECT p.id, v.concept, v.value, 'glove-tracker-top-glove'
FROM financial_period p
JOIN (VALUES ('Revenue', 320.8::double precision), ('NetIncome', 29.5::double precision)) AS v(concept, value) ON true
WHERE p.company_id = 'top-glove' AND p.period_label = 'Q2 FY08'
ON CONFLICT (period_id, concept) DO UPDATE SET value = EXCLUDED.value, source_id = EXCLUDED.source_id;
INSERT INTO financial_period (company_id, period_label, period_type, fiscal_year, fiscal_quarter, currency, unit, report_date, source_id) VALUES ('top-glove', 'Q3 FY08', 'quarter', 2008, 3, 'MYR', 'MYR millions', '2008-05-31', 'glove-tracker-top-glove') ON CONFLICT (company_id, period_label) DO UPDATE SET period_type = EXCLUDED.period_type, fiscal_year = EXCLUDED.fiscal_year, fiscal_quarter = EXCLUDED.fiscal_quarter, currency = EXCLUDED.currency, unit = EXCLUDED.unit, report_date = EXCLUDED.report_date, source_id = EXCLUDED.source_id;
INSERT INTO financial_fact (period_id, concept, value, source_id)
SELECT p.id, v.concept, v.value, 'glove-tracker-top-glove'
FROM financial_period p
JOIN (VALUES ('Revenue', 356.1::double precision), ('NetIncome', 26.1::double precision)) AS v(concept, value) ON true
WHERE p.company_id = 'top-glove' AND p.period_label = 'Q3 FY08'
ON CONFLICT (period_id, concept) DO UPDATE SET value = EXCLUDED.value, source_id = EXCLUDED.source_id;
INSERT INTO financial_period (company_id, period_label, period_type, fiscal_year, fiscal_quarter, currency, unit, report_date, source_id) VALUES ('top-glove', 'Q4 FY08', 'quarter', 2008, 4, 'MYR', 'MYR millions', '2008-08-31', 'glove-tracker-top-glove') ON CONFLICT (company_id, period_label) DO UPDATE SET period_type = EXCLUDED.period_type, fiscal_year = EXCLUDED.fiscal_year, fiscal_quarter = EXCLUDED.fiscal_quarter, currency = EXCLUDED.currency, unit = EXCLUDED.unit, report_date = EXCLUDED.report_date, source_id = EXCLUDED.source_id;
INSERT INTO financial_fact (period_id, concept, value, source_id)
SELECT p.id, v.concept, v.value, 'glove-tracker-top-glove'
FROM financial_period p
JOIN (VALUES ('Revenue', 360.8::double precision), ('NetIncome', 25.1::double precision)) AS v(concept, value) ON true
WHERE p.company_id = 'top-glove' AND p.period_label = 'Q4 FY08'
ON CONFLICT (period_id, concept) DO UPDATE SET value = EXCLUDED.value, source_id = EXCLUDED.source_id;
INSERT INTO financial_period (company_id, period_label, period_type, fiscal_year, fiscal_quarter, currency, unit, report_date, source_id) VALUES ('top-glove', 'Q1 FY09', 'quarter', 2009, 1, 'MYR', 'MYR millions', '2008-11-30', 'glove-tracker-top-glove') ON CONFLICT (company_id, period_label) DO UPDATE SET period_type = EXCLUDED.period_type, fiscal_year = EXCLUDED.fiscal_year, fiscal_quarter = EXCLUDED.fiscal_quarter, currency = EXCLUDED.currency, unit = EXCLUDED.unit, report_date = EXCLUDED.report_date, source_id = EXCLUDED.source_id;
INSERT INTO financial_fact (period_id, concept, value, source_id)
SELECT p.id, v.concept, v.value, 'glove-tracker-top-glove'
FROM financial_period p
JOIN (VALUES ('Revenue', 386.1::double precision), ('NetIncome', 34.2::double precision)) AS v(concept, value) ON true
WHERE p.company_id = 'top-glove' AND p.period_label = 'Q1 FY09'
ON CONFLICT (period_id, concept) DO UPDATE SET value = EXCLUDED.value, source_id = EXCLUDED.source_id;
INSERT INTO financial_period (company_id, period_label, period_type, fiscal_year, fiscal_quarter, currency, unit, report_date, source_id) VALUES ('top-glove', 'Q2 FY09', 'quarter', 2009, 2, 'MYR', 'MYR millions', '2009-02-28', 'glove-tracker-top-glove') ON CONFLICT (company_id, period_label) DO UPDATE SET period_type = EXCLUDED.period_type, fiscal_year = EXCLUDED.fiscal_year, fiscal_quarter = EXCLUDED.fiscal_quarter, currency = EXCLUDED.currency, unit = EXCLUDED.unit, report_date = EXCLUDED.report_date, source_id = EXCLUDED.source_id;
INSERT INTO financial_fact (period_id, concept, value, source_id)
SELECT p.id, v.concept, v.value, 'glove-tracker-top-glove'
FROM financial_period p
JOIN (VALUES ('Revenue', 346.5::double precision), ('NetIncome', 36::double precision)) AS v(concept, value) ON true
WHERE p.company_id = 'top-glove' AND p.period_label = 'Q2 FY09'
ON CONFLICT (period_id, concept) DO UPDATE SET value = EXCLUDED.value, source_id = EXCLUDED.source_id;
INSERT INTO financial_period (company_id, period_label, period_type, fiscal_year, fiscal_quarter, currency, unit, report_date, source_id) VALUES ('top-glove', 'Q3 FY09', 'quarter', 2009, 3, 'MYR', 'MYR millions', '2009-05-31', 'glove-tracker-top-glove') ON CONFLICT (company_id, period_label) DO UPDATE SET period_type = EXCLUDED.period_type, fiscal_year = EXCLUDED.fiscal_year, fiscal_quarter = EXCLUDED.fiscal_quarter, currency = EXCLUDED.currency, unit = EXCLUDED.unit, report_date = EXCLUDED.report_date, source_id = EXCLUDED.source_id;
INSERT INTO financial_fact (period_id, concept, value, source_id)
SELECT p.id, v.concept, v.value, 'glove-tracker-top-glove'
FROM financial_period p
JOIN (VALUES ('Revenue', 372::double precision), ('NetIncome', 42.2::double precision)) AS v(concept, value) ON true
WHERE p.company_id = 'top-glove' AND p.period_label = 'Q3 FY09'
ON CONFLICT (period_id, concept) DO UPDATE SET value = EXCLUDED.value, source_id = EXCLUDED.source_id;
INSERT INTO financial_period (company_id, period_label, period_type, fiscal_year, fiscal_quarter, currency, unit, report_date, source_id) VALUES ('top-glove', 'Q4 FY09', 'quarter', 2009, 4, 'MYR', 'MYR millions', '2009-08-31', 'glove-tracker-top-glove') ON CONFLICT (company_id, period_label) DO UPDATE SET period_type = EXCLUDED.period_type, fiscal_year = EXCLUDED.fiscal_year, fiscal_quarter = EXCLUDED.fiscal_quarter, currency = EXCLUDED.currency, unit = EXCLUDED.unit, report_date = EXCLUDED.report_date, source_id = EXCLUDED.source_id;
INSERT INTO financial_fact (period_id, concept, value, source_id)
SELECT p.id, v.concept, v.value, 'glove-tracker-top-glove'
FROM financial_period p
JOIN (VALUES ('Revenue', 427.3::double precision), ('NetIncome', 56.8::double precision)) AS v(concept, value) ON true
WHERE p.company_id = 'top-glove' AND p.period_label = 'Q4 FY09'
ON CONFLICT (period_id, concept) DO UPDATE SET value = EXCLUDED.value, source_id = EXCLUDED.source_id;
INSERT INTO financial_period (company_id, period_label, period_type, fiscal_year, fiscal_quarter, currency, unit, report_date, source_id) VALUES ('top-glove', 'Q1 FY10', 'quarter', 2010, 1, 'MYR', 'MYR millions', '2009-11-30', 'glove-tracker-top-glove') ON CONFLICT (company_id, period_label) DO UPDATE SET period_type = EXCLUDED.period_type, fiscal_year = EXCLUDED.fiscal_year, fiscal_quarter = EXCLUDED.fiscal_quarter, currency = EXCLUDED.currency, unit = EXCLUDED.unit, report_date = EXCLUDED.report_date, source_id = EXCLUDED.source_id;
INSERT INTO financial_fact (period_id, concept, value, source_id)
SELECT p.id, v.concept, v.value, 'glove-tracker-top-glove'
FROM financial_period p
JOIN (VALUES ('Revenue', 472.3::double precision), ('NetIncome', 65.2::double precision)) AS v(concept, value) ON true
WHERE p.company_id = 'top-glove' AND p.period_label = 'Q1 FY10'
ON CONFLICT (period_id, concept) DO UPDATE SET value = EXCLUDED.value, source_id = EXCLUDED.source_id;
INSERT INTO financial_period (company_id, period_label, period_type, fiscal_year, fiscal_quarter, currency, unit, report_date, source_id) VALUES ('top-glove', 'Q2 FY10', 'quarter', 2010, 2, 'MYR', 'MYR millions', '2010-02-28', 'glove-tracker-top-glove') ON CONFLICT (company_id, period_label) DO UPDATE SET period_type = EXCLUDED.period_type, fiscal_year = EXCLUDED.fiscal_year, fiscal_quarter = EXCLUDED.fiscal_quarter, currency = EXCLUDED.currency, unit = EXCLUDED.unit, report_date = EXCLUDED.report_date, source_id = EXCLUDED.source_id;
INSERT INTO financial_fact (period_id, concept, value, source_id)
SELECT p.id, v.concept, v.value, 'glove-tracker-top-glove'
FROM financial_period p
JOIN (VALUES ('Revenue', 509.9::double precision), ('NetIncome', 70.5::double precision)) AS v(concept, value) ON true
WHERE p.company_id = 'top-glove' AND p.period_label = 'Q2 FY10'
ON CONFLICT (period_id, concept) DO UPDATE SET value = EXCLUDED.value, source_id = EXCLUDED.source_id;
INSERT INTO financial_period (company_id, period_label, period_type, fiscal_year, fiscal_quarter, currency, unit, report_date, source_id) VALUES ('top-glove', 'Q3 FY10', 'quarter', 2010, 3, 'MYR', 'MYR millions', '2010-05-31', 'glove-tracker-top-glove') ON CONFLICT (company_id, period_label) DO UPDATE SET period_type = EXCLUDED.period_type, fiscal_year = EXCLUDED.fiscal_year, fiscal_quarter = EXCLUDED.fiscal_quarter, currency = EXCLUDED.currency, unit = EXCLUDED.unit, report_date = EXCLUDED.report_date, source_id = EXCLUDED.source_id;
INSERT INTO financial_fact (period_id, concept, value, source_id)
SELECT p.id, v.concept, v.value, 'glove-tracker-top-glove'
FROM financial_period p
JOIN (VALUES ('Revenue', 555.9::double precision), ('NetIncome', 64.5::double precision)) AS v(concept, value) ON true
WHERE p.company_id = 'top-glove' AND p.period_label = 'Q3 FY10'
ON CONFLICT (period_id, concept) DO UPDATE SET value = EXCLUDED.value, source_id = EXCLUDED.source_id;
INSERT INTO financial_period (company_id, period_label, period_type, fiscal_year, fiscal_quarter, currency, unit, report_date, source_id) VALUES ('top-glove', 'Q4 FY10', 'quarter', 2010, 4, 'MYR', 'MYR millions', '2010-08-31', 'glove-tracker-top-glove') ON CONFLICT (company_id, period_label) DO UPDATE SET period_type = EXCLUDED.period_type, fiscal_year = EXCLUDED.fiscal_year, fiscal_quarter = EXCLUDED.fiscal_quarter, currency = EXCLUDED.currency, unit = EXCLUDED.unit, report_date = EXCLUDED.report_date, source_id = EXCLUDED.source_id;
INSERT INTO financial_fact (period_id, concept, value, source_id)
SELECT p.id, v.concept, v.value, 'glove-tracker-top-glove'
FROM financial_period p
JOIN (VALUES ('Revenue', 541.4::double precision), ('NetIncome', 45.1::double precision)) AS v(concept, value) ON true
WHERE p.company_id = 'top-glove' AND p.period_label = 'Q4 FY10'
ON CONFLICT (period_id, concept) DO UPDATE SET value = EXCLUDED.value, source_id = EXCLUDED.source_id;
INSERT INTO financial_period (company_id, period_label, period_type, fiscal_year, fiscal_quarter, currency, unit, report_date, source_id) VALUES ('top-glove', 'Q1 FY11', 'quarter', 2011, 1, 'MYR', 'MYR millions', '2010-11-30', 'glove-tracker-top-glove') ON CONFLICT (company_id, period_label) DO UPDATE SET period_type = EXCLUDED.period_type, fiscal_year = EXCLUDED.fiscal_year, fiscal_quarter = EXCLUDED.fiscal_quarter, currency = EXCLUDED.currency, unit = EXCLUDED.unit, report_date = EXCLUDED.report_date, source_id = EXCLUDED.source_id;
INSERT INTO financial_fact (period_id, concept, value, source_id)
SELECT p.id, v.concept, v.value, 'glove-tracker-top-glove'
FROM financial_period p
JOIN (VALUES ('Revenue', 491.5::double precision), ('NetIncome', 36.1::double precision)) AS v(concept, value) ON true
WHERE p.company_id = 'top-glove' AND p.period_label = 'Q1 FY11'
ON CONFLICT (period_id, concept) DO UPDATE SET value = EXCLUDED.value, source_id = EXCLUDED.source_id;
INSERT INTO financial_period (company_id, period_label, period_type, fiscal_year, fiscal_quarter, currency, unit, report_date, source_id) VALUES ('top-glove', 'Q2 FY11', 'quarter', 2011, 2, 'MYR', 'MYR millions', '2011-02-28', 'glove-tracker-top-glove') ON CONFLICT (company_id, period_label) DO UPDATE SET period_type = EXCLUDED.period_type, fiscal_year = EXCLUDED.fiscal_year, fiscal_quarter = EXCLUDED.fiscal_quarter, currency = EXCLUDED.currency, unit = EXCLUDED.unit, report_date = EXCLUDED.report_date, source_id = EXCLUDED.source_id;
INSERT INTO financial_fact (period_id, concept, value, source_id)
SELECT p.id, v.concept, v.value, 'glove-tracker-top-glove'
FROM financial_period p
JOIN (VALUES ('Revenue', 485.2::double precision), ('NetIncome', 25.4::double precision)) AS v(concept, value) ON true
WHERE p.company_id = 'top-glove' AND p.period_label = 'Q2 FY11'
ON CONFLICT (period_id, concept) DO UPDATE SET value = EXCLUDED.value, source_id = EXCLUDED.source_id;
INSERT INTO financial_period (company_id, period_label, period_type, fiscal_year, fiscal_quarter, currency, unit, report_date, source_id) VALUES ('top-glove', 'Q3 FY11', 'quarter', 2011, 3, 'MYR', 'MYR millions', '2011-05-31', 'glove-tracker-top-glove') ON CONFLICT (company_id, period_label) DO UPDATE SET period_type = EXCLUDED.period_type, fiscal_year = EXCLUDED.fiscal_year, fiscal_quarter = EXCLUDED.fiscal_quarter, currency = EXCLUDED.currency, unit = EXCLUDED.unit, report_date = EXCLUDED.report_date, source_id = EXCLUDED.source_id;
INSERT INTO financial_fact (period_id, concept, value, source_id)
SELECT p.id, v.concept, v.value, 'glove-tracker-top-glove'
FROM financial_period p
JOIN (VALUES ('Revenue', 535.4::double precision), ('NetIncome', 25.6::double precision)) AS v(concept, value) ON true
WHERE p.company_id = 'top-glove' AND p.period_label = 'Q3 FY11'
ON CONFLICT (period_id, concept) DO UPDATE SET value = EXCLUDED.value, source_id = EXCLUDED.source_id;
INSERT INTO financial_period (company_id, period_label, period_type, fiscal_year, fiscal_quarter, currency, unit, report_date, source_id) VALUES ('top-glove', 'Q4 FY11', 'quarter', 2011, 4, 'MYR', 'MYR millions', '2011-08-31', 'glove-tracker-top-glove') ON CONFLICT (company_id, period_label) DO UPDATE SET period_type = EXCLUDED.period_type, fiscal_year = EXCLUDED.fiscal_year, fiscal_quarter = EXCLUDED.fiscal_quarter, currency = EXCLUDED.currency, unit = EXCLUDED.unit, report_date = EXCLUDED.report_date, source_id = EXCLUDED.source_id;
INSERT INTO financial_fact (period_id, concept, value, source_id)
SELECT p.id, v.concept, v.value, 'glove-tracker-top-glove'
FROM financial_period p
JOIN (VALUES ('Revenue', 541.8::double precision), ('NetIncome', 26.1::double precision)) AS v(concept, value) ON true
WHERE p.company_id = 'top-glove' AND p.period_label = 'Q4 FY11'
ON CONFLICT (period_id, concept) DO UPDATE SET value = EXCLUDED.value, source_id = EXCLUDED.source_id;
INSERT INTO financial_period (company_id, period_label, period_type, fiscal_year, fiscal_quarter, currency, unit, report_date, source_id) VALUES ('top-glove', 'Q1 FY12', 'quarter', 2012, 1, 'MYR', 'MYR millions', '2011-11-30', 'glove-tracker-top-glove') ON CONFLICT (company_id, period_label) DO UPDATE SET period_type = EXCLUDED.period_type, fiscal_year = EXCLUDED.fiscal_year, fiscal_quarter = EXCLUDED.fiscal_quarter, currency = EXCLUDED.currency, unit = EXCLUDED.unit, report_date = EXCLUDED.report_date, source_id = EXCLUDED.source_id;
INSERT INTO financial_fact (period_id, concept, value, source_id)
SELECT p.id, v.concept, v.value, 'glove-tracker-top-glove'
FROM financial_period p
JOIN (VALUES ('Revenue', 554.8::double precision), ('NetIncome', 31.4::double precision)) AS v(concept, value) ON true
WHERE p.company_id = 'top-glove' AND p.period_label = 'Q1 FY12'
ON CONFLICT (period_id, concept) DO UPDATE SET value = EXCLUDED.value, source_id = EXCLUDED.source_id;
INSERT INTO financial_period (company_id, period_label, period_type, fiscal_year, fiscal_quarter, currency, unit, report_date, source_id) VALUES ('top-glove', 'Q2 FY12', 'quarter', 2012, 2, 'MYR', 'MYR millions', '2012-02-29', 'glove-tracker-top-glove') ON CONFLICT (company_id, period_label) DO UPDATE SET period_type = EXCLUDED.period_type, fiscal_year = EXCLUDED.fiscal_year, fiscal_quarter = EXCLUDED.fiscal_quarter, currency = EXCLUDED.currency, unit = EXCLUDED.unit, report_date = EXCLUDED.report_date, source_id = EXCLUDED.source_id;
INSERT INTO financial_fact (period_id, concept, value, source_id)
SELECT p.id, v.concept, v.value, 'glove-tracker-top-glove'
FROM financial_period p
JOIN (VALUES ('Revenue', 549::double precision), ('NetIncome', 53.5::double precision)) AS v(concept, value) ON true
WHERE p.company_id = 'top-glove' AND p.period_label = 'Q2 FY12'
ON CONFLICT (period_id, concept) DO UPDATE SET value = EXCLUDED.value, source_id = EXCLUDED.source_id;
INSERT INTO financial_period (company_id, period_label, period_type, fiscal_year, fiscal_quarter, currency, unit, report_date, source_id) VALUES ('top-glove', 'Q3 FY12', 'quarter', 2012, 3, 'MYR', 'MYR millions', '2012-05-31', 'glove-tracker-top-glove') ON CONFLICT (company_id, period_label) DO UPDATE SET period_type = EXCLUDED.period_type, fiscal_year = EXCLUDED.fiscal_year, fiscal_quarter = EXCLUDED.fiscal_quarter, currency = EXCLUDED.currency, unit = EXCLUDED.unit, report_date = EXCLUDED.report_date, source_id = EXCLUDED.source_id;
INSERT INTO financial_fact (period_id, concept, value, source_id)
SELECT p.id, v.concept, v.value, 'glove-tracker-top-glove'
FROM financial_period p
JOIN (VALUES ('Revenue', 603.3::double precision), ('NetIncome', 53.8::double precision)) AS v(concept, value) ON true
WHERE p.company_id = 'top-glove' AND p.period_label = 'Q3 FY12'
ON CONFLICT (period_id, concept) DO UPDATE SET value = EXCLUDED.value, source_id = EXCLUDED.source_id;
INSERT INTO financial_period (company_id, period_label, period_type, fiscal_year, fiscal_quarter, currency, unit, report_date, source_id) VALUES ('top-glove', 'Q4 FY12', 'quarter', 2012, 4, 'MYR', 'MYR millions', '2012-08-31', 'glove-tracker-top-glove') ON CONFLICT (company_id, period_label) DO UPDATE SET period_type = EXCLUDED.period_type, fiscal_year = EXCLUDED.fiscal_year, fiscal_quarter = EXCLUDED.fiscal_quarter, currency = EXCLUDED.currency, unit = EXCLUDED.unit, report_date = EXCLUDED.report_date, source_id = EXCLUDED.source_id;
INSERT INTO financial_fact (period_id, concept, value, source_id)
SELECT p.id, v.concept, v.value, 'glove-tracker-top-glove'
FROM financial_period p
JOIN (VALUES ('Revenue', 607.2::double precision), ('NetIncome', 63.5::double precision)) AS v(concept, value) ON true
WHERE p.company_id = 'top-glove' AND p.period_label = 'Q4 FY12'
ON CONFLICT (period_id, concept) DO UPDATE SET value = EXCLUDED.value, source_id = EXCLUDED.source_id;
INSERT INTO financial_period (company_id, period_label, period_type, fiscal_year, fiscal_quarter, currency, unit, report_date, source_id) VALUES ('top-glove', 'Q1 FY13', 'quarter', 2013, 1, 'MYR', 'MYR millions', '2012-11-30', 'glove-tracker-top-glove') ON CONFLICT (company_id, period_label) DO UPDATE SET period_type = EXCLUDED.period_type, fiscal_year = EXCLUDED.fiscal_year, fiscal_quarter = EXCLUDED.fiscal_quarter, currency = EXCLUDED.currency, unit = EXCLUDED.unit, report_date = EXCLUDED.report_date, source_id = EXCLUDED.source_id;
INSERT INTO financial_fact (period_id, concept, value, source_id)
SELECT p.id, v.concept, v.value, 'glove-tracker-top-glove'
FROM financial_period p
JOIN (VALUES ('Revenue', 584.6::double precision), ('NetIncome', 57.5::double precision)) AS v(concept, value) ON true
WHERE p.company_id = 'top-glove' AND p.period_label = 'Q1 FY13'
ON CONFLICT (period_id, concept) DO UPDATE SET value = EXCLUDED.value, source_id = EXCLUDED.source_id;
INSERT INTO financial_period (company_id, period_label, period_type, fiscal_year, fiscal_quarter, currency, unit, report_date, source_id) VALUES ('top-glove', 'Q2 FY13', 'quarter', 2013, 2, 'MYR', 'MYR millions', '2013-02-28', 'glove-tracker-top-glove') ON CONFLICT (company_id, period_label) DO UPDATE SET period_type = EXCLUDED.period_type, fiscal_year = EXCLUDED.fiscal_year, fiscal_quarter = EXCLUDED.fiscal_quarter, currency = EXCLUDED.currency, unit = EXCLUDED.unit, report_date = EXCLUDED.report_date, source_id = EXCLUDED.source_id;
INSERT INTO financial_fact (period_id, concept, value, source_id)
SELECT p.id, v.concept, v.value, 'glove-tracker-top-glove'
FROM financial_period p
JOIN (VALUES ('Revenue', 576.4::double precision), ('NetIncome', 50.3::double precision)) AS v(concept, value) ON true
WHERE p.company_id = 'top-glove' AND p.period_label = 'Q2 FY13'
ON CONFLICT (period_id, concept) DO UPDATE SET value = EXCLUDED.value, source_id = EXCLUDED.source_id;
INSERT INTO financial_period (company_id, period_label, period_type, fiscal_year, fiscal_quarter, currency, unit, report_date, source_id) VALUES ('top-glove', 'Q3 FY13', 'quarter', 2013, 3, 'MYR', 'MYR millions', '2013-05-31', 'glove-tracker-top-glove') ON CONFLICT (company_id, period_label) DO UPDATE SET period_type = EXCLUDED.period_type, fiscal_year = EXCLUDED.fiscal_year, fiscal_quarter = EXCLUDED.fiscal_quarter, currency = EXCLUDED.currency, unit = EXCLUDED.unit, report_date = EXCLUDED.report_date, source_id = EXCLUDED.source_id;
INSERT INTO financial_fact (period_id, concept, value, source_id)
SELECT p.id, v.concept, v.value, 'glove-tracker-top-glove'
FROM financial_period p
JOIN (VALUES ('Revenue', 604.1::double precision), ('NetIncome', 40.3::double precision)) AS v(concept, value) ON true
WHERE p.company_id = 'top-glove' AND p.period_label = 'Q3 FY13'
ON CONFLICT (period_id, concept) DO UPDATE SET value = EXCLUDED.value, source_id = EXCLUDED.source_id;
INSERT INTO financial_period (company_id, period_label, period_type, fiscal_year, fiscal_quarter, currency, unit, report_date, source_id) VALUES ('top-glove', 'Q4 FY13', 'quarter', 2013, 4, 'MYR', 'MYR millions', '2013-08-31', 'glove-tracker-top-glove') ON CONFLICT (company_id, period_label) DO UPDATE SET period_type = EXCLUDED.period_type, fiscal_year = EXCLUDED.fiscal_year, fiscal_quarter = EXCLUDED.fiscal_quarter, currency = EXCLUDED.currency, unit = EXCLUDED.unit, report_date = EXCLUDED.report_date, source_id = EXCLUDED.source_id;
INSERT INTO financial_fact (period_id, concept, value, source_id)
SELECT p.id, v.concept, v.value, 'glove-tracker-top-glove'
FROM financial_period p
JOIN (VALUES ('Revenue', 548.2::double precision), ('NetIncome', 47.8::double precision)) AS v(concept, value) ON true
WHERE p.company_id = 'top-glove' AND p.period_label = 'Q4 FY13'
ON CONFLICT (period_id, concept) DO UPDATE SET value = EXCLUDED.value, source_id = EXCLUDED.source_id;
INSERT INTO financial_period (company_id, period_label, period_type, fiscal_year, fiscal_quarter, currency, unit, report_date, source_id) VALUES ('top-glove', 'Q1 FY14', 'quarter', 2014, 1, 'MYR', 'MYR millions', '2013-11-30', 'glove-tracker-top-glove') ON CONFLICT (company_id, period_label) DO UPDATE SET period_type = EXCLUDED.period_type, fiscal_year = EXCLUDED.fiscal_year, fiscal_quarter = EXCLUDED.fiscal_quarter, currency = EXCLUDED.currency, unit = EXCLUDED.unit, report_date = EXCLUDED.report_date, source_id = EXCLUDED.source_id;
INSERT INTO financial_fact (period_id, concept, value, source_id)
SELECT p.id, v.concept, v.value, 'glove-tracker-top-glove'
FROM financial_period p
JOIN (VALUES ('Revenue', 574::double precision), ('NetIncome', 50.3::double precision)) AS v(concept, value) ON true
WHERE p.company_id = 'top-glove' AND p.period_label = 'Q1 FY14'
ON CONFLICT (period_id, concept) DO UPDATE SET value = EXCLUDED.value, source_id = EXCLUDED.source_id;
INSERT INTO financial_period (company_id, period_label, period_type, fiscal_year, fiscal_quarter, currency, unit, report_date, source_id) VALUES ('top-glove', 'Q2 FY14', 'quarter', 2014, 2, 'MYR', 'MYR millions', '2014-02-28', 'glove-tracker-top-glove') ON CONFLICT (company_id, period_label) DO UPDATE SET period_type = EXCLUDED.period_type, fiscal_year = EXCLUDED.fiscal_year, fiscal_quarter = EXCLUDED.fiscal_quarter, currency = EXCLUDED.currency, unit = EXCLUDED.unit, report_date = EXCLUDED.report_date, source_id = EXCLUDED.source_id;
INSERT INTO financial_fact (period_id, concept, value, source_id)
SELECT p.id, v.concept, v.value, 'glove-tracker-top-glove'
FROM financial_period p
JOIN (VALUES ('Revenue', 548.3::double precision), ('NetIncome', 41.6::double precision)) AS v(concept, value) ON true
WHERE p.company_id = 'top-glove' AND p.period_label = 'Q2 FY14'
ON CONFLICT (period_id, concept) DO UPDATE SET value = EXCLUDED.value, source_id = EXCLUDED.source_id;
INSERT INTO financial_period (company_id, period_label, period_type, fiscal_year, fiscal_quarter, currency, unit, report_date, source_id) VALUES ('top-glove', 'Q3 FY14', 'quarter', 2014, 3, 'MYR', 'MYR millions', '2014-05-31', 'glove-tracker-top-glove') ON CONFLICT (company_id, period_label) DO UPDATE SET period_type = EXCLUDED.period_type, fiscal_year = EXCLUDED.fiscal_year, fiscal_quarter = EXCLUDED.fiscal_quarter, currency = EXCLUDED.currency, unit = EXCLUDED.unit, report_date = EXCLUDED.report_date, source_id = EXCLUDED.source_id;
INSERT INTO financial_fact (period_id, concept, value, source_id)
SELECT p.id, v.concept, v.value, 'glove-tracker-top-glove'
FROM financial_period p
JOIN (VALUES ('Revenue', 574::double precision), ('NetIncome', 42.4::double precision)) AS v(concept, value) ON true
WHERE p.company_id = 'top-glove' AND p.period_label = 'Q3 FY14'
ON CONFLICT (period_id, concept) DO UPDATE SET value = EXCLUDED.value, source_id = EXCLUDED.source_id;
INSERT INTO financial_period (company_id, period_label, period_type, fiscal_year, fiscal_quarter, currency, unit, report_date, source_id) VALUES ('top-glove', 'Q4 FY14', 'quarter', 2014, 4, 'MYR', 'MYR millions', '2014-08-31', 'glove-tracker-top-glove') ON CONFLICT (company_id, period_label) DO UPDATE SET period_type = EXCLUDED.period_type, fiscal_year = EXCLUDED.fiscal_year, fiscal_quarter = EXCLUDED.fiscal_quarter, currency = EXCLUDED.currency, unit = EXCLUDED.unit, report_date = EXCLUDED.report_date, source_id = EXCLUDED.source_id;
INSERT INTO financial_fact (period_id, concept, value, source_id)
SELECT p.id, v.concept, v.value, 'glove-tracker-top-glove'
FROM financial_period p
JOIN (VALUES ('Revenue', 580.2::double precision), ('NetIncome', 45.9::double precision)) AS v(concept, value) ON true
WHERE p.company_id = 'top-glove' AND p.period_label = 'Q4 FY14'
ON CONFLICT (period_id, concept) DO UPDATE SET value = EXCLUDED.value, source_id = EXCLUDED.source_id;
INSERT INTO financial_period (company_id, period_label, period_type, fiscal_year, fiscal_quarter, currency, unit, report_date, source_id) VALUES ('top-glove', 'Q1 FY15', 'quarter', 2015, 1, 'MYR', 'MYR millions', '2014-11-30', 'glove-tracker-top-glove') ON CONFLICT (company_id, period_label) DO UPDATE SET period_type = EXCLUDED.period_type, fiscal_year = EXCLUDED.fiscal_year, fiscal_quarter = EXCLUDED.fiscal_quarter, currency = EXCLUDED.currency, unit = EXCLUDED.unit, report_date = EXCLUDED.report_date, source_id = EXCLUDED.source_id;
INSERT INTO financial_fact (period_id, concept, value, source_id)
SELECT p.id, v.concept, v.value, 'glove-tracker-top-glove'
FROM financial_period p
JOIN (VALUES ('Revenue', 567.6::double precision), ('NetIncome', 48.7::double precision)) AS v(concept, value) ON true
WHERE p.company_id = 'top-glove' AND p.period_label = 'Q1 FY15'
ON CONFLICT (period_id, concept) DO UPDATE SET value = EXCLUDED.value, source_id = EXCLUDED.source_id;
INSERT INTO financial_period (company_id, period_label, period_type, fiscal_year, fiscal_quarter, currency, unit, report_date, source_id) VALUES ('top-glove', 'Q2 FY15', 'quarter', 2015, 2, 'MYR', 'MYR millions', '2015-02-28', 'glove-tracker-top-glove') ON CONFLICT (company_id, period_label) DO UPDATE SET period_type = EXCLUDED.period_type, fiscal_year = EXCLUDED.fiscal_year, fiscal_quarter = EXCLUDED.fiscal_quarter, currency = EXCLUDED.currency, unit = EXCLUDED.unit, report_date = EXCLUDED.report_date, source_id = EXCLUDED.source_id;
INSERT INTO financial_fact (period_id, concept, value, source_id)
SELECT p.id, v.concept, v.value, 'glove-tracker-top-glove'
FROM financial_period p
JOIN (VALUES ('Revenue', 572.2::double precision), ('NetIncome', 56.1::double precision)) AS v(concept, value) ON true
WHERE p.company_id = 'top-glove' AND p.period_label = 'Q2 FY15'
ON CONFLICT (period_id, concept) DO UPDATE SET value = EXCLUDED.value, source_id = EXCLUDED.source_id;
INSERT INTO financial_period (company_id, period_label, period_type, fiscal_year, fiscal_quarter, currency, unit, report_date, source_id) VALUES ('top-glove', 'Q3 FY15', 'quarter', 2015, 3, 'MYR', 'MYR millions', '2015-05-31', 'glove-tracker-top-glove') ON CONFLICT (company_id, period_label) DO UPDATE SET period_type = EXCLUDED.period_type, fiscal_year = EXCLUDED.fiscal_year, fiscal_quarter = EXCLUDED.fiscal_quarter, currency = EXCLUDED.currency, unit = EXCLUDED.unit, report_date = EXCLUDED.report_date, source_id = EXCLUDED.source_id;
INSERT INTO financial_fact (period_id, concept, value, source_id)
SELECT p.id, v.concept, v.value, 'glove-tracker-top-glove'
FROM financial_period p
JOIN (VALUES ('Revenue', 661.2::double precision), ('NetIncome', 72.3::double precision)) AS v(concept, value) ON true
WHERE p.company_id = 'top-glove' AND p.period_label = 'Q3 FY15'
ON CONFLICT (period_id, concept) DO UPDATE SET value = EXCLUDED.value, source_id = EXCLUDED.source_id;
INSERT INTO financial_period (company_id, period_label, period_type, fiscal_year, fiscal_quarter, currency, unit, report_date, source_id) VALUES ('top-glove', 'Q4 FY15', 'quarter', 2015, 4, 'MYR', 'MYR millions', '2015-08-31', 'glove-tracker-top-glove') ON CONFLICT (company_id, period_label) DO UPDATE SET period_type = EXCLUDED.period_type, fiscal_year = EXCLUDED.fiscal_year, fiscal_quarter = EXCLUDED.fiscal_quarter, currency = EXCLUDED.currency, unit = EXCLUDED.unit, report_date = EXCLUDED.report_date, source_id = EXCLUDED.source_id;
INSERT INTO financial_fact (period_id, concept, value, source_id)
SELECT p.id, v.concept, v.value, 'glove-tracker-top-glove'
FROM financial_period p
JOIN (VALUES ('Revenue', 709.4::double precision), ('NetIncome', 103.1::double precision)) AS v(concept, value) ON true
WHERE p.company_id = 'top-glove' AND p.period_label = 'Q4 FY15'
ON CONFLICT (period_id, concept) DO UPDATE SET value = EXCLUDED.value, source_id = EXCLUDED.source_id;
INSERT INTO financial_period (company_id, period_label, period_type, fiscal_year, fiscal_quarter, currency, unit, report_date, source_id) VALUES ('top-glove', 'Q1 FY16', 'quarter', 2016, 1, 'MYR', 'MYR millions', '2015-11-30', 'glove-tracker-top-glove') ON CONFLICT (company_id, period_label) DO UPDATE SET period_type = EXCLUDED.period_type, fiscal_year = EXCLUDED.fiscal_year, fiscal_quarter = EXCLUDED.fiscal_quarter, currency = EXCLUDED.currency, unit = EXCLUDED.unit, report_date = EXCLUDED.report_date, source_id = EXCLUDED.source_id;
INSERT INTO financial_fact (period_id, concept, value, source_id)
SELECT p.id, v.concept, v.value, 'glove-tracker-top-glove'
FROM financial_period p
JOIN (VALUES ('Revenue', 800.3::double precision), ('NetIncome', 128.3::double precision)) AS v(concept, value) ON true
WHERE p.company_id = 'top-glove' AND p.period_label = 'Q1 FY16'
ON CONFLICT (period_id, concept) DO UPDATE SET value = EXCLUDED.value, source_id = EXCLUDED.source_id;
INSERT INTO financial_period (company_id, period_label, period_type, fiscal_year, fiscal_quarter, currency, unit, report_date, source_id) VALUES ('top-glove', 'Q2 FY16', 'quarter', 2016, 2, 'MYR', 'MYR millions', '2016-02-29', 'glove-tracker-top-glove') ON CONFLICT (company_id, period_label) DO UPDATE SET period_type = EXCLUDED.period_type, fiscal_year = EXCLUDED.fiscal_year, fiscal_quarter = EXCLUDED.fiscal_quarter, currency = EXCLUDED.currency, unit = EXCLUDED.unit, report_date = EXCLUDED.report_date, source_id = EXCLUDED.source_id;
INSERT INTO financial_fact (period_id, concept, value, source_id)
SELECT p.id, v.concept, v.value, 'glove-tracker-top-glove'
FROM financial_period p
JOIN (VALUES ('Revenue', 693.9::double precision), ('NetIncome', 104.6::double precision)) AS v(concept, value) ON true
WHERE p.company_id = 'top-glove' AND p.period_label = 'Q2 FY16'
ON CONFLICT (period_id, concept) DO UPDATE SET value = EXCLUDED.value, source_id = EXCLUDED.source_id;
INSERT INTO financial_period (company_id, period_label, period_type, fiscal_year, fiscal_quarter, currency, unit, report_date, source_id) VALUES ('top-glove', 'Q3 FY16', 'quarter', 2016, 3, 'MYR', 'MYR millions', '2016-05-31', 'glove-tracker-top-glove') ON CONFLICT (company_id, period_label) DO UPDATE SET period_type = EXCLUDED.period_type, fiscal_year = EXCLUDED.fiscal_year, fiscal_quarter = EXCLUDED.fiscal_quarter, currency = EXCLUDED.currency, unit = EXCLUDED.unit, report_date = EXCLUDED.report_date, source_id = EXCLUDED.source_id;
INSERT INTO financial_fact (period_id, concept, value, source_id)
SELECT p.id, v.concept, v.value, 'glove-tracker-top-glove'
FROM financial_period p
JOIN (VALUES ('Revenue', 672.3::double precision), ('NetIncome', 62.5::double precision)) AS v(concept, value) ON true
WHERE p.company_id = 'top-glove' AND p.period_label = 'Q3 FY16'
ON CONFLICT (period_id, concept) DO UPDATE SET value = EXCLUDED.value, source_id = EXCLUDED.source_id;
INSERT INTO financial_period (company_id, period_label, period_type, fiscal_year, fiscal_quarter, currency, unit, report_date, source_id) VALUES ('top-glove', 'Q4 FY16', 'quarter', 2016, 4, 'MYR', 'MYR millions', '2016-08-31', 'glove-tracker-top-glove') ON CONFLICT (company_id, period_label) DO UPDATE SET period_type = EXCLUDED.period_type, fiscal_year = EXCLUDED.fiscal_year, fiscal_quarter = EXCLUDED.fiscal_quarter, currency = EXCLUDED.currency, unit = EXCLUDED.unit, report_date = EXCLUDED.report_date, source_id = EXCLUDED.source_id;
INSERT INTO financial_fact (period_id, concept, value, source_id)
SELECT p.id, v.concept, v.value, 'glove-tracker-top-glove'
FROM financial_period p
JOIN (VALUES ('Revenue', 722.1::double precision), ('NetIncome', 65.6::double precision)) AS v(concept, value) ON true
WHERE p.company_id = 'top-glove' AND p.period_label = 'Q4 FY16'
ON CONFLICT (period_id, concept) DO UPDATE SET value = EXCLUDED.value, source_id = EXCLUDED.source_id;
INSERT INTO financial_period (company_id, period_label, period_type, fiscal_year, fiscal_quarter, currency, unit, report_date, source_id) VALUES ('top-glove', 'Q1 FY17', 'quarter', 2017, 1, 'MYR', 'MYR millions', '2016-11-30', 'glove-tracker-top-glove') ON CONFLICT (company_id, period_label) DO UPDATE SET period_type = EXCLUDED.period_type, fiscal_year = EXCLUDED.fiscal_year, fiscal_quarter = EXCLUDED.fiscal_quarter, currency = EXCLUDED.currency, unit = EXCLUDED.unit, report_date = EXCLUDED.report_date, source_id = EXCLUDED.source_id;
INSERT INTO financial_fact (period_id, concept, value, source_id)
SELECT p.id, v.concept, v.value, 'glove-tracker-top-glove'
FROM financial_period p
JOIN (VALUES ('Revenue', 785.6::double precision), ('NetIncome', 73.3::double precision)) AS v(concept, value) ON true
WHERE p.company_id = 'top-glove' AND p.period_label = 'Q1 FY17'
ON CONFLICT (period_id, concept) DO UPDATE SET value = EXCLUDED.value, source_id = EXCLUDED.source_id;
INSERT INTO financial_period (company_id, period_label, period_type, fiscal_year, fiscal_quarter, currency, unit, report_date, source_id) VALUES ('top-glove', 'Q2 FY17', 'quarter', 2017, 2, 'MYR', 'MYR millions', '2017-02-28', 'glove-tracker-top-glove') ON CONFLICT (company_id, period_label) DO UPDATE SET period_type = EXCLUDED.period_type, fiscal_year = EXCLUDED.fiscal_year, fiscal_quarter = EXCLUDED.fiscal_quarter, currency = EXCLUDED.currency, unit = EXCLUDED.unit, report_date = EXCLUDED.report_date, source_id = EXCLUDED.source_id;
INSERT INTO financial_fact (period_id, concept, value, source_id)
SELECT p.id, v.concept, v.value, 'glove-tracker-top-glove'
FROM financial_period p
JOIN (VALUES ('Revenue', 851.5::double precision), ('NetIncome', 83.1::double precision)) AS v(concept, value) ON true
WHERE p.company_id = 'top-glove' AND p.period_label = 'Q2 FY17'
ON CONFLICT (period_id, concept) DO UPDATE SET value = EXCLUDED.value, source_id = EXCLUDED.source_id;
INSERT INTO financial_period (company_id, period_label, period_type, fiscal_year, fiscal_quarter, currency, unit, report_date, source_id) VALUES ('top-glove', 'Q3 FY17', 'quarter', 2017, 3, 'MYR', 'MYR millions', '2017-05-31', 'glove-tracker-top-glove') ON CONFLICT (company_id, period_label) DO UPDATE SET period_type = EXCLUDED.period_type, fiscal_year = EXCLUDED.fiscal_year, fiscal_quarter = EXCLUDED.fiscal_quarter, currency = EXCLUDED.currency, unit = EXCLUDED.unit, report_date = EXCLUDED.report_date, source_id = EXCLUDED.source_id;
INSERT INTO financial_fact (period_id, concept, value, source_id)
SELECT p.id, v.concept, v.value, 'glove-tracker-top-glove'
FROM financial_period p
JOIN (VALUES ('Revenue', 869.6::double precision), ('NetIncome', 77.7::double precision)) AS v(concept, value) ON true
WHERE p.company_id = 'top-glove' AND p.period_label = 'Q3 FY17'
ON CONFLICT (period_id, concept) DO UPDATE SET value = EXCLUDED.value, source_id = EXCLUDED.source_id;
INSERT INTO financial_period (company_id, period_label, period_type, fiscal_year, fiscal_quarter, currency, unit, report_date, source_id) VALUES ('top-glove', 'Q4 FY17', 'quarter', 2017, 4, 'MYR', 'MYR millions', '2017-08-31', 'glove-tracker-top-glove') ON CONFLICT (company_id, period_label) DO UPDATE SET period_type = EXCLUDED.period_type, fiscal_year = EXCLUDED.fiscal_year, fiscal_quarter = EXCLUDED.fiscal_quarter, currency = EXCLUDED.currency, unit = EXCLUDED.unit, report_date = EXCLUDED.report_date, source_id = EXCLUDED.source_id;
INSERT INTO financial_fact (period_id, concept, value, source_id)
SELECT p.id, v.concept, v.value, 'glove-tracker-top-glove'
FROM financial_period p
JOIN (VALUES ('Revenue', 902.4::double precision), ('NetIncome', 98.6::double precision)) AS v(concept, value) ON true
WHERE p.company_id = 'top-glove' AND p.period_label = 'Q4 FY17'
ON CONFLICT (period_id, concept) DO UPDATE SET value = EXCLUDED.value, source_id = EXCLUDED.source_id;
INSERT INTO financial_period (company_id, period_label, period_type, fiscal_year, fiscal_quarter, currency, unit, report_date, source_id) VALUES ('top-glove', 'Q1 FY18', 'quarter', 2018, 1, 'MYR', 'MYR millions', '2017-11-30', 'glove-tracker-top-glove') ON CONFLICT (company_id, period_label) DO UPDATE SET period_type = EXCLUDED.period_type, fiscal_year = EXCLUDED.fiscal_year, fiscal_quarter = EXCLUDED.fiscal_quarter, currency = EXCLUDED.currency, unit = EXCLUDED.unit, report_date = EXCLUDED.report_date, source_id = EXCLUDED.source_id;
INSERT INTO financial_fact (period_id, concept, value, source_id)
SELECT p.id, v.concept, v.value, 'glove-tracker-top-glove'
FROM financial_period p
JOIN (VALUES ('Revenue', 938.1::double precision), ('NetIncome', 105.4::double precision)) AS v(concept, value) ON true
WHERE p.company_id = 'top-glove' AND p.period_label = 'Q1 FY18'
ON CONFLICT (period_id, concept) DO UPDATE SET value = EXCLUDED.value, source_id = EXCLUDED.source_id;
INSERT INTO financial_period (company_id, period_label, period_type, fiscal_year, fiscal_quarter, currency, unit, report_date, source_id) VALUES ('top-glove', 'Q2 FY18', 'quarter', 2018, 2, 'MYR', 'MYR millions', '2018-02-28', 'glove-tracker-top-glove') ON CONFLICT (company_id, period_label) DO UPDATE SET period_type = EXCLUDED.period_type, fiscal_year = EXCLUDED.fiscal_year, fiscal_quarter = EXCLUDED.fiscal_quarter, currency = EXCLUDED.currency, unit = EXCLUDED.unit, report_date = EXCLUDED.report_date, source_id = EXCLUDED.source_id;
INSERT INTO financial_fact (period_id, concept, value, source_id)
SELECT p.id, v.concept, v.value, 'glove-tracker-top-glove'
FROM financial_period p
JOIN (VALUES ('Revenue', 958.4::double precision), ('NetIncome', 109::double precision)) AS v(concept, value) ON true
WHERE p.company_id = 'top-glove' AND p.period_label = 'Q2 FY18'
ON CONFLICT (period_id, concept) DO UPDATE SET value = EXCLUDED.value, source_id = EXCLUDED.source_id;
INSERT INTO financial_period (company_id, period_label, period_type, fiscal_year, fiscal_quarter, currency, unit, report_date, source_id) VALUES ('top-glove', 'Q3 FY18', 'quarter', 2018, 3, 'MYR', 'MYR millions', '2018-05-31', 'glove-tracker-top-glove') ON CONFLICT (company_id, period_label) DO UPDATE SET period_type = EXCLUDED.period_type, fiscal_year = EXCLUDED.fiscal_year, fiscal_quarter = EXCLUDED.fiscal_quarter, currency = EXCLUDED.currency, unit = EXCLUDED.unit, report_date = EXCLUDED.report_date, source_id = EXCLUDED.source_id;
INSERT INTO financial_fact (period_id, concept, value, source_id)
SELECT p.id, v.concept, v.value, 'glove-tracker-top-glove'
FROM financial_period p
JOIN (VALUES ('Revenue', 1100::double precision), ('NetIncome', 117.6::double precision)) AS v(concept, value) ON true
WHERE p.company_id = 'top-glove' AND p.period_label = 'Q3 FY18'
ON CONFLICT (period_id, concept) DO UPDATE SET value = EXCLUDED.value, source_id = EXCLUDED.source_id;
INSERT INTO financial_period (company_id, period_label, period_type, fiscal_year, fiscal_quarter, currency, unit, report_date, source_id) VALUES ('top-glove', 'Q4 FY18', 'quarter', 2018, 4, 'MYR', 'MYR millions', '2018-08-31', 'glove-tracker-top-glove') ON CONFLICT (company_id, period_label) DO UPDATE SET period_type = EXCLUDED.period_type, fiscal_year = EXCLUDED.fiscal_year, fiscal_quarter = EXCLUDED.fiscal_quarter, currency = EXCLUDED.currency, unit = EXCLUDED.unit, report_date = EXCLUDED.report_date, source_id = EXCLUDED.source_id;
INSERT INTO financial_fact (period_id, concept, value, source_id)
SELECT p.id, v.concept, v.value, 'glove-tracker-top-glove'
FROM financial_period p
JOIN (VALUES ('Revenue', 1200::double precision), ('NetIncome', 101.6::double precision)) AS v(concept, value) ON true
WHERE p.company_id = 'top-glove' AND p.period_label = 'Q4 FY18'
ON CONFLICT (period_id, concept) DO UPDATE SET value = EXCLUDED.value, source_id = EXCLUDED.source_id;
INSERT INTO financial_period (company_id, period_label, period_type, fiscal_year, fiscal_quarter, currency, unit, report_date, source_id) VALUES ('top-glove', 'Q1 FY19', 'quarter', 2019, 1, 'MYR', 'MYR millions', '2018-11-30', 'glove-tracker-top-glove') ON CONFLICT (company_id, period_label) DO UPDATE SET period_type = EXCLUDED.period_type, fiscal_year = EXCLUDED.fiscal_year, fiscal_quarter = EXCLUDED.fiscal_quarter, currency = EXCLUDED.currency, unit = EXCLUDED.unit, report_date = EXCLUDED.report_date, source_id = EXCLUDED.source_id;
INSERT INTO financial_fact (period_id, concept, value, source_id)
SELECT p.id, v.concept, v.value, 'glove-tracker-top-glove'
FROM financial_period p
JOIN (VALUES ('Revenue', 1300::double precision), ('NetIncome', 110.1::double precision)) AS v(concept, value) ON true
WHERE p.company_id = 'top-glove' AND p.period_label = 'Q1 FY19'
ON CONFLICT (period_id, concept) DO UPDATE SET value = EXCLUDED.value, source_id = EXCLUDED.source_id;
INSERT INTO financial_period (company_id, period_label, period_type, fiscal_year, fiscal_quarter, currency, unit, report_date, source_id) VALUES ('top-glove', 'Q2 FY19', 'quarter', 2019, 2, 'MYR', 'MYR millions', '2019-02-28', 'glove-tracker-top-glove') ON CONFLICT (company_id, period_label) DO UPDATE SET period_type = EXCLUDED.period_type, fiscal_year = EXCLUDED.fiscal_year, fiscal_quarter = EXCLUDED.fiscal_quarter, currency = EXCLUDED.currency, unit = EXCLUDED.unit, report_date = EXCLUDED.report_date, source_id = EXCLUDED.source_id;
INSERT INTO financial_fact (period_id, concept, value, source_id)
SELECT p.id, v.concept, v.value, 'glove-tracker-top-glove'
FROM financial_period p
JOIN (VALUES ('Revenue', 1200::double precision), ('NetIncome', 105.8::double precision)) AS v(concept, value) ON true
WHERE p.company_id = 'top-glove' AND p.period_label = 'Q2 FY19'
ON CONFLICT (period_id, concept) DO UPDATE SET value = EXCLUDED.value, source_id = EXCLUDED.source_id;
INSERT INTO financial_period (company_id, period_label, period_type, fiscal_year, fiscal_quarter, currency, unit, report_date, source_id) VALUES ('top-glove', 'Q3 FY19', 'quarter', 2019, 3, 'MYR', 'MYR millions', '2019-05-31', 'glove-tracker-top-glove') ON CONFLICT (company_id, period_label) DO UPDATE SET period_type = EXCLUDED.period_type, fiscal_year = EXCLUDED.fiscal_year, fiscal_quarter = EXCLUDED.fiscal_quarter, currency = EXCLUDED.currency, unit = EXCLUDED.unit, report_date = EXCLUDED.report_date, source_id = EXCLUDED.source_id;
INSERT INTO financial_fact (period_id, concept, value, source_id)
SELECT p.id, v.concept, v.value, 'glove-tracker-top-glove'
FROM financial_period p
JOIN (VALUES ('Revenue', 1200::double precision), ('NetIncome', 74.7::double precision)) AS v(concept, value) ON true
WHERE p.company_id = 'top-glove' AND p.period_label = 'Q3 FY19'
ON CONFLICT (period_id, concept) DO UPDATE SET value = EXCLUDED.value, source_id = EXCLUDED.source_id;
INSERT INTO financial_period (company_id, period_label, period_type, fiscal_year, fiscal_quarter, currency, unit, report_date, source_id) VALUES ('top-glove', 'Q4 FY19', 'quarter', 2019, 4, 'MYR', 'MYR millions', '2019-08-31', 'glove-tracker-top-glove') ON CONFLICT (company_id, period_label) DO UPDATE SET period_type = EXCLUDED.period_type, fiscal_year = EXCLUDED.fiscal_year, fiscal_quarter = EXCLUDED.fiscal_quarter, currency = EXCLUDED.currency, unit = EXCLUDED.unit, report_date = EXCLUDED.report_date, source_id = EXCLUDED.source_id;
INSERT INTO financial_fact (period_id, concept, value, source_id)
SELECT p.id, v.concept, v.value, 'glove-tracker-top-glove'
FROM financial_period p
JOIN (VALUES ('Revenue', 1200::double precision), ('NetIncome', 80.1::double precision)) AS v(concept, value) ON true
WHERE p.company_id = 'top-glove' AND p.period_label = 'Q4 FY19'
ON CONFLICT (period_id, concept) DO UPDATE SET value = EXCLUDED.value, source_id = EXCLUDED.source_id;
INSERT INTO financial_period (company_id, period_label, period_type, fiscal_year, fiscal_quarter, currency, unit, report_date, source_id) VALUES ('top-glove', 'Q1 FY20', 'quarter', 2020, 1, 'MYR', 'MYR millions', '2019-11-30', 'glove-tracker-top-glove') ON CONFLICT (company_id, period_label) DO UPDATE SET period_type = EXCLUDED.period_type, fiscal_year = EXCLUDED.fiscal_year, fiscal_quarter = EXCLUDED.fiscal_quarter, currency = EXCLUDED.currency, unit = EXCLUDED.unit, report_date = EXCLUDED.report_date, source_id = EXCLUDED.source_id;
INSERT INTO financial_fact (period_id, concept, value, source_id)
SELECT p.id, v.concept, v.value, 'glove-tracker-top-glove'
FROM financial_period p
JOIN (VALUES ('Revenue', 1200::double precision), ('NetIncome', 111.4::double precision)) AS v(concept, value) ON true
WHERE p.company_id = 'top-glove' AND p.period_label = 'Q1 FY20'
ON CONFLICT (period_id, concept) DO UPDATE SET value = EXCLUDED.value, source_id = EXCLUDED.source_id;
INSERT INTO financial_period (company_id, period_label, period_type, fiscal_year, fiscal_quarter, currency, unit, report_date, source_id) VALUES ('top-glove', 'Q2 FY20', 'quarter', 2020, 2, 'MYR', 'MYR millions', '2020-02-29', 'glove-tracker-top-glove') ON CONFLICT (company_id, period_label) DO UPDATE SET period_type = EXCLUDED.period_type, fiscal_year = EXCLUDED.fiscal_year, fiscal_quarter = EXCLUDED.fiscal_quarter, currency = EXCLUDED.currency, unit = EXCLUDED.unit, report_date = EXCLUDED.report_date, source_id = EXCLUDED.source_id;
INSERT INTO financial_fact (period_id, concept, value, source_id)
SELECT p.id, v.concept, v.value, 'glove-tracker-top-glove'
FROM financial_period p
JOIN (VALUES ('Revenue', 1200::double precision), ('NetIncome', 115.7::double precision)) AS v(concept, value) ON true
WHERE p.company_id = 'top-glove' AND p.period_label = 'Q2 FY20'
ON CONFLICT (period_id, concept) DO UPDATE SET value = EXCLUDED.value, source_id = EXCLUDED.source_id;
INSERT INTO financial_period (company_id, period_label, period_type, fiscal_year, fiscal_quarter, currency, unit, report_date, source_id) VALUES ('top-glove', 'Q3 FY20', 'quarter', 2020, 3, 'MYR', 'MYR millions', '2020-05-31', 'glove-tracker-top-glove') ON CONFLICT (company_id, period_label) DO UPDATE SET period_type = EXCLUDED.period_type, fiscal_year = EXCLUDED.fiscal_year, fiscal_quarter = EXCLUDED.fiscal_quarter, currency = EXCLUDED.currency, unit = EXCLUDED.unit, report_date = EXCLUDED.report_date, source_id = EXCLUDED.source_id;
INSERT INTO financial_fact (period_id, concept, value, source_id)
SELECT p.id, v.concept, v.value, 'glove-tracker-top-glove'
FROM financial_period p
JOIN (VALUES ('Revenue', 1700::double precision), ('NetIncome', 347.9::double precision)) AS v(concept, value) ON true
WHERE p.company_id = 'top-glove' AND p.period_label = 'Q3 FY20'
ON CONFLICT (period_id, concept) DO UPDATE SET value = EXCLUDED.value, source_id = EXCLUDED.source_id;
INSERT INTO financial_period (company_id, period_label, period_type, fiscal_year, fiscal_quarter, currency, unit, report_date, source_id) VALUES ('top-glove', 'Q4 FY20', 'quarter', 2020, 4, 'MYR', 'MYR millions', '2020-08-31', 'glove-tracker-top-glove') ON CONFLICT (company_id, period_label) DO UPDATE SET period_type = EXCLUDED.period_type, fiscal_year = EXCLUDED.fiscal_year, fiscal_quarter = EXCLUDED.fiscal_quarter, currency = EXCLUDED.currency, unit = EXCLUDED.unit, report_date = EXCLUDED.report_date, source_id = EXCLUDED.source_id;
INSERT INTO financial_fact (period_id, concept, value, source_id)
SELECT p.id, v.concept, v.value, 'glove-tracker-top-glove'
FROM financial_period p
JOIN (VALUES ('Revenue', 3100::double precision), ('NetIncome', 1300::double precision)) AS v(concept, value) ON true
WHERE p.company_id = 'top-glove' AND p.period_label = 'Q4 FY20'
ON CONFLICT (period_id, concept) DO UPDATE SET value = EXCLUDED.value, source_id = EXCLUDED.source_id;
INSERT INTO financial_period (company_id, period_label, period_type, fiscal_year, fiscal_quarter, currency, unit, report_date, source_id) VALUES ('top-glove', 'Q1 FY21', 'quarter', 2021, 1, 'MYR', 'MYR millions', '2020-11-30', 'glove-tracker-top-glove') ON CONFLICT (company_id, period_label) DO UPDATE SET period_type = EXCLUDED.period_type, fiscal_year = EXCLUDED.fiscal_year, fiscal_quarter = EXCLUDED.fiscal_quarter, currency = EXCLUDED.currency, unit = EXCLUDED.unit, report_date = EXCLUDED.report_date, source_id = EXCLUDED.source_id;
INSERT INTO financial_fact (period_id, concept, value, source_id)
SELECT p.id, v.concept, v.value, 'glove-tracker-top-glove'
FROM financial_period p
JOIN (VALUES ('Revenue', 4800::double precision), ('NetIncome', 2400::double precision)) AS v(concept, value) ON true
WHERE p.company_id = 'top-glove' AND p.period_label = 'Q1 FY21'
ON CONFLICT (period_id, concept) DO UPDATE SET value = EXCLUDED.value, source_id = EXCLUDED.source_id;
INSERT INTO financial_period (company_id, period_label, period_type, fiscal_year, fiscal_quarter, currency, unit, report_date, source_id) VALUES ('top-glove', 'Q2 FY21', 'quarter', 2021, 2, 'MYR', 'MYR millions', '2021-02-28', 'glove-tracker-top-glove') ON CONFLICT (company_id, period_label) DO UPDATE SET period_type = EXCLUDED.period_type, fiscal_year = EXCLUDED.fiscal_year, fiscal_quarter = EXCLUDED.fiscal_quarter, currency = EXCLUDED.currency, unit = EXCLUDED.unit, report_date = EXCLUDED.report_date, source_id = EXCLUDED.source_id;
INSERT INTO financial_fact (period_id, concept, value, source_id)
SELECT p.id, v.concept, v.value, 'glove-tracker-top-glove'
FROM financial_period p
JOIN (VALUES ('Revenue', 5400::double precision), ('NetIncome', 2900::double precision)) AS v(concept, value) ON true
WHERE p.company_id = 'top-glove' AND p.period_label = 'Q2 FY21'
ON CONFLICT (period_id, concept) DO UPDATE SET value = EXCLUDED.value, source_id = EXCLUDED.source_id;
INSERT INTO financial_period (company_id, period_label, period_type, fiscal_year, fiscal_quarter, currency, unit, report_date, source_id) VALUES ('top-glove', 'Q3 FY21', 'quarter', 2021, 3, 'MYR', 'MYR millions', '2021-05-31', 'glove-tracker-top-glove') ON CONFLICT (company_id, period_label) DO UPDATE SET period_type = EXCLUDED.period_type, fiscal_year = EXCLUDED.fiscal_year, fiscal_quarter = EXCLUDED.fiscal_quarter, currency = EXCLUDED.currency, unit = EXCLUDED.unit, report_date = EXCLUDED.report_date, source_id = EXCLUDED.source_id;
INSERT INTO financial_fact (period_id, concept, value, source_id)
SELECT p.id, v.concept, v.value, 'glove-tracker-top-glove'
FROM financial_period p
JOIN (VALUES ('Revenue', 4200::double precision), ('NetIncome', 2000::double precision)) AS v(concept, value) ON true
WHERE p.company_id = 'top-glove' AND p.period_label = 'Q3 FY21'
ON CONFLICT (period_id, concept) DO UPDATE SET value = EXCLUDED.value, source_id = EXCLUDED.source_id;
INSERT INTO financial_period (company_id, period_label, period_type, fiscal_year, fiscal_quarter, currency, unit, report_date, source_id) VALUES ('top-glove', 'Q4 FY21', 'quarter', 2021, 4, 'MYR', 'MYR millions', '2021-08-31', 'glove-tracker-top-glove') ON CONFLICT (company_id, period_label) DO UPDATE SET period_type = EXCLUDED.period_type, fiscal_year = EXCLUDED.fiscal_year, fiscal_quarter = EXCLUDED.fiscal_quarter, currency = EXCLUDED.currency, unit = EXCLUDED.unit, report_date = EXCLUDED.report_date, source_id = EXCLUDED.source_id;
INSERT INTO financial_fact (period_id, concept, value, source_id)
SELECT p.id, v.concept, v.value, 'glove-tracker-top-glove'
FROM financial_period p
JOIN (VALUES ('Revenue', 2100::double precision), ('NetIncome', 607.9::double precision)) AS v(concept, value) ON true
WHERE p.company_id = 'top-glove' AND p.period_label = 'Q4 FY21'
ON CONFLICT (period_id, concept) DO UPDATE SET value = EXCLUDED.value, source_id = EXCLUDED.source_id;
INSERT INTO financial_period (company_id, period_label, period_type, fiscal_year, fiscal_quarter, currency, unit, report_date, source_id) VALUES ('top-glove', 'Q1 FY22', 'quarter', 2022, 1, 'MYR', 'MYR millions', '2021-11-30', 'glove-tracker-top-glove') ON CONFLICT (company_id, period_label) DO UPDATE SET period_type = EXCLUDED.period_type, fiscal_year = EXCLUDED.fiscal_year, fiscal_quarter = EXCLUDED.fiscal_quarter, currency = EXCLUDED.currency, unit = EXCLUDED.unit, report_date = EXCLUDED.report_date, source_id = EXCLUDED.source_id;
INSERT INTO financial_fact (period_id, concept, value, source_id)
SELECT p.id, v.concept, v.value, 'glove-tracker-top-glove'
FROM financial_period p
JOIN (VALUES ('Revenue', 1600::double precision), ('NetIncome', 185.7::double precision)) AS v(concept, value) ON true
WHERE p.company_id = 'top-glove' AND p.period_label = 'Q1 FY22'
ON CONFLICT (period_id, concept) DO UPDATE SET value = EXCLUDED.value, source_id = EXCLUDED.source_id;
INSERT INTO financial_period (company_id, period_label, period_type, fiscal_year, fiscal_quarter, currency, unit, report_date, source_id) VALUES ('top-glove', 'Q2 FY22', 'quarter', 2022, 2, 'MYR', 'MYR millions', '2022-02-28', 'glove-tracker-top-glove') ON CONFLICT (company_id, period_label) DO UPDATE SET period_type = EXCLUDED.period_type, fiscal_year = EXCLUDED.fiscal_year, fiscal_quarter = EXCLUDED.fiscal_quarter, currency = EXCLUDED.currency, unit = EXCLUDED.unit, report_date = EXCLUDED.report_date, source_id = EXCLUDED.source_id;
INSERT INTO financial_fact (period_id, concept, value, source_id)
SELECT p.id, v.concept, v.value, 'glove-tracker-top-glove'
FROM financial_period p
JOIN (VALUES ('Revenue', 1400::double precision), ('NetIncome', 87.5::double precision)) AS v(concept, value) ON true
WHERE p.company_id = 'top-glove' AND p.period_label = 'Q2 FY22'
ON CONFLICT (period_id, concept) DO UPDATE SET value = EXCLUDED.value, source_id = EXCLUDED.source_id;
INSERT INTO financial_period (company_id, period_label, period_type, fiscal_year, fiscal_quarter, currency, unit, report_date, source_id) VALUES ('top-glove', 'Q3 FY22', 'quarter', 2022, 3, 'MYR', 'MYR millions', '2022-05-31', 'glove-tracker-top-glove') ON CONFLICT (company_id, period_label) DO UPDATE SET period_type = EXCLUDED.period_type, fiscal_year = EXCLUDED.fiscal_year, fiscal_quarter = EXCLUDED.fiscal_quarter, currency = EXCLUDED.currency, unit = EXCLUDED.unit, report_date = EXCLUDED.report_date, source_id = EXCLUDED.source_id;
INSERT INTO financial_fact (period_id, concept, value, source_id)
SELECT p.id, v.concept, v.value, 'glove-tracker-top-glove'
FROM financial_period p
JOIN (VALUES ('Revenue', 1500::double precision), ('NetIncome', 15.3::double precision)) AS v(concept, value) ON true
WHERE p.company_id = 'top-glove' AND p.period_label = 'Q3 FY22'
ON CONFLICT (period_id, concept) DO UPDATE SET value = EXCLUDED.value, source_id = EXCLUDED.source_id;
INSERT INTO financial_period (company_id, period_label, period_type, fiscal_year, fiscal_quarter, currency, unit, report_date, source_id) VALUES ('top-glove', 'Q4 FY22', 'quarter', 2022, 4, 'MYR', 'MYR millions', '2022-08-31', 'glove-tracker-top-glove') ON CONFLICT (company_id, period_label) DO UPDATE SET period_type = EXCLUDED.period_type, fiscal_year = EXCLUDED.fiscal_year, fiscal_quarter = EXCLUDED.fiscal_quarter, currency = EXCLUDED.currency, unit = EXCLUDED.unit, report_date = EXCLUDED.report_date, source_id = EXCLUDED.source_id;
INSERT INTO financial_fact (period_id, concept, value, source_id)
SELECT p.id, v.concept, v.value, 'glove-tracker-top-glove'
FROM financial_period p
JOIN (VALUES ('Revenue', 990.1::double precision), ('NetIncome', -52.6::double precision)) AS v(concept, value) ON true
WHERE p.company_id = 'top-glove' AND p.period_label = 'Q4 FY22'
ON CONFLICT (period_id, concept) DO UPDATE SET value = EXCLUDED.value, source_id = EXCLUDED.source_id;
INSERT INTO financial_period (company_id, period_label, period_type, fiscal_year, fiscal_quarter, currency, unit, report_date, source_id) VALUES ('top-glove', 'Q1 FY23', 'quarter', 2023, 1, 'MYR', 'MYR millions', '2022-11-30', 'glove-tracker-top-glove') ON CONFLICT (company_id, period_label) DO UPDATE SET period_type = EXCLUDED.period_type, fiscal_year = EXCLUDED.fiscal_year, fiscal_quarter = EXCLUDED.fiscal_quarter, currency = EXCLUDED.currency, unit = EXCLUDED.unit, report_date = EXCLUDED.report_date, source_id = EXCLUDED.source_id;
INSERT INTO financial_fact (period_id, concept, value, source_id)
SELECT p.id, v.concept, v.value, 'glove-tracker-top-glove'
FROM financial_period p
JOIN (VALUES ('Revenue', 632.5::double precision), ('NetIncome', -168.2::double precision)) AS v(concept, value) ON true
WHERE p.company_id = 'top-glove' AND p.period_label = 'Q1 FY23'
ON CONFLICT (period_id, concept) DO UPDATE SET value = EXCLUDED.value, source_id = EXCLUDED.source_id;
INSERT INTO financial_period (company_id, period_label, period_type, fiscal_year, fiscal_quarter, currency, unit, report_date, source_id) VALUES ('top-glove', 'Q2 FY23', 'quarter', 2023, 2, 'MYR', 'MYR millions', '2023-02-28', 'glove-tracker-top-glove') ON CONFLICT (company_id, period_label) DO UPDATE SET period_type = EXCLUDED.period_type, fiscal_year = EXCLUDED.fiscal_year, fiscal_quarter = EXCLUDED.fiscal_quarter, currency = EXCLUDED.currency, unit = EXCLUDED.unit, report_date = EXCLUDED.report_date, source_id = EXCLUDED.source_id;
INSERT INTO financial_fact (period_id, concept, value, source_id)
SELECT p.id, v.concept, v.value, 'glove-tracker-top-glove'
FROM financial_period p
JOIN (VALUES ('Revenue', 618::double precision), ('NetIncome', -164.7::double precision)) AS v(concept, value) ON true
WHERE p.company_id = 'top-glove' AND p.period_label = 'Q2 FY23'
ON CONFLICT (period_id, concept) DO UPDATE SET value = EXCLUDED.value, source_id = EXCLUDED.source_id;
INSERT INTO financial_period (company_id, period_label, period_type, fiscal_year, fiscal_quarter, currency, unit, report_date, source_id) VALUES ('top-glove', 'Q3 FY23', 'quarter', 2023, 3, 'MYR', 'MYR millions', '2023-05-31', 'glove-tracker-top-glove') ON CONFLICT (company_id, period_label) DO UPDATE SET period_type = EXCLUDED.period_type, fiscal_year = EXCLUDED.fiscal_year, fiscal_quarter = EXCLUDED.fiscal_quarter, currency = EXCLUDED.currency, unit = EXCLUDED.unit, report_date = EXCLUDED.report_date, source_id = EXCLUDED.source_id;
INSERT INTO financial_fact (period_id, concept, value, source_id)
SELECT p.id, v.concept, v.value, 'glove-tracker-top-glove'
FROM financial_period p
JOIN (VALUES ('Revenue', 530.62::double precision), ('OperatingIncome', -118.856::double precision), ('NetIncome', -130.589::double precision)) AS v(concept, value) ON true
WHERE p.company_id = 'top-glove' AND p.period_label = 'Q3 FY23'
ON CONFLICT (period_id, concept) DO UPDATE SET value = EXCLUDED.value, source_id = EXCLUDED.source_id;
INSERT INTO financial_period (company_id, period_label, period_type, fiscal_year, fiscal_quarter, currency, unit, report_date, source_id) VALUES ('top-glove', 'Q4 FY23', 'quarter', 2023, 4, 'MYR', 'MYR millions', '2023-08-31', 'glove-tracker-top-glove') ON CONFLICT (company_id, period_label) DO UPDATE SET period_type = EXCLUDED.period_type, fiscal_year = EXCLUDED.fiscal_year, fiscal_quarter = EXCLUDED.fiscal_quarter, currency = EXCLUDED.currency, unit = EXCLUDED.unit, report_date = EXCLUDED.report_date, source_id = EXCLUDED.source_id;
INSERT INTO financial_fact (period_id, concept, value, source_id)
SELECT p.id, v.concept, v.value, 'glove-tracker-top-glove'
FROM financial_period p
JOIN (VALUES ('Revenue', 475.9::double precision), ('NetIncome', -463.1::double precision)) AS v(concept, value) ON true
WHERE p.company_id = 'top-glove' AND p.period_label = 'Q4 FY23'
ON CONFLICT (period_id, concept) DO UPDATE SET value = EXCLUDED.value, source_id = EXCLUDED.source_id;
INSERT INTO financial_period (company_id, period_label, period_type, fiscal_year, fiscal_quarter, currency, unit, report_date, source_id) VALUES ('top-glove', 'Q1 FY24', 'quarter', 2024, 1, 'MYR', 'MYR millions', '2023-11-30', 'glove-tracker-top-glove') ON CONFLICT (company_id, period_label) DO UPDATE SET period_type = EXCLUDED.period_type, fiscal_year = EXCLUDED.fiscal_year, fiscal_quarter = EXCLUDED.fiscal_quarter, currency = EXCLUDED.currency, unit = EXCLUDED.unit, report_date = EXCLUDED.report_date, source_id = EXCLUDED.source_id;
INSERT INTO financial_fact (period_id, concept, value, source_id)
SELECT p.id, v.concept, v.value, 'glove-tracker-top-glove'
FROM financial_period p
JOIN (VALUES ('Revenue', 493.459::double precision), ('OperatingIncome', -59.527::double precision), ('NetIncome', -57.711::double precision)) AS v(concept, value) ON true
WHERE p.company_id = 'top-glove' AND p.period_label = 'Q1 FY24'
ON CONFLICT (period_id, concept) DO UPDATE SET value = EXCLUDED.value, source_id = EXCLUDED.source_id;
INSERT INTO financial_period (company_id, period_label, period_type, fiscal_year, fiscal_quarter, currency, unit, report_date, source_id) VALUES ('top-glove', 'Q2 FY24', 'quarter', 2024, 2, 'MYR', 'MYR millions', '2024-02-29', 'glove-tracker-top-glove') ON CONFLICT (company_id, period_label) DO UPDATE SET period_type = EXCLUDED.period_type, fiscal_year = EXCLUDED.fiscal_year, fiscal_quarter = EXCLUDED.fiscal_quarter, currency = EXCLUDED.currency, unit = EXCLUDED.unit, report_date = EXCLUDED.report_date, source_id = EXCLUDED.source_id;
INSERT INTO financial_fact (period_id, concept, value, source_id)
SELECT p.id, v.concept, v.value, 'glove-tracker-top-glove'
FROM financial_period p
JOIN (VALUES ('Revenue', 550.334::double precision), ('OperatingIncome', -58.738::double precision), ('NetIncome', -51.197::double precision)) AS v(concept, value) ON true
WHERE p.company_id = 'top-glove' AND p.period_label = 'Q2 FY24'
ON CONFLICT (period_id, concept) DO UPDATE SET value = EXCLUDED.value, source_id = EXCLUDED.source_id;
INSERT INTO financial_period (company_id, period_label, period_type, fiscal_year, fiscal_quarter, currency, unit, report_date, source_id) VALUES ('top-glove', 'Q3 FY24', 'quarter', 2024, 3, 'MYR', 'MYR millions', '2024-05-31', 'glove-tracker-top-glove') ON CONFLICT (company_id, period_label) DO UPDATE SET period_type = EXCLUDED.period_type, fiscal_year = EXCLUDED.fiscal_year, fiscal_quarter = EXCLUDED.fiscal_quarter, currency = EXCLUDED.currency, unit = EXCLUDED.unit, report_date = EXCLUDED.report_date, source_id = EXCLUDED.source_id;
INSERT INTO financial_fact (period_id, concept, value, source_id)
SELECT p.id, v.concept, v.value, 'glove-tracker-top-glove'
FROM financial_period p
JOIN (VALUES ('Revenue', 636.877::double precision), ('OperatingIncome', -34.301::double precision), ('NetIncome', 50.67::double precision)) AS v(concept, value) ON true
WHERE p.company_id = 'top-glove' AND p.period_label = 'Q3 FY24'
ON CONFLICT (period_id, concept) DO UPDATE SET value = EXCLUDED.value, source_id = EXCLUDED.source_id;
INSERT INTO financial_period (company_id, period_label, period_type, fiscal_year, fiscal_quarter, currency, unit, report_date, source_id) VALUES ('top-glove', 'Q4 FY24', 'quarter', 2024, 4, 'MYR', 'MYR millions', '2024-08-31', 'glove-tracker-top-glove') ON CONFLICT (company_id, period_label) DO UPDATE SET period_type = EXCLUDED.period_type, fiscal_year = EXCLUDED.fiscal_year, fiscal_quarter = EXCLUDED.fiscal_quarter, currency = EXCLUDED.currency, unit = EXCLUDED.unit, report_date = EXCLUDED.report_date, source_id = EXCLUDED.source_id;
INSERT INTO financial_fact (period_id, concept, value, source_id)
SELECT p.id, v.concept, v.value, 'glove-tracker-top-glove'
FROM financial_period p
JOIN (VALUES ('Revenue', 835.309::double precision), ('OperatingIncome', -27.715::double precision), ('NetIncome', -3.571::double precision)) AS v(concept, value) ON true
WHERE p.company_id = 'top-glove' AND p.period_label = 'Q4 FY24'
ON CONFLICT (period_id, concept) DO UPDATE SET value = EXCLUDED.value, source_id = EXCLUDED.source_id;
INSERT INTO financial_period (company_id, period_label, period_type, fiscal_year, fiscal_quarter, currency, unit, report_date, source_id) VALUES ('top-glove', 'Q1 FY25', 'quarter', 2025, 1, 'MYR', 'MYR millions', '2024-11-30', 'glove-tracker-top-glove') ON CONFLICT (company_id, period_label) DO UPDATE SET period_type = EXCLUDED.period_type, fiscal_year = EXCLUDED.fiscal_year, fiscal_quarter = EXCLUDED.fiscal_quarter, currency = EXCLUDED.currency, unit = EXCLUDED.unit, report_date = EXCLUDED.report_date, source_id = EXCLUDED.source_id;
INSERT INTO financial_fact (period_id, concept, value, source_id)
SELECT p.id, v.concept, v.value, 'glove-tracker-top-glove'
FROM financial_period p
JOIN (VALUES ('Revenue', 885.891::double precision), ('OperatingIncome', 2.259::double precision), ('NetIncome', 5.474::double precision)) AS v(concept, value) ON true
WHERE p.company_id = 'top-glove' AND p.period_label = 'Q1 FY25'
ON CONFLICT (period_id, concept) DO UPDATE SET value = EXCLUDED.value, source_id = EXCLUDED.source_id;
INSERT INTO financial_period (company_id, period_label, period_type, fiscal_year, fiscal_quarter, currency, unit, report_date, source_id) VALUES ('top-glove', 'Q2 FY25', 'quarter', 2025, 2, 'MYR', 'MYR millions', '2025-02-28', 'glove-tracker-top-glove') ON CONFLICT (company_id, period_label) DO UPDATE SET period_type = EXCLUDED.period_type, fiscal_year = EXCLUDED.fiscal_year, fiscal_quarter = EXCLUDED.fiscal_quarter, currency = EXCLUDED.currency, unit = EXCLUDED.unit, report_date = EXCLUDED.report_date, source_id = EXCLUDED.source_id;
INSERT INTO financial_fact (period_id, concept, value, source_id)
SELECT p.id, v.concept, v.value, 'glove-tracker-top-glove'
FROM financial_period p
JOIN (VALUES ('Revenue', 883.652::double precision), ('OperatingIncome', 44.197::double precision), ('NetIncome', 30.284::double precision)) AS v(concept, value) ON true
WHERE p.company_id = 'top-glove' AND p.period_label = 'Q2 FY25'
ON CONFLICT (period_id, concept) DO UPDATE SET value = EXCLUDED.value, source_id = EXCLUDED.source_id;
INSERT INTO financial_period (company_id, period_label, period_type, fiscal_year, fiscal_quarter, currency, unit, report_date, source_id) VALUES ('top-glove', 'Q3 FY25', 'quarter', 2025, 3, 'MYR', 'MYR millions', '2025-05-31', 'glove-tracker-top-glove') ON CONFLICT (company_id, period_label) DO UPDATE SET period_type = EXCLUDED.period_type, fiscal_year = EXCLUDED.fiscal_year, fiscal_quarter = EXCLUDED.fiscal_quarter, currency = EXCLUDED.currency, unit = EXCLUDED.unit, report_date = EXCLUDED.report_date, source_id = EXCLUDED.source_id;
INSERT INTO financial_fact (period_id, concept, value, source_id)
SELECT p.id, v.concept, v.value, 'glove-tracker-top-glove'
FROM financial_period p
JOIN (VALUES ('Revenue', 830.251::double precision), ('OperatingIncome', 8.319::double precision), ('NetIncome', 34.745::double precision)) AS v(concept, value) ON true
WHERE p.company_id = 'top-glove' AND p.period_label = 'Q3 FY25'
ON CONFLICT (period_id, concept) DO UPDATE SET value = EXCLUDED.value, source_id = EXCLUDED.source_id;
INSERT INTO financial_period (company_id, period_label, period_type, fiscal_year, fiscal_quarter, currency, unit, report_date, source_id) VALUES ('top-glove', 'Q4 FY25', 'quarter', 2025, 4, 'MYR', 'MYR millions', '2025-08-31', 'glove-tracker-top-glove') ON CONFLICT (company_id, period_label) DO UPDATE SET period_type = EXCLUDED.period_type, fiscal_year = EXCLUDED.fiscal_year, fiscal_quarter = EXCLUDED.fiscal_quarter, currency = EXCLUDED.currency, unit = EXCLUDED.unit, report_date = EXCLUDED.report_date, source_id = EXCLUDED.source_id;
INSERT INTO financial_fact (period_id, concept, value, source_id)
SELECT p.id, v.concept, v.value, 'glove-tracker-top-glove'
FROM financial_period p
JOIN (VALUES ('Revenue', 889.621::double precision), ('OperatingIncome', 33.38::double precision), ('NetIncome', 38.564::double precision)) AS v(concept, value) ON true
WHERE p.company_id = 'top-glove' AND p.period_label = 'Q4 FY25'
ON CONFLICT (period_id, concept) DO UPDATE SET value = EXCLUDED.value, source_id = EXCLUDED.source_id;
INSERT INTO financial_period (company_id, period_label, period_type, fiscal_year, fiscal_quarter, currency, unit, report_date, source_id) VALUES ('top-glove', 'Q1 FY26', 'quarter', 2026, 1, 'MYR', 'MYR millions', '2025-11-30', 'glove-tracker-top-glove') ON CONFLICT (company_id, period_label) DO UPDATE SET period_type = EXCLUDED.period_type, fiscal_year = EXCLUDED.fiscal_year, fiscal_quarter = EXCLUDED.fiscal_quarter, currency = EXCLUDED.currency, unit = EXCLUDED.unit, report_date = EXCLUDED.report_date, source_id = EXCLUDED.source_id;
INSERT INTO financial_fact (period_id, concept, value, source_id)
SELECT p.id, v.concept, v.value, 'glove-tracker-top-glove'
FROM financial_period p
JOIN (VALUES ('Revenue', 883.575::double precision), ('OperatingIncome', 40.643::double precision), ('NetIncome', 38.583::double precision)) AS v(concept, value) ON true
WHERE p.company_id = 'top-glove' AND p.period_label = 'Q1 FY26'
ON CONFLICT (period_id, concept) DO UPDATE SET value = EXCLUDED.value, source_id = EXCLUDED.source_id;
INSERT INTO financial_period (company_id, period_label, period_type, fiscal_year, fiscal_quarter, currency, unit, report_date, source_id) VALUES ('top-glove', 'Q2 FY26', 'quarter', 2026, 2, 'MYR', 'MYR millions', '2026-02-28', 'glove-tracker-top-glove') ON CONFLICT (company_id, period_label) DO UPDATE SET period_type = EXCLUDED.period_type, fiscal_year = EXCLUDED.fiscal_year, fiscal_quarter = EXCLUDED.fiscal_quarter, currency = EXCLUDED.currency, unit = EXCLUDED.unit, report_date = EXCLUDED.report_date, source_id = EXCLUDED.source_id;
INSERT INTO financial_fact (period_id, concept, value, source_id)
SELECT p.id, v.concept, v.value, 'glove-tracker-top-glove'
FROM financial_period p
JOIN (VALUES ('Revenue', 1005.025::double precision), ('OperatingIncome', 33.843::double precision), ('NetIncome', 30.759::double precision)) AS v(concept, value) ON true
WHERE p.company_id = 'top-glove' AND p.period_label = 'Q2 FY26'
ON CONFLICT (period_id, concept) DO UPDATE SET value = EXCLUDED.value, source_id = EXCLUDED.source_id;
INSERT INTO financial_period (company_id, period_label, period_type, fiscal_year, fiscal_quarter, currency, unit, report_date, source_id) VALUES ('top-glove', 'FY03', 'annual', 2003, NULL, 'MYR', 'MYR millions', '2003-08-31', 'glove-tracker-top-glove') ON CONFLICT (company_id, period_label) DO UPDATE SET period_type = EXCLUDED.period_type, fiscal_year = EXCLUDED.fiscal_year, fiscal_quarter = EXCLUDED.fiscal_quarter, currency = EXCLUDED.currency, unit = EXCLUDED.unit, report_date = EXCLUDED.report_date, source_id = EXCLUDED.source_id;
INSERT INTO financial_fact (period_id, concept, value, source_id)
SELECT p.id, v.concept, v.value, 'glove-tracker-top-glove'
FROM financial_period p
JOIN (VALUES ('Revenue', 265::double precision), ('NetIncome', 25.3::double precision)) AS v(concept, value) ON true
WHERE p.company_id = 'top-glove' AND p.period_label = 'FY03'
ON CONFLICT (period_id, concept) DO UPDATE SET value = EXCLUDED.value, source_id = EXCLUDED.source_id;
INSERT INTO financial_period (company_id, period_label, period_type, fiscal_year, fiscal_quarter, currency, unit, report_date, source_id) VALUES ('top-glove', 'FY05', 'annual', 2005, NULL, 'MYR', 'MYR millions', '2005-08-31', 'glove-tracker-top-glove') ON CONFLICT (company_id, period_label) DO UPDATE SET period_type = EXCLUDED.period_type, fiscal_year = EXCLUDED.fiscal_year, fiscal_quarter = EXCLUDED.fiscal_quarter, currency = EXCLUDED.currency, unit = EXCLUDED.unit, report_date = EXCLUDED.report_date, source_id = EXCLUDED.source_id;
INSERT INTO financial_fact (period_id, concept, value, source_id)
SELECT p.id, v.concept, v.value, 'glove-tracker-top-glove'
FROM financial_period p
JOIN (VALUES ('Revenue', 641.8::double precision), ('NetIncome', 58.1::double precision)) AS v(concept, value) ON true
WHERE p.company_id = 'top-glove' AND p.period_label = 'FY05'
ON CONFLICT (period_id, concept) DO UPDATE SET value = EXCLUDED.value, source_id = EXCLUDED.source_id;
INSERT INTO financial_period (company_id, period_label, period_type, fiscal_year, fiscal_quarter, currency, unit, report_date, source_id) VALUES ('top-glove', 'FY06', 'annual', 2006, NULL, 'MYR', 'MYR millions', '2006-08-31', 'glove-tracker-top-glove') ON CONFLICT (company_id, period_label) DO UPDATE SET period_type = EXCLUDED.period_type, fiscal_year = EXCLUDED.fiscal_year, fiscal_quarter = EXCLUDED.fiscal_quarter, currency = EXCLUDED.currency, unit = EXCLUDED.unit, report_date = EXCLUDED.report_date, source_id = EXCLUDED.source_id;
INSERT INTO financial_fact (period_id, concept, value, source_id)
SELECT p.id, v.concept, v.value, 'glove-tracker-top-glove'
FROM financial_period p
JOIN (VALUES ('Revenue', 992.5::double precision), ('NetIncome', 78.1::double precision)) AS v(concept, value) ON true
WHERE p.company_id = 'top-glove' AND p.period_label = 'FY06'
ON CONFLICT (period_id, concept) DO UPDATE SET value = EXCLUDED.value, source_id = EXCLUDED.source_id;
INSERT INTO financial_period (company_id, period_label, period_type, fiscal_year, fiscal_quarter, currency, unit, report_date, source_id) VALUES ('top-glove', 'FY07', 'annual', 2007, NULL, 'MYR', 'MYR millions', '2007-08-31', 'glove-tracker-top-glove') ON CONFLICT (company_id, period_label) DO UPDATE SET period_type = EXCLUDED.period_type, fiscal_year = EXCLUDED.fiscal_year, fiscal_quarter = EXCLUDED.fiscal_quarter, currency = EXCLUDED.currency, unit = EXCLUDED.unit, report_date = EXCLUDED.report_date, source_id = EXCLUDED.source_id;
INSERT INTO financial_fact (period_id, concept, value, source_id)
SELECT p.id, v.concept, v.value, 'glove-tracker-top-glove'
FROM financial_period p
JOIN (VALUES ('Revenue', 1229::double precision), ('NetIncome', 102.9::double precision)) AS v(concept, value) ON true
WHERE p.company_id = 'top-glove' AND p.period_label = 'FY07'
ON CONFLICT (period_id, concept) DO UPDATE SET value = EXCLUDED.value, source_id = EXCLUDED.source_id;
INSERT INTO financial_period (company_id, period_label, period_type, fiscal_year, fiscal_quarter, currency, unit, report_date, source_id) VALUES ('top-glove', 'FY08', 'annual', 2008, NULL, 'MYR', 'MYR millions', '2008-08-31', 'glove-tracker-top-glove') ON CONFLICT (company_id, period_label) DO UPDATE SET period_type = EXCLUDED.period_type, fiscal_year = EXCLUDED.fiscal_year, fiscal_quarter = EXCLUDED.fiscal_quarter, currency = EXCLUDED.currency, unit = EXCLUDED.unit, report_date = EXCLUDED.report_date, source_id = EXCLUDED.source_id;
INSERT INTO financial_fact (period_id, concept, value, source_id)
SELECT p.id, v.concept, v.value, 'glove-tracker-top-glove'
FROM financial_period p
JOIN (VALUES ('Revenue', 1374.2::double precision), ('NetIncome', 110.1::double precision)) AS v(concept, value) ON true
WHERE p.company_id = 'top-glove' AND p.period_label = 'FY08'
ON CONFLICT (period_id, concept) DO UPDATE SET value = EXCLUDED.value, source_id = EXCLUDED.source_id;
INSERT INTO financial_period (company_id, period_label, period_type, fiscal_year, fiscal_quarter, currency, unit, report_date, source_id) VALUES ('top-glove', 'FY09', 'annual', 2009, NULL, 'MYR', 'MYR millions', '2009-08-31', 'glove-tracker-top-glove') ON CONFLICT (company_id, period_label) DO UPDATE SET period_type = EXCLUDED.period_type, fiscal_year = EXCLUDED.fiscal_year, fiscal_quarter = EXCLUDED.fiscal_quarter, currency = EXCLUDED.currency, unit = EXCLUDED.unit, report_date = EXCLUDED.report_date, source_id = EXCLUDED.source_id;
INSERT INTO financial_fact (period_id, concept, value, source_id)
SELECT p.id, v.concept, v.value, 'glove-tracker-top-glove'
FROM financial_period p
JOIN (VALUES ('Revenue', 1531.9::double precision), ('NetIncome', 169.2::double precision)) AS v(concept, value) ON true
WHERE p.company_id = 'top-glove' AND p.period_label = 'FY09'
ON CONFLICT (period_id, concept) DO UPDATE SET value = EXCLUDED.value, source_id = EXCLUDED.source_id;
INSERT INTO financial_period (company_id, period_label, period_type, fiscal_year, fiscal_quarter, currency, unit, report_date, source_id) VALUES ('top-glove', 'FY10', 'annual', 2010, NULL, 'MYR', 'MYR millions', '2010-08-31', 'glove-tracker-top-glove') ON CONFLICT (company_id, period_label) DO UPDATE SET period_type = EXCLUDED.period_type, fiscal_year = EXCLUDED.fiscal_year, fiscal_quarter = EXCLUDED.fiscal_quarter, currency = EXCLUDED.currency, unit = EXCLUDED.unit, report_date = EXCLUDED.report_date, source_id = EXCLUDED.source_id;
INSERT INTO financial_fact (period_id, concept, value, source_id)
SELECT p.id, v.concept, v.value, 'glove-tracker-top-glove'
FROM financial_period p
JOIN (VALUES ('Revenue', 2079.5::double precision), ('NetIncome', 245.3::double precision)) AS v(concept, value) ON true
WHERE p.company_id = 'top-glove' AND p.period_label = 'FY10'
ON CONFLICT (period_id, concept) DO UPDATE SET value = EXCLUDED.value, source_id = EXCLUDED.source_id;
INSERT INTO financial_period (company_id, period_label, period_type, fiscal_year, fiscal_quarter, currency, unit, report_date, source_id) VALUES ('top-glove', 'FY11', 'annual', 2011, NULL, 'MYR', 'MYR millions', '2011-08-31', 'glove-tracker-top-glove') ON CONFLICT (company_id, period_label) DO UPDATE SET period_type = EXCLUDED.period_type, fiscal_year = EXCLUDED.fiscal_year, fiscal_quarter = EXCLUDED.fiscal_quarter, currency = EXCLUDED.currency, unit = EXCLUDED.unit, report_date = EXCLUDED.report_date, source_id = EXCLUDED.source_id;
INSERT INTO financial_fact (period_id, concept, value, source_id)
SELECT p.id, v.concept, v.value, 'glove-tracker-top-glove'
FROM financial_period p
JOIN (VALUES ('Revenue', 2053.9::double precision), ('NetIncome', 113.2::double precision)) AS v(concept, value) ON true
WHERE p.company_id = 'top-glove' AND p.period_label = 'FY11'
ON CONFLICT (period_id, concept) DO UPDATE SET value = EXCLUDED.value, source_id = EXCLUDED.source_id;
INSERT INTO financial_period (company_id, period_label, period_type, fiscal_year, fiscal_quarter, currency, unit, report_date, source_id) VALUES ('top-glove', 'FY12', 'annual', 2012, NULL, 'MYR', 'MYR millions', '2012-08-31', 'glove-tracker-top-glove') ON CONFLICT (company_id, period_label) DO UPDATE SET period_type = EXCLUDED.period_type, fiscal_year = EXCLUDED.fiscal_year, fiscal_quarter = EXCLUDED.fiscal_quarter, currency = EXCLUDED.currency, unit = EXCLUDED.unit, report_date = EXCLUDED.report_date, source_id = EXCLUDED.source_id;
INSERT INTO financial_fact (period_id, concept, value, source_id)
SELECT p.id, v.concept, v.value, 'glove-tracker-top-glove'
FROM financial_period p
JOIN (VALUES ('Revenue', 2314.3::double precision), ('NetIncome', 202.2::double precision)) AS v(concept, value) ON true
WHERE p.company_id = 'top-glove' AND p.period_label = 'FY12'
ON CONFLICT (period_id, concept) DO UPDATE SET value = EXCLUDED.value, source_id = EXCLUDED.source_id;
INSERT INTO financial_period (company_id, period_label, period_type, fiscal_year, fiscal_quarter, currency, unit, report_date, source_id) VALUES ('top-glove', 'FY13', 'annual', 2013, NULL, 'MYR', 'MYR millions', '2013-08-31', 'glove-tracker-top-glove') ON CONFLICT (company_id, period_label) DO UPDATE SET period_type = EXCLUDED.period_type, fiscal_year = EXCLUDED.fiscal_year, fiscal_quarter = EXCLUDED.fiscal_quarter, currency = EXCLUDED.currency, unit = EXCLUDED.unit, report_date = EXCLUDED.report_date, source_id = EXCLUDED.source_id;
INSERT INTO financial_fact (period_id, concept, value, source_id)
SELECT p.id, v.concept, v.value, 'glove-tracker-top-glove'
FROM financial_period p
JOIN (VALUES ('Revenue', 2313.3::double precision), ('NetIncome', 195.9::double precision)) AS v(concept, value) ON true
WHERE p.company_id = 'top-glove' AND p.period_label = 'FY13'
ON CONFLICT (period_id, concept) DO UPDATE SET value = EXCLUDED.value, source_id = EXCLUDED.source_id;
INSERT INTO financial_period (company_id, period_label, period_type, fiscal_year, fiscal_quarter, currency, unit, report_date, source_id) VALUES ('top-glove', 'FY14', 'annual', 2014, NULL, 'MYR', 'MYR millions', '2014-08-31', 'glove-tracker-top-glove') ON CONFLICT (company_id, period_label) DO UPDATE SET period_type = EXCLUDED.period_type, fiscal_year = EXCLUDED.fiscal_year, fiscal_quarter = EXCLUDED.fiscal_quarter, currency = EXCLUDED.currency, unit = EXCLUDED.unit, report_date = EXCLUDED.report_date, source_id = EXCLUDED.source_id;
INSERT INTO financial_fact (period_id, concept, value, source_id)
SELECT p.id, v.concept, v.value, 'glove-tracker-top-glove'
FROM financial_period p
JOIN (VALUES ('Revenue', 2276.5::double precision), ('NetIncome', 180.2::double precision)) AS v(concept, value) ON true
WHERE p.company_id = 'top-glove' AND p.period_label = 'FY14'
ON CONFLICT (period_id, concept) DO UPDATE SET value = EXCLUDED.value, source_id = EXCLUDED.source_id;
INSERT INTO financial_period (company_id, period_label, period_type, fiscal_year, fiscal_quarter, currency, unit, report_date, source_id) VALUES ('top-glove', 'FY15', 'annual', 2015, NULL, 'MYR', 'MYR millions', '2015-08-31', 'glove-tracker-top-glove') ON CONFLICT (company_id, period_label) DO UPDATE SET period_type = EXCLUDED.period_type, fiscal_year = EXCLUDED.fiscal_year, fiscal_quarter = EXCLUDED.fiscal_quarter, currency = EXCLUDED.currency, unit = EXCLUDED.unit, report_date = EXCLUDED.report_date, source_id = EXCLUDED.source_id;
INSERT INTO financial_fact (period_id, concept, value, source_id)
SELECT p.id, v.concept, v.value, 'glove-tracker-top-glove'
FROM financial_period p
JOIN (VALUES ('Revenue', 2510.4::double precision), ('NetIncome', 280.2::double precision)) AS v(concept, value) ON true
WHERE p.company_id = 'top-glove' AND p.period_label = 'FY15'
ON CONFLICT (period_id, concept) DO UPDATE SET value = EXCLUDED.value, source_id = EXCLUDED.source_id;
INSERT INTO financial_period (company_id, period_label, period_type, fiscal_year, fiscal_quarter, currency, unit, report_date, source_id) VALUES ('top-glove', 'FY16', 'annual', 2016, NULL, 'MYR', 'MYR millions', '2016-08-31', 'glove-tracker-top-glove') ON CONFLICT (company_id, period_label) DO UPDATE SET period_type = EXCLUDED.period_type, fiscal_year = EXCLUDED.fiscal_year, fiscal_quarter = EXCLUDED.fiscal_quarter, currency = EXCLUDED.currency, unit = EXCLUDED.unit, report_date = EXCLUDED.report_date, source_id = EXCLUDED.source_id;
INSERT INTO financial_fact (period_id, concept, value, source_id)
SELECT p.id, v.concept, v.value, 'glove-tracker-top-glove'
FROM financial_period p
JOIN (VALUES ('Revenue', 2888.6::double precision), ('NetIncome', 361::double precision)) AS v(concept, value) ON true
WHERE p.company_id = 'top-glove' AND p.period_label = 'FY16'
ON CONFLICT (period_id, concept) DO UPDATE SET value = EXCLUDED.value, source_id = EXCLUDED.source_id;
INSERT INTO financial_period (company_id, period_label, period_type, fiscal_year, fiscal_quarter, currency, unit, report_date, source_id) VALUES ('top-glove', 'FY17', 'annual', 2017, NULL, 'MYR', 'MYR millions', '2017-08-31', 'glove-tracker-top-glove') ON CONFLICT (company_id, period_label) DO UPDATE SET period_type = EXCLUDED.period_type, fiscal_year = EXCLUDED.fiscal_year, fiscal_quarter = EXCLUDED.fiscal_quarter, currency = EXCLUDED.currency, unit = EXCLUDED.unit, report_date = EXCLUDED.report_date, source_id = EXCLUDED.source_id;
INSERT INTO financial_fact (period_id, concept, value, source_id)
SELECT p.id, v.concept, v.value, 'glove-tracker-top-glove'
FROM financial_period p
JOIN (VALUES ('Revenue', 3409.1::double precision), ('NetIncome', 332.7::double precision)) AS v(concept, value) ON true
WHERE p.company_id = 'top-glove' AND p.period_label = 'FY17'
ON CONFLICT (period_id, concept) DO UPDATE SET value = EXCLUDED.value, source_id = EXCLUDED.source_id;
INSERT INTO financial_period (company_id, period_label, period_type, fiscal_year, fiscal_quarter, currency, unit, report_date, source_id) VALUES ('top-glove', 'FY18', 'annual', 2018, NULL, 'MYR', 'MYR millions', '2018-08-31', 'glove-tracker-top-glove') ON CONFLICT (company_id, period_label) DO UPDATE SET period_type = EXCLUDED.period_type, fiscal_year = EXCLUDED.fiscal_year, fiscal_quarter = EXCLUDED.fiscal_quarter, currency = EXCLUDED.currency, unit = EXCLUDED.unit, report_date = EXCLUDED.report_date, source_id = EXCLUDED.source_id;
INSERT INTO financial_fact (period_id, concept, value, source_id)
SELECT p.id, v.concept, v.value, 'glove-tracker-top-glove'
FROM financial_period p
JOIN (VALUES ('Revenue', 4196.5::double precision), ('NetIncome', 433.6::double precision)) AS v(concept, value) ON true
WHERE p.company_id = 'top-glove' AND p.period_label = 'FY18'
ON CONFLICT (period_id, concept) DO UPDATE SET value = EXCLUDED.value, source_id = EXCLUDED.source_id;
INSERT INTO financial_period (company_id, period_label, period_type, fiscal_year, fiscal_quarter, currency, unit, report_date, source_id) VALUES ('top-glove', 'FY19', 'annual', 2019, NULL, 'MYR', 'MYR millions', '2019-08-31', 'glove-tracker-top-glove') ON CONFLICT (company_id, period_label) DO UPDATE SET period_type = EXCLUDED.period_type, fiscal_year = EXCLUDED.fiscal_year, fiscal_quarter = EXCLUDED.fiscal_quarter, currency = EXCLUDED.currency, unit = EXCLUDED.unit, report_date = EXCLUDED.report_date, source_id = EXCLUDED.source_id;
INSERT INTO financial_fact (period_id, concept, value, source_id)
SELECT p.id, v.concept, v.value, 'glove-tracker-top-glove'
FROM financial_period p
JOIN (VALUES ('Revenue', 4900::double precision), ('NetIncome', 370.7::double precision)) AS v(concept, value) ON true
WHERE p.company_id = 'top-glove' AND p.period_label = 'FY19'
ON CONFLICT (period_id, concept) DO UPDATE SET value = EXCLUDED.value, source_id = EXCLUDED.source_id;
INSERT INTO financial_period (company_id, period_label, period_type, fiscal_year, fiscal_quarter, currency, unit, report_date, source_id) VALUES ('top-glove', 'FY20', 'annual', 2020, NULL, 'MYR', 'MYR millions', '2020-08-31', 'glove-tracker-top-glove') ON CONFLICT (company_id, period_label) DO UPDATE SET period_type = EXCLUDED.period_type, fiscal_year = EXCLUDED.fiscal_year, fiscal_quarter = EXCLUDED.fiscal_quarter, currency = EXCLUDED.currency, unit = EXCLUDED.unit, report_date = EXCLUDED.report_date, source_id = EXCLUDED.source_id;
INSERT INTO financial_fact (period_id, concept, value, source_id)
SELECT p.id, v.concept, v.value, 'glove-tracker-top-glove'
FROM financial_period p
JOIN (VALUES ('Revenue', 7200::double precision), ('NetIncome', 1875::double precision)) AS v(concept, value) ON true
WHERE p.company_id = 'top-glove' AND p.period_label = 'FY20'
ON CONFLICT (period_id, concept) DO UPDATE SET value = EXCLUDED.value, source_id = EXCLUDED.source_id;
INSERT INTO financial_period (company_id, period_label, period_type, fiscal_year, fiscal_quarter, currency, unit, report_date, source_id) VALUES ('top-glove', 'FY21', 'annual', 2021, NULL, 'MYR', 'MYR millions', '2021-08-31', 'glove-tracker-top-glove') ON CONFLICT (company_id, period_label) DO UPDATE SET period_type = EXCLUDED.period_type, fiscal_year = EXCLUDED.fiscal_year, fiscal_quarter = EXCLUDED.fiscal_quarter, currency = EXCLUDED.currency, unit = EXCLUDED.unit, report_date = EXCLUDED.report_date, source_id = EXCLUDED.source_id;
INSERT INTO financial_fact (period_id, concept, value, source_id)
SELECT p.id, v.concept, v.value, 'glove-tracker-top-glove'
FROM financial_period p
JOIN (VALUES ('Revenue', 16500::double precision), ('NetIncome', 7907.9::double precision)) AS v(concept, value) ON true
WHERE p.company_id = 'top-glove' AND p.period_label = 'FY21'
ON CONFLICT (period_id, concept) DO UPDATE SET value = EXCLUDED.value, source_id = EXCLUDED.source_id;
INSERT INTO financial_period (company_id, period_label, period_type, fiscal_year, fiscal_quarter, currency, unit, report_date, source_id) VALUES ('top-glove', 'FY22', 'annual', 2022, NULL, 'MYR', 'MYR millions', '2022-08-31', 'glove-tracker-top-glove') ON CONFLICT (company_id, period_label) DO UPDATE SET period_type = EXCLUDED.period_type, fiscal_year = EXCLUDED.fiscal_year, fiscal_quarter = EXCLUDED.fiscal_quarter, currency = EXCLUDED.currency, unit = EXCLUDED.unit, report_date = EXCLUDED.report_date, source_id = EXCLUDED.source_id;
INSERT INTO financial_fact (period_id, concept, value, source_id)
SELECT p.id, v.concept, v.value, 'glove-tracker-top-glove'
FROM financial_period p
JOIN (VALUES ('Revenue', 5490.1::double precision), ('NetIncome', 235.9::double precision)) AS v(concept, value) ON true
WHERE p.company_id = 'top-glove' AND p.period_label = 'FY22'
ON CONFLICT (period_id, concept) DO UPDATE SET value = EXCLUDED.value, source_id = EXCLUDED.source_id;
INSERT INTO financial_period (company_id, period_label, period_type, fiscal_year, fiscal_quarter, currency, unit, report_date, source_id) VALUES ('top-glove', 'FY23', 'annual', 2023, NULL, 'MYR', 'MYR millions', '2023-08-31', 'glove-tracker-top-glove') ON CONFLICT (company_id, period_label) DO UPDATE SET period_type = EXCLUDED.period_type, fiscal_year = EXCLUDED.fiscal_year, fiscal_quarter = EXCLUDED.fiscal_quarter, currency = EXCLUDED.currency, unit = EXCLUDED.unit, report_date = EXCLUDED.report_date, source_id = EXCLUDED.source_id;
INSERT INTO financial_fact (period_id, concept, value, source_id)
SELECT p.id, v.concept, v.value, 'glove-tracker-top-glove'
FROM financial_period p
JOIN (VALUES ('Revenue', 2257.02::double precision), ('NetIncome', -926.589::double precision)) AS v(concept, value) ON true
WHERE p.company_id = 'top-glove' AND p.period_label = 'FY23'
ON CONFLICT (period_id, concept) DO UPDATE SET value = EXCLUDED.value, source_id = EXCLUDED.source_id;
INSERT INTO financial_period (company_id, period_label, period_type, fiscal_year, fiscal_quarter, currency, unit, report_date, source_id) VALUES ('top-glove', 'FY24', 'annual', 2024, NULL, 'MYR', 'MYR millions', '2024-08-31', 'glove-tracker-top-glove') ON CONFLICT (company_id, period_label) DO UPDATE SET period_type = EXCLUDED.period_type, fiscal_year = EXCLUDED.fiscal_year, fiscal_quarter = EXCLUDED.fiscal_quarter, currency = EXCLUDED.currency, unit = EXCLUDED.unit, report_date = EXCLUDED.report_date, source_id = EXCLUDED.source_id;
INSERT INTO financial_fact (period_id, concept, value, source_id)
SELECT p.id, v.concept, v.value, 'glove-tracker-top-glove'
FROM financial_period p
JOIN (VALUES ('Revenue', 2515.979::double precision), ('OperatingIncome', -180.281::double precision), ('NetIncome', -61.809::double precision)) AS v(concept, value) ON true
WHERE p.company_id = 'top-glove' AND p.period_label = 'FY24'
ON CONFLICT (period_id, concept) DO UPDATE SET value = EXCLUDED.value, source_id = EXCLUDED.source_id;
INSERT INTO financial_period (company_id, period_label, period_type, fiscal_year, fiscal_quarter, currency, unit, report_date, source_id) VALUES ('top-glove', 'FY25', 'annual', 2025, NULL, 'MYR', 'MYR millions', '2025-08-31', 'glove-tracker-top-glove') ON CONFLICT (company_id, period_label) DO UPDATE SET period_type = EXCLUDED.period_type, fiscal_year = EXCLUDED.fiscal_year, fiscal_quarter = EXCLUDED.fiscal_quarter, currency = EXCLUDED.currency, unit = EXCLUDED.unit, report_date = EXCLUDED.report_date, source_id = EXCLUDED.source_id;
INSERT INTO financial_fact (period_id, concept, value, source_id)
SELECT p.id, v.concept, v.value, 'glove-tracker-top-glove'
FROM financial_period p
JOIN (VALUES ('Revenue', 3489.415::double precision), ('OperatingIncome', 88.155::double precision), ('NetIncome', 109.067::double precision)) AS v(concept, value) ON true
WHERE p.company_id = 'top-glove' AND p.period_label = 'FY25'
ON CONFLICT (period_id, concept) DO UPDATE SET value = EXCLUDED.value, source_id = EXCLUDED.source_id;
INSERT INTO source (id, kind, name, url, retrieved_at, note) VALUES ('glove-tracker-hartalega', 'glove-tracker', 'glove-tracker import — Hartalega Holdings Bursa quarterly reports', 'https://www.bursamalaysia.com', '2026-04-20', 'Imported from weisiang329-eng/glove-tracker (data/fund.json, is_mock=0 rows only). Original source: Bursa Malaysia quarterly report PDFs, auto-parsed. See apps/api/seed/glove/fundamentals.json for per-row provenance.') ON CONFLICT (id) DO UPDATE SET kind = EXCLUDED.kind, name = EXCLUDED.name, url = EXCLUDED.url, retrieved_at = EXCLUDED.retrieved_at, note = EXCLUDED.note;
INSERT INTO company (id, name, ticker, exchange, segment, country, industry_id, description, reporting_currency, fiscal_year_end_month) VALUES ('hartalega', 'Hartalega Holdings', 'HARTA', 'Bursa Malaysia', 'Rubber Gloves', 'Malaysia', 'rubber-gloves', 'Nitrile glove pioneer with the industry''s most automated plants (Bursa 5168). Fiscal year ends March.', 'MYR', 3) ON CONFLICT (id) DO UPDATE SET name = EXCLUDED.name, ticker = EXCLUDED.ticker, exchange = EXCLUDED.exchange, segment = EXCLUDED.segment, country = EXCLUDED.country, industry_id = EXCLUDED.industry_id, description = EXCLUDED.description, reporting_currency = EXCLUDED.reporting_currency, fiscal_year_end_month = EXCLUDED.fiscal_year_end_month;
INSERT INTO financial_period (company_id, period_label, period_type, fiscal_year, fiscal_quarter, currency, unit, report_date, source_id) VALUES ('hartalega', 'Q3 FY08', 'quarter', 2008, 3, 'MYR', 'MYR millions', '2007-12-31', 'glove-tracker-hartalega') ON CONFLICT (company_id, period_label) DO UPDATE SET period_type = EXCLUDED.period_type, fiscal_year = EXCLUDED.fiscal_year, fiscal_quarter = EXCLUDED.fiscal_quarter, currency = EXCLUDED.currency, unit = EXCLUDED.unit, report_date = EXCLUDED.report_date, source_id = EXCLUDED.source_id;
INSERT INTO financial_fact (period_id, concept, value, source_id)
SELECT p.id, v.concept, v.value, 'glove-tracker-hartalega'
FROM financial_period p
JOIN (VALUES ('Revenue', 72::double precision), ('NetIncome', 10.1::double precision)) AS v(concept, value) ON true
WHERE p.company_id = 'hartalega' AND p.period_label = 'Q3 FY08'
ON CONFLICT (period_id, concept) DO UPDATE SET value = EXCLUDED.value, source_id = EXCLUDED.source_id;
INSERT INTO financial_period (company_id, period_label, period_type, fiscal_year, fiscal_quarter, currency, unit, report_date, source_id) VALUES ('hartalega', 'Q4 FY08', 'quarter', 2008, 4, 'MYR', 'MYR millions', '2008-03-31', 'glove-tracker-hartalega') ON CONFLICT (company_id, period_label) DO UPDATE SET period_type = EXCLUDED.period_type, fiscal_year = EXCLUDED.fiscal_year, fiscal_quarter = EXCLUDED.fiscal_quarter, currency = EXCLUDED.currency, unit = EXCLUDED.unit, report_date = EXCLUDED.report_date, source_id = EXCLUDED.source_id;
INSERT INTO financial_fact (period_id, concept, value, source_id)
SELECT p.id, v.concept, v.value, 'glove-tracker-hartalega'
FROM financial_period p
JOIN (VALUES ('Revenue', 72.8::double precision), ('NetIncome', 8.9::double precision)) AS v(concept, value) ON true
WHERE p.company_id = 'hartalega' AND p.period_label = 'Q4 FY08'
ON CONFLICT (period_id, concept) DO UPDATE SET value = EXCLUDED.value, source_id = EXCLUDED.source_id;
INSERT INTO financial_period (company_id, period_label, period_type, fiscal_year, fiscal_quarter, currency, unit, report_date, source_id) VALUES ('hartalega', 'Q1 FY09', 'quarter', 2009, 1, 'MYR', 'MYR millions', '2008-06-30', 'glove-tracker-hartalega') ON CONFLICT (company_id, period_label) DO UPDATE SET period_type = EXCLUDED.period_type, fiscal_year = EXCLUDED.fiscal_year, fiscal_quarter = EXCLUDED.fiscal_quarter, currency = EXCLUDED.currency, unit = EXCLUDED.unit, report_date = EXCLUDED.report_date, source_id = EXCLUDED.source_id;
INSERT INTO financial_fact (period_id, concept, value, source_id)
SELECT p.id, v.concept, v.value, 'glove-tracker-hartalega'
FROM financial_period p
JOIN (VALUES ('Revenue', 87.8::double precision), ('NetIncome', 12.9::double precision)) AS v(concept, value) ON true
WHERE p.company_id = 'hartalega' AND p.period_label = 'Q1 FY09'
ON CONFLICT (period_id, concept) DO UPDATE SET value = EXCLUDED.value, source_id = EXCLUDED.source_id;
INSERT INTO financial_period (company_id, period_label, period_type, fiscal_year, fiscal_quarter, currency, unit, report_date, source_id) VALUES ('hartalega', 'Q2 FY09', 'quarter', 2009, 2, 'MYR', 'MYR millions', '2008-09-30', 'glove-tracker-hartalega') ON CONFLICT (company_id, period_label) DO UPDATE SET period_type = EXCLUDED.period_type, fiscal_year = EXCLUDED.fiscal_year, fiscal_quarter = EXCLUDED.fiscal_quarter, currency = EXCLUDED.currency, unit = EXCLUDED.unit, report_date = EXCLUDED.report_date, source_id = EXCLUDED.source_id;
INSERT INTO financial_fact (period_id, concept, value, source_id)
SELECT p.id, v.concept, v.value, 'glove-tracker-hartalega'
FROM financial_period p
JOIN (VALUES ('Revenue', 111.5::double precision), ('NetIncome', 18.4::double precision)) AS v(concept, value) ON true
WHERE p.company_id = 'hartalega' AND p.period_label = 'Q2 FY09'
ON CONFLICT (period_id, concept) DO UPDATE SET value = EXCLUDED.value, source_id = EXCLUDED.source_id;
INSERT INTO financial_period (company_id, period_label, period_type, fiscal_year, fiscal_quarter, currency, unit, report_date, source_id) VALUES ('hartalega', 'Q3 FY09', 'quarter', 2009, 3, 'MYR', 'MYR millions', '2008-12-31', 'glove-tracker-hartalega') ON CONFLICT (company_id, period_label) DO UPDATE SET period_type = EXCLUDED.period_type, fiscal_year = EXCLUDED.fiscal_year, fiscal_quarter = EXCLUDED.fiscal_quarter, currency = EXCLUDED.currency, unit = EXCLUDED.unit, report_date = EXCLUDED.report_date, source_id = EXCLUDED.source_id;
INSERT INTO financial_fact (period_id, concept, value, source_id)
SELECT p.id, v.concept, v.value, 'glove-tracker-hartalega'
FROM financial_period p
JOIN (VALUES ('Revenue', 119.1::double precision), ('NetIncome', 22.2::double precision)) AS v(concept, value) ON true
WHERE p.company_id = 'hartalega' AND p.period_label = 'Q3 FY09'
ON CONFLICT (period_id, concept) DO UPDATE SET value = EXCLUDED.value, source_id = EXCLUDED.source_id;
INSERT INTO financial_period (company_id, period_label, period_type, fiscal_year, fiscal_quarter, currency, unit, report_date, source_id) VALUES ('hartalega', 'Q4 FY09', 'quarter', 2009, 4, 'MYR', 'MYR millions', '2009-03-31', 'glove-tracker-hartalega') ON CONFLICT (company_id, period_label) DO UPDATE SET period_type = EXCLUDED.period_type, fiscal_year = EXCLUDED.fiscal_year, fiscal_quarter = EXCLUDED.fiscal_quarter, currency = EXCLUDED.currency, unit = EXCLUDED.unit, report_date = EXCLUDED.report_date, source_id = EXCLUDED.source_id;
INSERT INTO financial_fact (period_id, concept, value, source_id)
SELECT p.id, v.concept, v.value, 'glove-tracker-hartalega'
FROM financial_period p
JOIN (VALUES ('Revenue', 124.8::double precision), ('NetIncome', 31::double precision)) AS v(concept, value) ON true
WHERE p.company_id = 'hartalega' AND p.period_label = 'Q4 FY09'
ON CONFLICT (period_id, concept) DO UPDATE SET value = EXCLUDED.value, source_id = EXCLUDED.source_id;
INSERT INTO financial_period (company_id, period_label, period_type, fiscal_year, fiscal_quarter, currency, unit, report_date, source_id) VALUES ('hartalega', 'Q1 FY10', 'quarter', 2010, 1, 'MYR', 'MYR millions', '2009-06-30', 'glove-tracker-hartalega') ON CONFLICT (company_id, period_label) DO UPDATE SET period_type = EXCLUDED.period_type, fiscal_year = EXCLUDED.fiscal_year, fiscal_quarter = EXCLUDED.fiscal_quarter, currency = EXCLUDED.currency, unit = EXCLUDED.unit, report_date = EXCLUDED.report_date, source_id = EXCLUDED.source_id;
INSERT INTO financial_fact (period_id, concept, value, source_id)
SELECT p.id, v.concept, v.value, 'glove-tracker-hartalega'
FROM financial_period p
JOIN (VALUES ('Revenue', 125.3::double precision), ('NetIncome', 26.4::double precision)) AS v(concept, value) ON true
WHERE p.company_id = 'hartalega' AND p.period_label = 'Q1 FY10'
ON CONFLICT (period_id, concept) DO UPDATE SET value = EXCLUDED.value, source_id = EXCLUDED.source_id;
INSERT INTO financial_period (company_id, period_label, period_type, fiscal_year, fiscal_quarter, currency, unit, report_date, source_id) VALUES ('hartalega', 'Q2 FY10', 'quarter', 2010, 2, 'MYR', 'MYR millions', '2009-09-30', 'glove-tracker-hartalega') ON CONFLICT (company_id, period_label) DO UPDATE SET period_type = EXCLUDED.period_type, fiscal_year = EXCLUDED.fiscal_year, fiscal_quarter = EXCLUDED.fiscal_quarter, currency = EXCLUDED.currency, unit = EXCLUDED.unit, report_date = EXCLUDED.report_date, source_id = EXCLUDED.source_id;
INSERT INTO financial_fact (period_id, concept, value, source_id)
SELECT p.id, v.concept, v.value, 'glove-tracker-hartalega'
FROM financial_period p
JOIN (VALUES ('Revenue', 134.6::double precision), ('NetIncome', 33.1::double precision)) AS v(concept, value) ON true
WHERE p.company_id = 'hartalega' AND p.period_label = 'Q2 FY10'
ON CONFLICT (period_id, concept) DO UPDATE SET value = EXCLUDED.value, source_id = EXCLUDED.source_id;
INSERT INTO financial_period (company_id, period_label, period_type, fiscal_year, fiscal_quarter, currency, unit, report_date, source_id) VALUES ('hartalega', 'Q3 FY10', 'quarter', 2010, 3, 'MYR', 'MYR millions', '2009-12-31', 'glove-tracker-hartalega') ON CONFLICT (company_id, period_label) DO UPDATE SET period_type = EXCLUDED.period_type, fiscal_year = EXCLUDED.fiscal_year, fiscal_quarter = EXCLUDED.fiscal_quarter, currency = EXCLUDED.currency, unit = EXCLUDED.unit, report_date = EXCLUDED.report_date, source_id = EXCLUDED.source_id;
INSERT INTO financial_fact (period_id, concept, value, source_id)
SELECT p.id, v.concept, v.value, 'glove-tracker-hartalega'
FROM financial_period p
JOIN (VALUES ('Revenue', 148.6::double precision), ('NetIncome', 37.2::double precision)) AS v(concept, value) ON true
WHERE p.company_id = 'hartalega' AND p.period_label = 'Q3 FY10'
ON CONFLICT (period_id, concept) DO UPDATE SET value = EXCLUDED.value, source_id = EXCLUDED.source_id;
INSERT INTO financial_period (company_id, period_label, period_type, fiscal_year, fiscal_quarter, currency, unit, report_date, source_id) VALUES ('hartalega', 'Q4 FY10', 'quarter', 2010, 4, 'MYR', 'MYR millions', '2010-03-31', 'glove-tracker-hartalega') ON CONFLICT (company_id, period_label) DO UPDATE SET period_type = EXCLUDED.period_type, fiscal_year = EXCLUDED.fiscal_year, fiscal_quarter = EXCLUDED.fiscal_quarter, currency = EXCLUDED.currency, unit = EXCLUDED.unit, report_date = EXCLUDED.report_date, source_id = EXCLUDED.source_id;
INSERT INTO financial_fact (period_id, concept, value, source_id)
SELECT p.id, v.concept, v.value, 'glove-tracker-hartalega'
FROM financial_period p
JOIN (VALUES ('Revenue', 163.4::double precision), ('NetIncome', 46.4::double precision)) AS v(concept, value) ON true
WHERE p.company_id = 'hartalega' AND p.period_label = 'Q4 FY10'
ON CONFLICT (period_id, concept) DO UPDATE SET value = EXCLUDED.value, source_id = EXCLUDED.source_id;
INSERT INTO financial_period (company_id, period_label, period_type, fiscal_year, fiscal_quarter, currency, unit, report_date, source_id) VALUES ('hartalega', 'Q1 FY11', 'quarter', 2011, 1, 'MYR', 'MYR millions', '2010-06-30', 'glove-tracker-hartalega') ON CONFLICT (company_id, period_label) DO UPDATE SET period_type = EXCLUDED.period_type, fiscal_year = EXCLUDED.fiscal_year, fiscal_quarter = EXCLUDED.fiscal_quarter, currency = EXCLUDED.currency, unit = EXCLUDED.unit, report_date = EXCLUDED.report_date, source_id = EXCLUDED.source_id;
INSERT INTO financial_fact (period_id, concept, value, source_id)
SELECT p.id, v.concept, v.value, 'glove-tracker-hartalega'
FROM financial_period p
JOIN (VALUES ('Revenue', 170::double precision), ('NetIncome', 41.5::double precision)) AS v(concept, value) ON true
WHERE p.company_id = 'hartalega' AND p.period_label = 'Q1 FY11'
ON CONFLICT (period_id, concept) DO UPDATE SET value = EXCLUDED.value, source_id = EXCLUDED.source_id;
INSERT INTO financial_period (company_id, period_label, period_type, fiscal_year, fiscal_quarter, currency, unit, report_date, source_id) VALUES ('hartalega', 'Q2 FY11', 'quarter', 2011, 2, 'MYR', 'MYR millions', '2010-09-30', 'glove-tracker-hartalega') ON CONFLICT (company_id, period_label) DO UPDATE SET period_type = EXCLUDED.period_type, fiscal_year = EXCLUDED.fiscal_year, fiscal_quarter = EXCLUDED.fiscal_quarter, currency = EXCLUDED.currency, unit = EXCLUDED.unit, report_date = EXCLUDED.report_date, source_id = EXCLUDED.source_id;
INSERT INTO financial_fact (period_id, concept, value, source_id)
SELECT p.id, v.concept, v.value, 'glove-tracker-hartalega'
FROM financial_period p
JOIN (VALUES ('Revenue', 184.3::double precision), ('NetIncome', 47.1::double precision)) AS v(concept, value) ON true
WHERE p.company_id = 'hartalega' AND p.period_label = 'Q2 FY11'
ON CONFLICT (period_id, concept) DO UPDATE SET value = EXCLUDED.value, source_id = EXCLUDED.source_id;
INSERT INTO financial_period (company_id, period_label, period_type, fiscal_year, fiscal_quarter, currency, unit, report_date, source_id) VALUES ('hartalega', 'Q3 FY11', 'quarter', 2011, 3, 'MYR', 'MYR millions', '2010-12-31', 'glove-tracker-hartalega') ON CONFLICT (company_id, period_label) DO UPDATE SET period_type = EXCLUDED.period_type, fiscal_year = EXCLUDED.fiscal_year, fiscal_quarter = EXCLUDED.fiscal_quarter, currency = EXCLUDED.currency, unit = EXCLUDED.unit, report_date = EXCLUDED.report_date, source_id = EXCLUDED.source_id;
INSERT INTO financial_fact (period_id, concept, value, source_id)
SELECT p.id, v.concept, v.value, 'glove-tracker-hartalega'
FROM financial_period p
JOIN (VALUES ('Revenue', 188.1::double precision), ('NetIncome', 49.2::double precision)) AS v(concept, value) ON true
WHERE p.company_id = 'hartalega' AND p.period_label = 'Q3 FY11'
ON CONFLICT (period_id, concept) DO UPDATE SET value = EXCLUDED.value, source_id = EXCLUDED.source_id;
INSERT INTO financial_period (company_id, period_label, period_type, fiscal_year, fiscal_quarter, currency, unit, report_date, source_id) VALUES ('hartalega', 'Q4 FY11', 'quarter', 2011, 4, 'MYR', 'MYR millions', '2011-03-31', 'glove-tracker-hartalega') ON CONFLICT (company_id, period_label) DO UPDATE SET period_type = EXCLUDED.period_type, fiscal_year = EXCLUDED.fiscal_year, fiscal_quarter = EXCLUDED.fiscal_quarter, currency = EXCLUDED.currency, unit = EXCLUDED.unit, report_date = EXCLUDED.report_date, source_id = EXCLUDED.source_id;
INSERT INTO financial_fact (period_id, concept, value, source_id)
SELECT p.id, v.concept, v.value, 'glove-tracker-hartalega'
FROM financial_period p
JOIN (VALUES ('Revenue', 192.5::double precision), ('NetIncome', 52.4::double precision)) AS v(concept, value) ON true
WHERE p.company_id = 'hartalega' AND p.period_label = 'Q4 FY11'
ON CONFLICT (period_id, concept) DO UPDATE SET value = EXCLUDED.value, source_id = EXCLUDED.source_id;
INSERT INTO financial_period (company_id, period_label, period_type, fiscal_year, fiscal_quarter, currency, unit, report_date, source_id) VALUES ('hartalega', 'Q1 FY12', 'quarter', 2012, 1, 'MYR', 'MYR millions', '2011-06-30', 'glove-tracker-hartalega') ON CONFLICT (company_id, period_label) DO UPDATE SET period_type = EXCLUDED.period_type, fiscal_year = EXCLUDED.fiscal_year, fiscal_quarter = EXCLUDED.fiscal_quarter, currency = EXCLUDED.currency, unit = EXCLUDED.unit, report_date = EXCLUDED.report_date, source_id = EXCLUDED.source_id;
INSERT INTO financial_fact (period_id, concept, value, source_id)
SELECT p.id, v.concept, v.value, 'glove-tracker-hartalega'
FROM financial_period p
JOIN (VALUES ('Revenue', 219.4::double precision), ('NetIncome', 54.8::double precision)) AS v(concept, value) ON true
WHERE p.company_id = 'hartalega' AND p.period_label = 'Q1 FY12'
ON CONFLICT (period_id, concept) DO UPDATE SET value = EXCLUDED.value, source_id = EXCLUDED.source_id;
INSERT INTO financial_period (company_id, period_label, period_type, fiscal_year, fiscal_quarter, currency, unit, report_date, source_id) VALUES ('hartalega', 'Q2 FY12', 'quarter', 2012, 2, 'MYR', 'MYR millions', '2011-09-30', 'glove-tracker-hartalega') ON CONFLICT (company_id, period_label) DO UPDATE SET period_type = EXCLUDED.period_type, fiscal_year = EXCLUDED.fiscal_year, fiscal_quarter = EXCLUDED.fiscal_quarter, currency = EXCLUDED.currency, unit = EXCLUDED.unit, report_date = EXCLUDED.report_date, source_id = EXCLUDED.source_id;
INSERT INTO financial_fact (period_id, concept, value, source_id)
SELECT p.id, v.concept, v.value, 'glove-tracker-hartalega'
FROM financial_period p
JOIN (VALUES ('Revenue', 229.5::double precision), ('NetIncome', 46.1::double precision)) AS v(concept, value) ON true
WHERE p.company_id = 'hartalega' AND p.period_label = 'Q2 FY12'
ON CONFLICT (period_id, concept) DO UPDATE SET value = EXCLUDED.value, source_id = EXCLUDED.source_id;
INSERT INTO financial_period (company_id, period_label, period_type, fiscal_year, fiscal_quarter, currency, unit, report_date, source_id) VALUES ('hartalega', 'Q3 FY12', 'quarter', 2012, 3, 'MYR', 'MYR millions', '2011-12-31', 'glove-tracker-hartalega') ON CONFLICT (company_id, period_label) DO UPDATE SET period_type = EXCLUDED.period_type, fiscal_year = EXCLUDED.fiscal_year, fiscal_quarter = EXCLUDED.fiscal_quarter, currency = EXCLUDED.currency, unit = EXCLUDED.unit, report_date = EXCLUDED.report_date, source_id = EXCLUDED.source_id;
INSERT INTO financial_fact (period_id, concept, value, source_id)
SELECT p.id, v.concept, v.value, 'glove-tracker-hartalega'
FROM financial_period p
JOIN (VALUES ('Revenue', 242::double precision), ('NetIncome', 50.7::double precision)) AS v(concept, value) ON true
WHERE p.company_id = 'hartalega' AND p.period_label = 'Q3 FY12'
ON CONFLICT (period_id, concept) DO UPDATE SET value = EXCLUDED.value, source_id = EXCLUDED.source_id;
INSERT INTO financial_period (company_id, period_label, period_type, fiscal_year, fiscal_quarter, currency, unit, report_date, source_id) VALUES ('hartalega', 'Q4 FY12', 'quarter', 2012, 4, 'MYR', 'MYR millions', '2012-03-31', 'glove-tracker-hartalega') ON CONFLICT (company_id, period_label) DO UPDATE SET period_type = EXCLUDED.period_type, fiscal_year = EXCLUDED.fiscal_year, fiscal_quarter = EXCLUDED.fiscal_quarter, currency = EXCLUDED.currency, unit = EXCLUDED.unit, report_date = EXCLUDED.report_date, source_id = EXCLUDED.source_id;
INSERT INTO financial_fact (period_id, concept, value, source_id)
SELECT p.id, v.concept, v.value, 'glove-tracker-hartalega'
FROM financial_period p
JOIN (VALUES ('Revenue', 240.2::double precision), ('NetIncome', 50::double precision)) AS v(concept, value) ON true
WHERE p.company_id = 'hartalega' AND p.period_label = 'Q4 FY12'
ON CONFLICT (period_id, concept) DO UPDATE SET value = EXCLUDED.value, source_id = EXCLUDED.source_id;
INSERT INTO financial_period (company_id, period_label, period_type, fiscal_year, fiscal_quarter, currency, unit, report_date, source_id) VALUES ('hartalega', 'Q1 FY13', 'quarter', 2013, 1, 'MYR', 'MYR millions', '2012-06-30', 'glove-tracker-hartalega') ON CONFLICT (company_id, period_label) DO UPDATE SET period_type = EXCLUDED.period_type, fiscal_year = EXCLUDED.fiscal_year, fiscal_quarter = EXCLUDED.fiscal_quarter, currency = EXCLUDED.currency, unit = EXCLUDED.unit, report_date = EXCLUDED.report_date, source_id = EXCLUDED.source_id;
INSERT INTO financial_fact (period_id, concept, value, source_id)
SELECT p.id, v.concept, v.value, 'glove-tracker-hartalega'
FROM financial_period p
JOIN (VALUES ('Revenue', 247.7::double precision), ('NetIncome', 53.4::double precision)) AS v(concept, value) ON true
WHERE p.company_id = 'hartalega' AND p.period_label = 'Q1 FY13'
ON CONFLICT (period_id, concept) DO UPDATE SET value = EXCLUDED.value, source_id = EXCLUDED.source_id;
INSERT INTO financial_period (company_id, period_label, period_type, fiscal_year, fiscal_quarter, currency, unit, report_date, source_id) VALUES ('hartalega', 'Q2 FY13', 'quarter', 2013, 2, 'MYR', 'MYR millions', '2012-09-30', 'glove-tracker-hartalega') ON CONFLICT (company_id, period_label) DO UPDATE SET period_type = EXCLUDED.period_type, fiscal_year = EXCLUDED.fiscal_year, fiscal_quarter = EXCLUDED.fiscal_quarter, currency = EXCLUDED.currency, unit = EXCLUDED.unit, report_date = EXCLUDED.report_date, source_id = EXCLUDED.source_id;
INSERT INTO financial_fact (period_id, concept, value, source_id)
SELECT p.id, v.concept, v.value, 'glove-tracker-hartalega'
FROM financial_period p
JOIN (VALUES ('Revenue', 255::double precision), ('NetIncome', 58.6::double precision)) AS v(concept, value) ON true
WHERE p.company_id = 'hartalega' AND p.period_label = 'Q2 FY13'
ON CONFLICT (period_id, concept) DO UPDATE SET value = EXCLUDED.value, source_id = EXCLUDED.source_id;
INSERT INTO financial_period (company_id, period_label, period_type, fiscal_year, fiscal_quarter, currency, unit, report_date, source_id) VALUES ('hartalega', 'Q3 FY13', 'quarter', 2013, 3, 'MYR', 'MYR millions', '2012-12-31', 'glove-tracker-hartalega') ON CONFLICT (company_id, period_label) DO UPDATE SET period_type = EXCLUDED.period_type, fiscal_year = EXCLUDED.fiscal_year, fiscal_quarter = EXCLUDED.fiscal_quarter, currency = EXCLUDED.currency, unit = EXCLUDED.unit, report_date = EXCLUDED.report_date, source_id = EXCLUDED.source_id;
INSERT INTO financial_fact (period_id, concept, value, source_id)
SELECT p.id, v.concept, v.value, 'glove-tracker-hartalega'
FROM financial_period p
JOIN (VALUES ('Revenue', 259.6::double precision), ('NetIncome', 60.5::double precision)) AS v(concept, value) ON true
WHERE p.company_id = 'hartalega' AND p.period_label = 'Q3 FY13'
ON CONFLICT (period_id, concept) DO UPDATE SET value = EXCLUDED.value, source_id = EXCLUDED.source_id;
INSERT INTO financial_period (company_id, period_label, period_type, fiscal_year, fiscal_quarter, currency, unit, report_date, source_id) VALUES ('hartalega', 'Q4 FY13', 'quarter', 2013, 4, 'MYR', 'MYR millions', '2013-03-31', 'glove-tracker-hartalega') ON CONFLICT (company_id, period_label) DO UPDATE SET period_type = EXCLUDED.period_type, fiscal_year = EXCLUDED.fiscal_year, fiscal_quarter = EXCLUDED.fiscal_quarter, currency = EXCLUDED.currency, unit = EXCLUDED.unit, report_date = EXCLUDED.report_date, source_id = EXCLUDED.source_id;
INSERT INTO financial_fact (period_id, concept, value, source_id)
SELECT p.id, v.concept, v.value, 'glove-tracker-hartalega'
FROM financial_period p
JOIN (VALUES ('Revenue', 269.8::double precision), ('NetIncome', 62.3::double precision)) AS v(concept, value) ON true
WHERE p.company_id = 'hartalega' AND p.period_label = 'Q4 FY13'
ON CONFLICT (period_id, concept) DO UPDATE SET value = EXCLUDED.value, source_id = EXCLUDED.source_id;
INSERT INTO financial_period (company_id, period_label, period_type, fiscal_year, fiscal_quarter, currency, unit, report_date, source_id) VALUES ('hartalega', 'Q1 FY14', 'quarter', 2014, 1, 'MYR', 'MYR millions', '2013-06-30', 'glove-tracker-hartalega') ON CONFLICT (company_id, period_label) DO UPDATE SET period_type = EXCLUDED.period_type, fiscal_year = EXCLUDED.fiscal_year, fiscal_quarter = EXCLUDED.fiscal_quarter, currency = EXCLUDED.currency, unit = EXCLUDED.unit, report_date = EXCLUDED.report_date, source_id = EXCLUDED.source_id;
INSERT INTO financial_fact (period_id, concept, value, source_id)
SELECT p.id, v.concept, v.value, 'glove-tracker-hartalega'
FROM financial_period p
JOIN (VALUES ('Revenue', 278::double precision), ('NetIncome', 62.9::double precision)) AS v(concept, value) ON true
WHERE p.company_id = 'hartalega' AND p.period_label = 'Q1 FY14'
ON CONFLICT (period_id, concept) DO UPDATE SET value = EXCLUDED.value, source_id = EXCLUDED.source_id;
INSERT INTO financial_period (company_id, period_label, period_type, fiscal_year, fiscal_quarter, currency, unit, report_date, source_id) VALUES ('hartalega', 'Q2 FY14', 'quarter', 2014, 2, 'MYR', 'MYR millions', '2013-09-30', 'glove-tracker-hartalega') ON CONFLICT (company_id, period_label) DO UPDATE SET period_type = EXCLUDED.period_type, fiscal_year = EXCLUDED.fiscal_year, fiscal_quarter = EXCLUDED.fiscal_quarter, currency = EXCLUDED.currency, unit = EXCLUDED.unit, report_date = EXCLUDED.report_date, source_id = EXCLUDED.source_id;
INSERT INTO financial_fact (period_id, concept, value, source_id)
SELECT p.id, v.concept, v.value, 'glove-tracker-hartalega'
FROM financial_period p
JOIN (VALUES ('Revenue', 281::double precision), ('NetIncome', 63.3::double precision)) AS v(concept, value) ON true
WHERE p.company_id = 'hartalega' AND p.period_label = 'Q2 FY14'
ON CONFLICT (period_id, concept) DO UPDATE SET value = EXCLUDED.value, source_id = EXCLUDED.source_id;
INSERT INTO financial_period (company_id, period_label, period_type, fiscal_year, fiscal_quarter, currency, unit, report_date, source_id) VALUES ('hartalega', 'Q3 FY14', 'quarter', 2014, 3, 'MYR', 'MYR millions', '2013-12-31', 'glove-tracker-hartalega') ON CONFLICT (company_id, period_label) DO UPDATE SET period_type = EXCLUDED.period_type, fiscal_year = EXCLUDED.fiscal_year, fiscal_quarter = EXCLUDED.fiscal_quarter, currency = EXCLUDED.currency, unit = EXCLUDED.unit, report_date = EXCLUDED.report_date, source_id = EXCLUDED.source_id;
INSERT INTO financial_fact (period_id, concept, value, source_id)
SELECT p.id, v.concept, v.value, 'glove-tracker-hartalega'
FROM financial_period p
JOIN (VALUES ('Revenue', 267.8::double precision), ('NetIncome', 57.9::double precision)) AS v(concept, value) ON true
WHERE p.company_id = 'hartalega' AND p.period_label = 'Q3 FY14'
ON CONFLICT (period_id, concept) DO UPDATE SET value = EXCLUDED.value, source_id = EXCLUDED.source_id;
INSERT INTO financial_period (company_id, period_label, period_type, fiscal_year, fiscal_quarter, currency, unit, report_date, source_id) VALUES ('hartalega', 'Q4 FY14', 'quarter', 2014, 4, 'MYR', 'MYR millions', '2014-03-31', 'glove-tracker-hartalega') ON CONFLICT (company_id, period_label) DO UPDATE SET period_type = EXCLUDED.period_type, fiscal_year = EXCLUDED.fiscal_year, fiscal_quarter = EXCLUDED.fiscal_quarter, currency = EXCLUDED.currency, unit = EXCLUDED.unit, report_date = EXCLUDED.report_date, source_id = EXCLUDED.source_id;
INSERT INTO financial_fact (period_id, concept, value, source_id)
SELECT p.id, v.concept, v.value, 'glove-tracker-hartalega'
FROM financial_period p
JOIN (VALUES ('Revenue', 280.4::double precision), ('NetIncome', 49.2::double precision)) AS v(concept, value) ON true
WHERE p.company_id = 'hartalega' AND p.period_label = 'Q4 FY14'
ON CONFLICT (period_id, concept) DO UPDATE SET value = EXCLUDED.value, source_id = EXCLUDED.source_id;
INSERT INTO financial_period (company_id, period_label, period_type, fiscal_year, fiscal_quarter, currency, unit, report_date, source_id) VALUES ('hartalega', 'Q1 FY15', 'quarter', 2015, 1, 'MYR', 'MYR millions', '2014-06-30', 'glove-tracker-hartalega') ON CONFLICT (company_id, period_label) DO UPDATE SET period_type = EXCLUDED.period_type, fiscal_year = EXCLUDED.fiscal_year, fiscal_quarter = EXCLUDED.fiscal_quarter, currency = EXCLUDED.currency, unit = EXCLUDED.unit, report_date = EXCLUDED.report_date, source_id = EXCLUDED.source_id;
INSERT INTO financial_fact (period_id, concept, value, source_id)
SELECT p.id, v.concept, v.value, 'glove-tracker-hartalega'
FROM financial_period p
JOIN (VALUES ('Revenue', 279.2::double precision), ('NetIncome', 57.1::double precision)) AS v(concept, value) ON true
WHERE p.company_id = 'hartalega' AND p.period_label = 'Q1 FY15'
ON CONFLICT (period_id, concept) DO UPDATE SET value = EXCLUDED.value, source_id = EXCLUDED.source_id;
INSERT INTO financial_period (company_id, period_label, period_type, fiscal_year, fiscal_quarter, currency, unit, report_date, source_id) VALUES ('hartalega', 'Q2 FY15', 'quarter', 2015, 2, 'MYR', 'MYR millions', '2014-09-30', 'glove-tracker-hartalega') ON CONFLICT (company_id, period_label) DO UPDATE SET period_type = EXCLUDED.period_type, fiscal_year = EXCLUDED.fiscal_year, fiscal_quarter = EXCLUDED.fiscal_quarter, currency = EXCLUDED.currency, unit = EXCLUDED.unit, report_date = EXCLUDED.report_date, source_id = EXCLUDED.source_id;
INSERT INTO financial_fact (period_id, concept, value, source_id)
SELECT p.id, v.concept, v.value, 'glove-tracker-hartalega'
FROM financial_period p
JOIN (VALUES ('Revenue', 275.2::double precision), ('NetIncome', 48.2::double precision)) AS v(concept, value) ON true
WHERE p.company_id = 'hartalega' AND p.period_label = 'Q2 FY15'
ON CONFLICT (period_id, concept) DO UPDATE SET value = EXCLUDED.value, source_id = EXCLUDED.source_id;
INSERT INTO financial_period (company_id, period_label, period_type, fiscal_year, fiscal_quarter, currency, unit, report_date, source_id) VALUES ('hartalega', 'Q3 FY15', 'quarter', 2015, 3, 'MYR', 'MYR millions', '2014-12-31', 'glove-tracker-hartalega') ON CONFLICT (company_id, period_label) DO UPDATE SET period_type = EXCLUDED.period_type, fiscal_year = EXCLUDED.fiscal_year, fiscal_quarter = EXCLUDED.fiscal_quarter, currency = EXCLUDED.currency, unit = EXCLUDED.unit, report_date = EXCLUDED.report_date, source_id = EXCLUDED.source_id;
INSERT INTO financial_fact (period_id, concept, value, source_id)
SELECT p.id, v.concept, v.value, 'glove-tracker-hartalega'
FROM financial_period p
JOIN (VALUES ('Revenue', 286.4::double precision), ('NetIncome', 49.5::double precision)) AS v(concept, value) ON true
WHERE p.company_id = 'hartalega' AND p.period_label = 'Q3 FY15'
ON CONFLICT (period_id, concept) DO UPDATE SET value = EXCLUDED.value, source_id = EXCLUDED.source_id;
INSERT INTO financial_period (company_id, period_label, period_type, fiscal_year, fiscal_quarter, currency, unit, report_date, source_id) VALUES ('hartalega', 'Q4 FY15', 'quarter', 2015, 4, 'MYR', 'MYR millions', '2015-03-31', 'glove-tracker-hartalega') ON CONFLICT (company_id, period_label) DO UPDATE SET period_type = EXCLUDED.period_type, fiscal_year = EXCLUDED.fiscal_year, fiscal_quarter = EXCLUDED.fiscal_quarter, currency = EXCLUDED.currency, unit = EXCLUDED.unit, report_date = EXCLUDED.report_date, source_id = EXCLUDED.source_id;
INSERT INTO financial_fact (period_id, concept, value, source_id)
SELECT p.id, v.concept, v.value, 'glove-tracker-hartalega'
FROM financial_period p
JOIN (VALUES ('Revenue', 305.1::double precision), ('NetIncome', 54.9::double precision)) AS v(concept, value) ON true
WHERE p.company_id = 'hartalega' AND p.period_label = 'Q4 FY15'
ON CONFLICT (period_id, concept) DO UPDATE SET value = EXCLUDED.value, source_id = EXCLUDED.source_id;
INSERT INTO financial_period (company_id, period_label, period_type, fiscal_year, fiscal_quarter, currency, unit, report_date, source_id) VALUES ('hartalega', 'Q1 FY16', 'quarter', 2016, 1, 'MYR', 'MYR millions', '2015-06-30', 'glove-tracker-hartalega') ON CONFLICT (company_id, period_label) DO UPDATE SET period_type = EXCLUDED.period_type, fiscal_year = EXCLUDED.fiscal_year, fiscal_quarter = EXCLUDED.fiscal_quarter, currency = EXCLUDED.currency, unit = EXCLUDED.unit, report_date = EXCLUDED.report_date, source_id = EXCLUDED.source_id;
INSERT INTO financial_fact (period_id, concept, value, source_id)
SELECT p.id, v.concept, v.value, 'glove-tracker-hartalega'
FROM financial_period p
JOIN (VALUES ('Revenue', 320.5::double precision), ('NetIncome', 62.7::double precision)) AS v(concept, value) ON true
WHERE p.company_id = 'hartalega' AND p.period_label = 'Q1 FY16'
ON CONFLICT (period_id, concept) DO UPDATE SET value = EXCLUDED.value, source_id = EXCLUDED.source_id;
INSERT INTO financial_period (company_id, period_label, period_type, fiscal_year, fiscal_quarter, currency, unit, report_date, source_id) VALUES ('hartalega', 'Q2 FY16', 'quarter', 2016, 2, 'MYR', 'MYR millions', '2015-09-30', 'glove-tracker-hartalega') ON CONFLICT (company_id, period_label) DO UPDATE SET period_type = EXCLUDED.period_type, fiscal_year = EXCLUDED.fiscal_year, fiscal_quarter = EXCLUDED.fiscal_quarter, currency = EXCLUDED.currency, unit = EXCLUDED.unit, report_date = EXCLUDED.report_date, source_id = EXCLUDED.source_id;
INSERT INTO financial_fact (period_id, concept, value, source_id)
SELECT p.id, v.concept, v.value, 'glove-tracker-hartalega'
FROM financial_period p
JOIN (VALUES ('Revenue', 379.3::double precision), ('NetIncome', 60.4::double precision)) AS v(concept, value) ON true
WHERE p.company_id = 'hartalega' AND p.period_label = 'Q2 FY16'
ON CONFLICT (period_id, concept) DO UPDATE SET value = EXCLUDED.value, source_id = EXCLUDED.source_id;
INSERT INTO financial_period (company_id, period_label, period_type, fiscal_year, fiscal_quarter, currency, unit, report_date, source_id) VALUES ('hartalega', 'Q3 FY16', 'quarter', 2016, 3, 'MYR', 'MYR millions', '2015-12-31', 'glove-tracker-hartalega') ON CONFLICT (company_id, period_label) DO UPDATE SET period_type = EXCLUDED.period_type, fiscal_year = EXCLUDED.fiscal_year, fiscal_quarter = EXCLUDED.fiscal_quarter, currency = EXCLUDED.currency, unit = EXCLUDED.unit, report_date = EXCLUDED.report_date, source_id = EXCLUDED.source_id;
INSERT INTO financial_fact (period_id, concept, value, source_id)
SELECT p.id, v.concept, v.value, 'glove-tracker-hartalega'
FROM financial_period p
JOIN (VALUES ('Revenue', 398::double precision), ('NetIncome', 72.8::double precision)) AS v(concept, value) ON true
WHERE p.company_id = 'hartalega' AND p.period_label = 'Q3 FY16'
ON CONFLICT (period_id, concept) DO UPDATE SET value = EXCLUDED.value, source_id = EXCLUDED.source_id;
INSERT INTO financial_period (company_id, period_label, period_type, fiscal_year, fiscal_quarter, currency, unit, report_date, source_id) VALUES ('hartalega', 'Q4 FY16', 'quarter', 2016, 4, 'MYR', 'MYR millions', '2016-03-31', 'glove-tracker-hartalega') ON CONFLICT (company_id, period_label) DO UPDATE SET period_type = EXCLUDED.period_type, fiscal_year = EXCLUDED.fiscal_year, fiscal_quarter = EXCLUDED.fiscal_quarter, currency = EXCLUDED.currency, unit = EXCLUDED.unit, report_date = EXCLUDED.report_date, source_id = EXCLUDED.source_id;
INSERT INTO financial_fact (period_id, concept, value, source_id)
SELECT p.id, v.concept, v.value, 'glove-tracker-hartalega'
FROM financial_period p
JOIN (VALUES ('Revenue', 400.4::double precision), ('NetIncome', 61.7::double precision)) AS v(concept, value) ON true
WHERE p.company_id = 'hartalega' AND p.period_label = 'Q4 FY16'
ON CONFLICT (period_id, concept) DO UPDATE SET value = EXCLUDED.value, source_id = EXCLUDED.source_id;
INSERT INTO financial_period (company_id, period_label, period_type, fiscal_year, fiscal_quarter, currency, unit, report_date, source_id) VALUES ('hartalega', 'Q1 FY17', 'quarter', 2017, 1, 'MYR', 'MYR millions', '2016-06-30', 'glove-tracker-hartalega') ON CONFLICT (company_id, period_label) DO UPDATE SET period_type = EXCLUDED.period_type, fiscal_year = EXCLUDED.fiscal_year, fiscal_quarter = EXCLUDED.fiscal_quarter, currency = EXCLUDED.currency, unit = EXCLUDED.unit, report_date = EXCLUDED.report_date, source_id = EXCLUDED.source_id;
INSERT INTO financial_fact (period_id, concept, value, source_id)
SELECT p.id, v.concept, v.value, 'glove-tracker-hartalega'
FROM financial_period p
JOIN (VALUES ('Revenue', 401.8::double precision), ('NetIncome', 56.2::double precision)) AS v(concept, value) ON true
WHERE p.company_id = 'hartalega' AND p.period_label = 'Q1 FY17'
ON CONFLICT (period_id, concept) DO UPDATE SET value = EXCLUDED.value, source_id = EXCLUDED.source_id;
INSERT INTO financial_period (company_id, period_label, period_type, fiscal_year, fiscal_quarter, currency, unit, report_date, source_id) VALUES ('hartalega', 'Q2 FY17', 'quarter', 2017, 2, 'MYR', 'MYR millions', '2016-09-30', 'glove-tracker-hartalega') ON CONFLICT (company_id, period_label) DO UPDATE SET period_type = EXCLUDED.period_type, fiscal_year = EXCLUDED.fiscal_year, fiscal_quarter = EXCLUDED.fiscal_quarter, currency = EXCLUDED.currency, unit = EXCLUDED.unit, report_date = EXCLUDED.report_date, source_id = EXCLUDED.source_id;
INSERT INTO financial_fact (period_id, concept, value, source_id)
SELECT p.id, v.concept, v.value, 'glove-tracker-hartalega'
FROM financial_period p
JOIN (VALUES ('Revenue', 437::double precision), ('NetIncome', 71.2::double precision)) AS v(concept, value) ON true
WHERE p.company_id = 'hartalega' AND p.period_label = 'Q2 FY17'
ON CONFLICT (period_id, concept) DO UPDATE SET value = EXCLUDED.value, source_id = EXCLUDED.source_id;
INSERT INTO financial_period (company_id, period_label, period_type, fiscal_year, fiscal_quarter, currency, unit, report_date, source_id) VALUES ('hartalega', 'Q3 FY17', 'quarter', 2017, 3, 'MYR', 'MYR millions', '2016-12-31', 'glove-tracker-hartalega') ON CONFLICT (company_id, period_label) DO UPDATE SET period_type = EXCLUDED.period_type, fiscal_year = EXCLUDED.fiscal_year, fiscal_quarter = EXCLUDED.fiscal_quarter, currency = EXCLUDED.currency, unit = EXCLUDED.unit, report_date = EXCLUDED.report_date, source_id = EXCLUDED.source_id;
INSERT INTO financial_fact (period_id, concept, value, source_id)
SELECT p.id, v.concept, v.value, 'glove-tracker-hartalega'
FROM financial_period p
JOIN (VALUES ('Revenue', 456.3::double precision), ('NetIncome', 66.2::double precision)) AS v(concept, value) ON true
WHERE p.company_id = 'hartalega' AND p.period_label = 'Q3 FY17'
ON CONFLICT (period_id, concept) DO UPDATE SET value = EXCLUDED.value, source_id = EXCLUDED.source_id;
INSERT INTO financial_period (company_id, period_label, period_type, fiscal_year, fiscal_quarter, currency, unit, report_date, source_id) VALUES ('hartalega', 'Q4 FY17', 'quarter', 2017, 4, 'MYR', 'MYR millions', '2017-03-31', 'glove-tracker-hartalega') ON CONFLICT (company_id, period_label) DO UPDATE SET period_type = EXCLUDED.period_type, fiscal_year = EXCLUDED.fiscal_year, fiscal_quarter = EXCLUDED.fiscal_quarter, currency = EXCLUDED.currency, unit = EXCLUDED.unit, report_date = EXCLUDED.report_date, source_id = EXCLUDED.source_id;
INSERT INTO financial_fact (period_id, concept, value, source_id)
SELECT p.id, v.concept, v.value, 'glove-tracker-hartalega'
FROM financial_period p
JOIN (VALUES ('Revenue', 527::double precision), ('NetIncome', 89.4::double precision)) AS v(concept, value) ON true
WHERE p.company_id = 'hartalega' AND p.period_label = 'Q4 FY17'
ON CONFLICT (period_id, concept) DO UPDATE SET value = EXCLUDED.value, source_id = EXCLUDED.source_id;
INSERT INTO financial_period (company_id, period_label, period_type, fiscal_year, fiscal_quarter, currency, unit, report_date, source_id) VALUES ('hartalega', 'Q1 FY18', 'quarter', 2018, 1, 'MYR', 'MYR millions', '2017-06-30', 'glove-tracker-hartalega') ON CONFLICT (company_id, period_label) DO UPDATE SET period_type = EXCLUDED.period_type, fiscal_year = EXCLUDED.fiscal_year, fiscal_quarter = EXCLUDED.fiscal_quarter, currency = EXCLUDED.currency, unit = EXCLUDED.unit, report_date = EXCLUDED.report_date, source_id = EXCLUDED.source_id;
INSERT INTO financial_fact (period_id, concept, value, source_id)
SELECT p.id, v.concept, v.value, 'glove-tracker-hartalega'
FROM financial_period p
JOIN (VALUES ('Revenue', 601::double precision), ('NetIncome', 96.4::double precision)) AS v(concept, value) ON true
WHERE p.company_id = 'hartalega' AND p.period_label = 'Q1 FY18'
ON CONFLICT (period_id, concept) DO UPDATE SET value = EXCLUDED.value, source_id = EXCLUDED.source_id;
INSERT INTO financial_period (company_id, period_label, period_type, fiscal_year, fiscal_quarter, currency, unit, report_date, source_id) VALUES ('hartalega', 'Q2 FY18', 'quarter', 2018, 2, 'MYR', 'MYR millions', '2017-09-30', 'glove-tracker-hartalega') ON CONFLICT (company_id, period_label) DO UPDATE SET period_type = EXCLUDED.period_type, fiscal_year = EXCLUDED.fiscal_year, fiscal_quarter = EXCLUDED.fiscal_quarter, currency = EXCLUDED.currency, unit = EXCLUDED.unit, report_date = EXCLUDED.report_date, source_id = EXCLUDED.source_id;
INSERT INTO financial_fact (period_id, concept, value, source_id)
SELECT p.id, v.concept, v.value, 'glove-tracker-hartalega'
FROM financial_period p
JOIN (VALUES ('Revenue', 584.6::double precision), ('NetIncome', 113.3::double precision)) AS v(concept, value) ON true
WHERE p.company_id = 'hartalega' AND p.period_label = 'Q2 FY18'
ON CONFLICT (period_id, concept) DO UPDATE SET value = EXCLUDED.value, source_id = EXCLUDED.source_id;
INSERT INTO financial_period (company_id, period_label, period_type, fiscal_year, fiscal_quarter, currency, unit, report_date, source_id) VALUES ('hartalega', 'Q3 FY18', 'quarter', 2018, 3, 'MYR', 'MYR millions', '2017-12-31', 'glove-tracker-hartalega') ON CONFLICT (company_id, period_label) DO UPDATE SET period_type = EXCLUDED.period_type, fiscal_year = EXCLUDED.fiscal_year, fiscal_quarter = EXCLUDED.fiscal_quarter, currency = EXCLUDED.currency, unit = EXCLUDED.unit, report_date = EXCLUDED.report_date, source_id = EXCLUDED.source_id;
INSERT INTO financial_fact (period_id, concept, value, source_id)
SELECT p.id, v.concept, v.value, 'glove-tracker-hartalega'
FROM financial_period p
JOIN (VALUES ('Revenue', 603.1::double precision), ('NetIncome', 113::double precision)) AS v(concept, value) ON true
WHERE p.company_id = 'hartalega' AND p.period_label = 'Q3 FY18'
ON CONFLICT (period_id, concept) DO UPDATE SET value = EXCLUDED.value, source_id = EXCLUDED.source_id;
INSERT INTO financial_period (company_id, period_label, period_type, fiscal_year, fiscal_quarter, currency, unit, report_date, source_id) VALUES ('hartalega', 'Q4 FY18', 'quarter', 2018, 4, 'MYR', 'MYR millions', '2018-03-31', 'glove-tracker-hartalega') ON CONFLICT (company_id, period_label) DO UPDATE SET period_type = EXCLUDED.period_type, fiscal_year = EXCLUDED.fiscal_year, fiscal_quarter = EXCLUDED.fiscal_quarter, currency = EXCLUDED.currency, unit = EXCLUDED.unit, report_date = EXCLUDED.report_date, source_id = EXCLUDED.source_id;
INSERT INTO financial_fact (period_id, concept, value, source_id)
SELECT p.id, v.concept, v.value, 'glove-tracker-hartalega'
FROM financial_period p
JOIN (VALUES ('Revenue', 616.8::double precision), ('NetIncome', 116.6::double precision)) AS v(concept, value) ON true
WHERE p.company_id = 'hartalega' AND p.period_label = 'Q4 FY18'
ON CONFLICT (period_id, concept) DO UPDATE SET value = EXCLUDED.value, source_id = EXCLUDED.source_id;
INSERT INTO financial_period (company_id, period_label, period_type, fiscal_year, fiscal_quarter, currency, unit, report_date, source_id) VALUES ('hartalega', 'Q1 FY19', 'quarter', 2019, 1, 'MYR', 'MYR millions', '2018-06-30', 'glove-tracker-hartalega') ON CONFLICT (company_id, period_label) DO UPDATE SET period_type = EXCLUDED.period_type, fiscal_year = EXCLUDED.fiscal_year, fiscal_quarter = EXCLUDED.fiscal_quarter, currency = EXCLUDED.currency, unit = EXCLUDED.unit, report_date = EXCLUDED.report_date, source_id = EXCLUDED.source_id;
INSERT INTO financial_fact (period_id, concept, value, source_id)
SELECT p.id, v.concept, v.value, 'glove-tracker-hartalega'
FROM financial_period p
JOIN (VALUES ('Revenue', 706.4::double precision), ('NetIncome', 124.9::double precision)) AS v(concept, value) ON true
WHERE p.company_id = 'hartalega' AND p.period_label = 'Q1 FY19'
ON CONFLICT (period_id, concept) DO UPDATE SET value = EXCLUDED.value, source_id = EXCLUDED.source_id;
INSERT INTO financial_period (company_id, period_label, period_type, fiscal_year, fiscal_quarter, currency, unit, report_date, source_id) VALUES ('hartalega', 'Q2 FY19', 'quarter', 2019, 2, 'MYR', 'MYR millions', '2018-09-30', 'glove-tracker-hartalega') ON CONFLICT (company_id, period_label) DO UPDATE SET period_type = EXCLUDED.period_type, fiscal_year = EXCLUDED.fiscal_year, fiscal_quarter = EXCLUDED.fiscal_quarter, currency = EXCLUDED.currency, unit = EXCLUDED.unit, report_date = EXCLUDED.report_date, source_id = EXCLUDED.source_id;
INSERT INTO financial_fact (period_id, concept, value, source_id)
SELECT p.id, v.concept, v.value, 'glove-tracker-hartalega'
FROM financial_period p
JOIN (VALUES ('Revenue', 714.2::double precision), ('NetIncome', 120.2::double precision)) AS v(concept, value) ON true
WHERE p.company_id = 'hartalega' AND p.period_label = 'Q2 FY19'
ON CONFLICT (period_id, concept) DO UPDATE SET value = EXCLUDED.value, source_id = EXCLUDED.source_id;
INSERT INTO financial_period (company_id, period_label, period_type, fiscal_year, fiscal_quarter, currency, unit, report_date, source_id) VALUES ('hartalega', 'Q3 FY19', 'quarter', 2019, 3, 'MYR', 'MYR millions', '2018-12-31', 'glove-tracker-hartalega') ON CONFLICT (company_id, period_label) DO UPDATE SET period_type = EXCLUDED.period_type, fiscal_year = EXCLUDED.fiscal_year, fiscal_quarter = EXCLUDED.fiscal_quarter, currency = EXCLUDED.currency, unit = EXCLUDED.unit, report_date = EXCLUDED.report_date, source_id = EXCLUDED.source_id;
INSERT INTO financial_fact (period_id, concept, value, source_id)
SELECT p.id, v.concept, v.value, 'glove-tracker-hartalega'
FROM financial_period p
JOIN (VALUES ('Revenue', 723.4::double precision), ('NetIncome', 119.8::double precision)) AS v(concept, value) ON true
WHERE p.company_id = 'hartalega' AND p.period_label = 'Q3 FY19'
ON CONFLICT (period_id, concept) DO UPDATE SET value = EXCLUDED.value, source_id = EXCLUDED.source_id;
INSERT INTO financial_period (company_id, period_label, period_type, fiscal_year, fiscal_quarter, currency, unit, report_date, source_id) VALUES ('hartalega', 'Q4 FY19', 'quarter', 2019, 4, 'MYR', 'MYR millions', '2019-03-31', 'glove-tracker-hartalega') ON CONFLICT (company_id, period_label) DO UPDATE SET period_type = EXCLUDED.period_type, fiscal_year = EXCLUDED.fiscal_year, fiscal_quarter = EXCLUDED.fiscal_quarter, currency = EXCLUDED.currency, unit = EXCLUDED.unit, report_date = EXCLUDED.report_date, source_id = EXCLUDED.source_id;
INSERT INTO financial_fact (period_id, concept, value, source_id)
SELECT p.id, v.concept, v.value, 'glove-tracker-hartalega'
FROM financial_period p
JOIN (VALUES ('Revenue', 683.9::double precision), ('NetIncome', 91.4::double precision)) AS v(concept, value) ON true
WHERE p.company_id = 'hartalega' AND p.period_label = 'Q4 FY19'
ON CONFLICT (period_id, concept) DO UPDATE SET value = EXCLUDED.value, source_id = EXCLUDED.source_id;
INSERT INTO financial_period (company_id, period_label, period_type, fiscal_year, fiscal_quarter, currency, unit, report_date, source_id) VALUES ('hartalega', 'Q1 FY20', 'quarter', 2020, 1, 'MYR', 'MYR millions', '2019-06-30', 'glove-tracker-hartalega') ON CONFLICT (company_id, period_label) DO UPDATE SET period_type = EXCLUDED.period_type, fiscal_year = EXCLUDED.fiscal_year, fiscal_quarter = EXCLUDED.fiscal_quarter, currency = EXCLUDED.currency, unit = EXCLUDED.unit, report_date = EXCLUDED.report_date, source_id = EXCLUDED.source_id;
INSERT INTO financial_fact (period_id, concept, value, source_id)
SELECT p.id, v.concept, v.value, 'glove-tracker-hartalega'
FROM financial_period p
JOIN (VALUES ('Revenue', 640.1::double precision), ('NetIncome', 94.1::double precision)) AS v(concept, value) ON true
WHERE p.company_id = 'hartalega' AND p.period_label = 'Q1 FY20'
ON CONFLICT (period_id, concept) DO UPDATE SET value = EXCLUDED.value, source_id = EXCLUDED.source_id;
INSERT INTO financial_period (company_id, period_label, period_type, fiscal_year, fiscal_quarter, currency, unit, report_date, source_id) VALUES ('hartalega', 'Q2 FY20', 'quarter', 2020, 2, 'MYR', 'MYR millions', '2019-09-30', 'glove-tracker-hartalega') ON CONFLICT (company_id, period_label) DO UPDATE SET period_type = EXCLUDED.period_type, fiscal_year = EXCLUDED.fiscal_year, fiscal_quarter = EXCLUDED.fiscal_quarter, currency = EXCLUDED.currency, unit = EXCLUDED.unit, report_date = EXCLUDED.report_date, source_id = EXCLUDED.source_id;
INSERT INTO financial_fact (period_id, concept, value, source_id)
SELECT p.id, v.concept, v.value, 'glove-tracker-hartalega'
FROM financial_period p
JOIN (VALUES ('Revenue', 709.4::double precision), ('NetIncome', 103.9::double precision)) AS v(concept, value) ON true
WHERE p.company_id = 'hartalega' AND p.period_label = 'Q2 FY20'
ON CONFLICT (period_id, concept) DO UPDATE SET value = EXCLUDED.value, source_id = EXCLUDED.source_id;
INSERT INTO financial_period (company_id, period_label, period_type, fiscal_year, fiscal_quarter, currency, unit, report_date, source_id) VALUES ('hartalega', 'Q3 FY20', 'quarter', 2020, 3, 'MYR', 'MYR millions', '2019-12-31', 'glove-tracker-hartalega') ON CONFLICT (company_id, period_label) DO UPDATE SET period_type = EXCLUDED.period_type, fiscal_year = EXCLUDED.fiscal_year, fiscal_quarter = EXCLUDED.fiscal_quarter, currency = EXCLUDED.currency, unit = EXCLUDED.unit, report_date = EXCLUDED.report_date, source_id = EXCLUDED.source_id;
INSERT INTO financial_fact (period_id, concept, value, source_id)
SELECT p.id, v.concept, v.value, 'glove-tracker-hartalega'
FROM financial_period p
JOIN (VALUES ('Revenue', 796.6::double precision), ('NetIncome', 121.3::double precision)) AS v(concept, value) ON true
WHERE p.company_id = 'hartalega' AND p.period_label = 'Q3 FY20'
ON CONFLICT (period_id, concept) DO UPDATE SET value = EXCLUDED.value, source_id = EXCLUDED.source_id;
INSERT INTO financial_period (company_id, period_label, period_type, fiscal_year, fiscal_quarter, currency, unit, report_date, source_id) VALUES ('hartalega', 'Q4 FY20', 'quarter', 2020, 4, 'MYR', 'MYR millions', '2020-03-31', 'glove-tracker-hartalega') ON CONFLICT (company_id, period_label) DO UPDATE SET period_type = EXCLUDED.period_type, fiscal_year = EXCLUDED.fiscal_year, fiscal_quarter = EXCLUDED.fiscal_quarter, currency = EXCLUDED.currency, unit = EXCLUDED.unit, report_date = EXCLUDED.report_date, source_id = EXCLUDED.source_id;
INSERT INTO financial_fact (period_id, concept, value, source_id)
SELECT p.id, v.concept, v.value, 'glove-tracker-hartalega'
FROM financial_period p
JOIN (VALUES ('Revenue', 777.9::double precision), ('NetIncome', 115.6::double precision)) AS v(concept, value) ON true
WHERE p.company_id = 'hartalega' AND p.period_label = 'Q4 FY20'
ON CONFLICT (period_id, concept) DO UPDATE SET value = EXCLUDED.value, source_id = EXCLUDED.source_id;
INSERT INTO financial_period (company_id, period_label, period_type, fiscal_year, fiscal_quarter, currency, unit, report_date, source_id) VALUES ('hartalega', 'Q1 FY21', 'quarter', 2021, 1, 'MYR', 'MYR millions', '2020-06-30', 'glove-tracker-hartalega') ON CONFLICT (company_id, period_label) DO UPDATE SET period_type = EXCLUDED.period_type, fiscal_year = EXCLUDED.fiscal_year, fiscal_quarter = EXCLUDED.fiscal_quarter, currency = EXCLUDED.currency, unit = EXCLUDED.unit, report_date = EXCLUDED.report_date, source_id = EXCLUDED.source_id;
INSERT INTO financial_fact (period_id, concept, value, source_id)
SELECT p.id, v.concept, v.value, 'glove-tracker-hartalega'
FROM financial_period p
JOIN (VALUES ('Revenue', 920.1::double precision), ('NetIncome', 219.7::double precision)) AS v(concept, value) ON true
WHERE p.company_id = 'hartalega' AND p.period_label = 'Q1 FY21'
ON CONFLICT (period_id, concept) DO UPDATE SET value = EXCLUDED.value, source_id = EXCLUDED.source_id;
INSERT INTO financial_period (company_id, period_label, period_type, fiscal_year, fiscal_quarter, currency, unit, report_date, source_id) VALUES ('hartalega', 'Q2 FY21', 'quarter', 2021, 2, 'MYR', 'MYR millions', '2020-09-30', 'glove-tracker-hartalega') ON CONFLICT (company_id, period_label) DO UPDATE SET period_type = EXCLUDED.period_type, fiscal_year = EXCLUDED.fiscal_year, fiscal_quarter = EXCLUDED.fiscal_quarter, currency = EXCLUDED.currency, unit = EXCLUDED.unit, report_date = EXCLUDED.report_date, source_id = EXCLUDED.source_id;
INSERT INTO financial_fact (period_id, concept, value, source_id)
SELECT p.id, v.concept, v.value, 'glove-tracker-hartalega'
FROM financial_period p
JOIN (VALUES ('Revenue', 1300::double precision), ('NetIncome', 545::double precision)) AS v(concept, value) ON true
WHERE p.company_id = 'hartalega' AND p.period_label = 'Q2 FY21'
ON CONFLICT (period_id, concept) DO UPDATE SET value = EXCLUDED.value, source_id = EXCLUDED.source_id;
INSERT INTO financial_period (company_id, period_label, period_type, fiscal_year, fiscal_quarter, currency, unit, report_date, source_id) VALUES ('hartalega', 'Q3 FY21', 'quarter', 2021, 3, 'MYR', 'MYR millions', '2020-12-31', 'glove-tracker-hartalega') ON CONFLICT (company_id, period_label) DO UPDATE SET period_type = EXCLUDED.period_type, fiscal_year = EXCLUDED.fiscal_year, fiscal_quarter = EXCLUDED.fiscal_quarter, currency = EXCLUDED.currency, unit = EXCLUDED.unit, report_date = EXCLUDED.report_date, source_id = EXCLUDED.source_id;
INSERT INTO financial_fact (period_id, concept, value, source_id)
SELECT p.id, v.concept, v.value, 'glove-tracker-hartalega'
FROM financial_period p
JOIN (VALUES ('Revenue', 2100::double precision), ('NetIncome', 1000::double precision)) AS v(concept, value) ON true
WHERE p.company_id = 'hartalega' AND p.period_label = 'Q3 FY21'
ON CONFLICT (period_id, concept) DO UPDATE SET value = EXCLUDED.value, source_id = EXCLUDED.source_id;
INSERT INTO financial_period (company_id, period_label, period_type, fiscal_year, fiscal_quarter, currency, unit, report_date, source_id) VALUES ('hartalega', 'Q4 FY21', 'quarter', 2021, 4, 'MYR', 'MYR millions', '2021-03-31', 'glove-tracker-hartalega') ON CONFLICT (company_id, period_label) DO UPDATE SET period_type = EXCLUDED.period_type, fiscal_year = EXCLUDED.fiscal_year, fiscal_quarter = EXCLUDED.fiscal_quarter, currency = EXCLUDED.currency, unit = EXCLUDED.unit, report_date = EXCLUDED.report_date, source_id = EXCLUDED.source_id;
INSERT INTO financial_fact (period_id, concept, value, source_id)
SELECT p.id, v.concept, v.value, 'glove-tracker-hartalega'
FROM financial_period p
JOIN (VALUES ('Revenue', 2300::double precision), ('NetIncome', 1100::double precision)) AS v(concept, value) ON true
WHERE p.company_id = 'hartalega' AND p.period_label = 'Q4 FY21'
ON CONFLICT (period_id, concept) DO UPDATE SET value = EXCLUDED.value, source_id = EXCLUDED.source_id;
INSERT INTO financial_period (company_id, period_label, period_type, fiscal_year, fiscal_quarter, currency, unit, report_date, source_id) VALUES ('hartalega', 'Q1 FY22', 'quarter', 2022, 1, 'MYR', 'MYR millions', '2021-06-30', 'glove-tracker-hartalega') ON CONFLICT (company_id, period_label) DO UPDATE SET period_type = EXCLUDED.period_type, fiscal_year = EXCLUDED.fiscal_year, fiscal_quarter = EXCLUDED.fiscal_quarter, currency = EXCLUDED.currency, unit = EXCLUDED.unit, report_date = EXCLUDED.report_date, source_id = EXCLUDED.source_id;
INSERT INTO financial_fact (period_id, concept, value, source_id)
SELECT p.id, v.concept, v.value, 'glove-tracker-hartalega'
FROM financial_period p
JOIN (VALUES ('Revenue', 3900::double precision), ('NetIncome', 2300::double precision)) AS v(concept, value) ON true
WHERE p.company_id = 'hartalega' AND p.period_label = 'Q1 FY22'
ON CONFLICT (period_id, concept) DO UPDATE SET value = EXCLUDED.value, source_id = EXCLUDED.source_id;
INSERT INTO financial_period (company_id, period_label, period_type, fiscal_year, fiscal_quarter, currency, unit, report_date, source_id) VALUES ('hartalega', 'Q2 FY22', 'quarter', 2022, 2, 'MYR', 'MYR millions', '2021-09-30', 'glove-tracker-hartalega') ON CONFLICT (company_id, period_label) DO UPDATE SET period_type = EXCLUDED.period_type, fiscal_year = EXCLUDED.fiscal_year, fiscal_quarter = EXCLUDED.fiscal_quarter, currency = EXCLUDED.currency, unit = EXCLUDED.unit, report_date = EXCLUDED.report_date, source_id = EXCLUDED.source_id;
INSERT INTO financial_fact (period_id, concept, value, source_id)
SELECT p.id, v.concept, v.value, 'glove-tracker-hartalega'
FROM financial_period p
JOIN (VALUES ('Revenue', 2000::double precision), ('NetIncome', 914::double precision)) AS v(concept, value) ON true
WHERE p.company_id = 'hartalega' AND p.period_label = 'Q2 FY22'
ON CONFLICT (period_id, concept) DO UPDATE SET value = EXCLUDED.value, source_id = EXCLUDED.source_id;
INSERT INTO financial_period (company_id, period_label, period_type, fiscal_year, fiscal_quarter, currency, unit, report_date, source_id) VALUES ('hartalega', 'Q3 FY22', 'quarter', 2022, 3, 'MYR', 'MYR millions', '2021-12-31', 'glove-tracker-hartalega') ON CONFLICT (company_id, period_label) DO UPDATE SET period_type = EXCLUDED.period_type, fiscal_year = EXCLUDED.fiscal_year, fiscal_quarter = EXCLUDED.fiscal_quarter, currency = EXCLUDED.currency, unit = EXCLUDED.unit, report_date = EXCLUDED.report_date, source_id = EXCLUDED.source_id;
INSERT INTO financial_fact (period_id, concept, value, source_id)
SELECT p.id, v.concept, v.value, 'glove-tracker-hartalega'
FROM financial_period p
JOIN (VALUES ('Revenue', 1000::double precision), ('NetIncome', 259.1::double precision)) AS v(concept, value) ON true
WHERE p.company_id = 'hartalega' AND p.period_label = 'Q3 FY22'
ON CONFLICT (period_id, concept) DO UPDATE SET value = EXCLUDED.value, source_id = EXCLUDED.source_id;
INSERT INTO financial_period (company_id, period_label, period_type, fiscal_year, fiscal_quarter, currency, unit, report_date, source_id) VALUES ('hartalega', 'Q4 FY22', 'quarter', 2022, 4, 'MYR', 'MYR millions', '2022-03-31', 'glove-tracker-hartalega') ON CONFLICT (company_id, period_label) DO UPDATE SET period_type = EXCLUDED.period_type, fiscal_year = EXCLUDED.fiscal_year, fiscal_quarter = EXCLUDED.fiscal_quarter, currency = EXCLUDED.currency, unit = EXCLUDED.unit, report_date = EXCLUDED.report_date, source_id = EXCLUDED.source_id;
INSERT INTO financial_fact (period_id, concept, value, source_id)
SELECT p.id, v.concept, v.value, 'glove-tracker-hartalega'
FROM financial_period p
JOIN (VALUES ('Revenue', 968.7::double precision), ('NetIncome', -197.9::double precision)) AS v(concept, value) ON true
WHERE p.company_id = 'hartalega' AND p.period_label = 'Q4 FY22'
ON CONFLICT (period_id, concept) DO UPDATE SET value = EXCLUDED.value, source_id = EXCLUDED.source_id;
INSERT INTO financial_period (company_id, period_label, period_type, fiscal_year, fiscal_quarter, currency, unit, report_date, source_id) VALUES ('hartalega', 'Q1 FY23', 'quarter', 2023, 1, 'MYR', 'MYR millions', '2022-06-30', 'glove-tracker-hartalega') ON CONFLICT (company_id, period_label) DO UPDATE SET period_type = EXCLUDED.period_type, fiscal_year = EXCLUDED.fiscal_year, fiscal_quarter = EXCLUDED.fiscal_quarter, currency = EXCLUDED.currency, unit = EXCLUDED.unit, report_date = EXCLUDED.report_date, source_id = EXCLUDED.source_id;
INSERT INTO financial_fact (period_id, concept, value, source_id)
SELECT p.id, v.concept, v.value, 'glove-tracker-hartalega'
FROM financial_period p
JOIN (VALUES ('Revenue', 845.7::double precision), ('NetIncome', 88.3::double precision)) AS v(concept, value) ON true
WHERE p.company_id = 'hartalega' AND p.period_label = 'Q1 FY23'
ON CONFLICT (period_id, concept) DO UPDATE SET value = EXCLUDED.value, source_id = EXCLUDED.source_id;
INSERT INTO financial_period (company_id, period_label, period_type, fiscal_year, fiscal_quarter, currency, unit, report_date, source_id) VALUES ('hartalega', 'Q2 FY23', 'quarter', 2023, 2, 'MYR', 'MYR millions', '2022-09-30', 'glove-tracker-hartalega') ON CONFLICT (company_id, period_label) DO UPDATE SET period_type = EXCLUDED.period_type, fiscal_year = EXCLUDED.fiscal_year, fiscal_quarter = EXCLUDED.fiscal_quarter, currency = EXCLUDED.currency, unit = EXCLUDED.unit, report_date = EXCLUDED.report_date, source_id = EXCLUDED.source_id;
INSERT INTO financial_fact (period_id, concept, value, source_id)
SELECT p.id, v.concept, v.value, 'glove-tracker-hartalega'
FROM financial_period p
JOIN (VALUES ('Revenue', 584.6::double precision), ('NetIncome', 28.3::double precision)) AS v(concept, value) ON true
WHERE p.company_id = 'hartalega' AND p.period_label = 'Q2 FY23'
ON CONFLICT (period_id, concept) DO UPDATE SET value = EXCLUDED.value, source_id = EXCLUDED.source_id;
INSERT INTO financial_period (company_id, period_label, period_type, fiscal_year, fiscal_quarter, currency, unit, report_date, source_id) VALUES ('hartalega', 'Q3 FY23', 'quarter', 2023, 3, 'MYR', 'MYR millions', '2022-12-31', 'glove-tracker-hartalega') ON CONFLICT (company_id, period_label) DO UPDATE SET period_type = EXCLUDED.period_type, fiscal_year = EXCLUDED.fiscal_year, fiscal_quarter = EXCLUDED.fiscal_quarter, currency = EXCLUDED.currency, unit = EXCLUDED.unit, report_date = EXCLUDED.report_date, source_id = EXCLUDED.source_id;
INSERT INTO financial_fact (period_id, concept, value, source_id)
SELECT p.id, v.concept, v.value, 'glove-tracker-hartalega'
FROM financial_period p
JOIN (VALUES ('Revenue', 461.8::double precision), ('NetIncome', -31.9::double precision)) AS v(concept, value) ON true
WHERE p.company_id = 'hartalega' AND p.period_label = 'Q3 FY23'
ON CONFLICT (period_id, concept) DO UPDATE SET value = EXCLUDED.value, source_id = EXCLUDED.source_id;
INSERT INTO financial_period (company_id, period_label, period_type, fiscal_year, fiscal_quarter, currency, unit, report_date, source_id) VALUES ('hartalega', 'Q4 FY23', 'quarter', 2023, 4, 'MYR', 'MYR millions', '2023-03-31', 'glove-tracker-hartalega') ON CONFLICT (company_id, period_label) DO UPDATE SET period_type = EXCLUDED.period_type, fiscal_year = EXCLUDED.fiscal_year, fiscal_quarter = EXCLUDED.fiscal_quarter, currency = EXCLUDED.currency, unit = EXCLUDED.unit, report_date = EXCLUDED.report_date, source_id = EXCLUDED.source_id;
INSERT INTO financial_fact (period_id, concept, value, source_id)
SELECT p.id, v.concept, v.value, 'glove-tracker-hartalega'
FROM financial_period p
JOIN (VALUES ('Revenue', 515.739::double precision), ('OperatingIncome', 15.217::double precision), ('NetIncome', -302.757::double precision)) AS v(concept, value) ON true
WHERE p.company_id = 'hartalega' AND p.period_label = 'Q4 FY23'
ON CONFLICT (period_id, concept) DO UPDATE SET value = EXCLUDED.value, source_id = EXCLUDED.source_id;
INSERT INTO financial_period (company_id, period_label, period_type, fiscal_year, fiscal_quarter, currency, unit, report_date, source_id) VALUES ('hartalega', 'Q1 FY24', 'quarter', 2024, 1, 'MYR', 'MYR millions', '2023-06-30', 'glove-tracker-hartalega') ON CONFLICT (company_id, period_label) DO UPDATE SET period_type = EXCLUDED.period_type, fiscal_year = EXCLUDED.fiscal_year, fiscal_quarter = EXCLUDED.fiscal_quarter, currency = EXCLUDED.currency, unit = EXCLUDED.unit, report_date = EXCLUDED.report_date, source_id = EXCLUDED.source_id;
INSERT INTO financial_fact (period_id, concept, value, source_id)
SELECT p.id, v.concept, v.value, 'glove-tracker-hartalega'
FROM financial_period p
JOIN (VALUES ('Revenue', 440.038::double precision), ('OperatingIncome', -19.298::double precision), ('NetIncome', -52.469::double precision)) AS v(concept, value) ON true
WHERE p.company_id = 'hartalega' AND p.period_label = 'Q1 FY24'
ON CONFLICT (period_id, concept) DO UPDATE SET value = EXCLUDED.value, source_id = EXCLUDED.source_id;
INSERT INTO financial_period (company_id, period_label, period_type, fiscal_year, fiscal_quarter, currency, unit, report_date, source_id) VALUES ('hartalega', 'Q2 FY24', 'quarter', 2024, 2, 'MYR', 'MYR millions', '2023-09-30', 'glove-tracker-hartalega') ON CONFLICT (company_id, period_label) DO UPDATE SET period_type = EXCLUDED.period_type, fiscal_year = EXCLUDED.fiscal_year, fiscal_quarter = EXCLUDED.fiscal_quarter, currency = EXCLUDED.currency, unit = EXCLUDED.unit, report_date = EXCLUDED.report_date, source_id = EXCLUDED.source_id;
INSERT INTO financial_fact (period_id, concept, value, source_id)
SELECT p.id, v.concept, v.value, 'glove-tracker-hartalega'
FROM financial_period p
JOIN (VALUES ('Revenue', 452.085::double precision), ('OperatingIncome', 15.922::double precision), ('NetIncome', 27.695::double precision)) AS v(concept, value) ON true
WHERE p.company_id = 'hartalega' AND p.period_label = 'Q2 FY24'
ON CONFLICT (period_id, concept) DO UPDATE SET value = EXCLUDED.value, source_id = EXCLUDED.source_id;
INSERT INTO financial_period (company_id, period_label, period_type, fiscal_year, fiscal_quarter, currency, unit, report_date, source_id) VALUES ('hartalega', 'Q3 FY24', 'quarter', 2024, 3, 'MYR', 'MYR millions', '2023-12-31', 'glove-tracker-hartalega') ON CONFLICT (company_id, period_label) DO UPDATE SET period_type = EXCLUDED.period_type, fiscal_year = EXCLUDED.fiscal_year, fiscal_quarter = EXCLUDED.fiscal_quarter, currency = EXCLUDED.currency, unit = EXCLUDED.unit, report_date = EXCLUDED.report_date, source_id = EXCLUDED.source_id;
INSERT INTO financial_fact (period_id, concept, value, source_id)
SELECT p.id, v.concept, v.value, 'glove-tracker-hartalega'
FROM financial_period p
JOIN (VALUES ('Revenue', 415.644::double precision), ('NetIncome', 22.38::double precision)) AS v(concept, value) ON true
WHERE p.company_id = 'hartalega' AND p.period_label = 'Q3 FY24'
ON CONFLICT (period_id, concept) DO UPDATE SET value = EXCLUDED.value, source_id = EXCLUDED.source_id;
INSERT INTO financial_period (company_id, period_label, period_type, fiscal_year, fiscal_quarter, currency, unit, report_date, source_id) VALUES ('hartalega', 'Q4 FY24', 'quarter', 2024, 4, 'MYR', 'MYR millions', '2024-03-31', 'glove-tracker-hartalega') ON CONFLICT (company_id, period_label) DO UPDATE SET period_type = EXCLUDED.period_type, fiscal_year = EXCLUDED.fiscal_year, fiscal_quarter = EXCLUDED.fiscal_quarter, currency = EXCLUDED.currency, unit = EXCLUDED.unit, report_date = EXCLUDED.report_date, source_id = EXCLUDED.source_id;
INSERT INTO financial_fact (period_id, concept, value, source_id)
SELECT p.id, v.concept, v.value, 'glove-tracker-hartalega'
FROM financial_period p
JOIN (VALUES ('Revenue', 529.83::double precision), ('OperatingIncome', -12.262::double precision), ('NetIncome', 15.116::double precision)) AS v(concept, value) ON true
WHERE p.company_id = 'hartalega' AND p.period_label = 'Q4 FY24'
ON CONFLICT (period_id, concept) DO UPDATE SET value = EXCLUDED.value, source_id = EXCLUDED.source_id;
INSERT INTO financial_period (company_id, period_label, period_type, fiscal_year, fiscal_quarter, currency, unit, report_date, source_id) VALUES ('hartalega', 'Q1 FY25', 'quarter', 2025, 1, 'MYR', 'MYR millions', '2024-06-30', 'glove-tracker-hartalega') ON CONFLICT (company_id, period_label) DO UPDATE SET period_type = EXCLUDED.period_type, fiscal_year = EXCLUDED.fiscal_year, fiscal_quarter = EXCLUDED.fiscal_quarter, currency = EXCLUDED.currency, unit = EXCLUDED.unit, report_date = EXCLUDED.report_date, source_id = EXCLUDED.source_id;
INSERT INTO financial_fact (period_id, concept, value, source_id)
SELECT p.id, v.concept, v.value, 'glove-tracker-hartalega'
FROM financial_period p
JOIN (VALUES ('Revenue', 583.839::double precision), ('OperatingIncome', 34.577::double precision), ('NetIncome', 31.926::double precision)) AS v(concept, value) ON true
WHERE p.company_id = 'hartalega' AND p.period_label = 'Q1 FY25'
ON CONFLICT (period_id, concept) DO UPDATE SET value = EXCLUDED.value, source_id = EXCLUDED.source_id;
INSERT INTO financial_period (company_id, period_label, period_type, fiscal_year, fiscal_quarter, currency, unit, report_date, source_id) VALUES ('hartalega', 'Q2 FY25', 'quarter', 2025, 2, 'MYR', 'MYR millions', '2024-09-30', 'glove-tracker-hartalega') ON CONFLICT (company_id, period_label) DO UPDATE SET period_type = EXCLUDED.period_type, fiscal_year = EXCLUDED.fiscal_year, fiscal_quarter = EXCLUDED.fiscal_quarter, currency = EXCLUDED.currency, unit = EXCLUDED.unit, report_date = EXCLUDED.report_date, source_id = EXCLUDED.source_id;
INSERT INTO financial_fact (period_id, concept, value, source_id)
SELECT p.id, v.concept, v.value, 'glove-tracker-hartalega'
FROM financial_period p
JOIN (VALUES ('Revenue', 652.071::double precision), ('NetIncome', 8.626::double precision)) AS v(concept, value) ON true
WHERE p.company_id = 'hartalega' AND p.period_label = 'Q2 FY25'
ON CONFLICT (period_id, concept) DO UPDATE SET value = EXCLUDED.value, source_id = EXCLUDED.source_id;
INSERT INTO financial_period (company_id, period_label, period_type, fiscal_year, fiscal_quarter, currency, unit, report_date, source_id) VALUES ('hartalega', 'Q3 FY25', 'quarter', 2025, 3, 'MYR', 'MYR millions', '2024-12-31', 'glove-tracker-hartalega') ON CONFLICT (company_id, period_label) DO UPDATE SET period_type = EXCLUDED.period_type, fiscal_year = EXCLUDED.fiscal_year, fiscal_quarter = EXCLUDED.fiscal_quarter, currency = EXCLUDED.currency, unit = EXCLUDED.unit, report_date = EXCLUDED.report_date, source_id = EXCLUDED.source_id;
INSERT INTO financial_fact (period_id, concept, value, source_id)
SELECT p.id, v.concept, v.value, 'glove-tracker-hartalega'
FROM financial_period p
JOIN (VALUES ('Revenue', 738.194::double precision), ('OperatingIncome', 35.685::double precision), ('NetIncome', 19.508::double precision)) AS v(concept, value) ON true
WHERE p.company_id = 'hartalega' AND p.period_label = 'Q3 FY25'
ON CONFLICT (period_id, concept) DO UPDATE SET value = EXCLUDED.value, source_id = EXCLUDED.source_id;
INSERT INTO financial_period (company_id, period_label, period_type, fiscal_year, fiscal_quarter, currency, unit, report_date, source_id) VALUES ('hartalega', 'Q4 FY25', 'quarter', 2025, 4, 'MYR', 'MYR millions', '2025-03-31', 'glove-tracker-hartalega') ON CONFLICT (company_id, period_label) DO UPDATE SET period_type = EXCLUDED.period_type, fiscal_year = EXCLUDED.fiscal_year, fiscal_quarter = EXCLUDED.fiscal_quarter, currency = EXCLUDED.currency, unit = EXCLUDED.unit, report_date = EXCLUDED.report_date, source_id = EXCLUDED.source_id;
INSERT INTO financial_fact (period_id, concept, value, source_id)
SELECT p.id, v.concept, v.value, 'glove-tracker-hartalega'
FROM financial_period p
JOIN (VALUES ('Revenue', 611.545::double precision), ('OperatingIncome', 9.608::double precision), ('NetIncome', 14.482::double precision)) AS v(concept, value) ON true
WHERE p.company_id = 'hartalega' AND p.period_label = 'Q4 FY25'
ON CONFLICT (period_id, concept) DO UPDATE SET value = EXCLUDED.value, source_id = EXCLUDED.source_id;
INSERT INTO financial_period (company_id, period_label, period_type, fiscal_year, fiscal_quarter, currency, unit, report_date, source_id) VALUES ('hartalega', 'Q1 FY26', 'quarter', 2026, 1, 'MYR', 'MYR millions', '2025-06-30', 'glove-tracker-hartalega') ON CONFLICT (company_id, period_label) DO UPDATE SET period_type = EXCLUDED.period_type, fiscal_year = EXCLUDED.fiscal_year, fiscal_quarter = EXCLUDED.fiscal_quarter, currency = EXCLUDED.currency, unit = EXCLUDED.unit, report_date = EXCLUDED.report_date, source_id = EXCLUDED.source_id;
INSERT INTO financial_fact (period_id, concept, value, source_id)
SELECT p.id, v.concept, v.value, 'glove-tracker-hartalega'
FROM financial_period p
JOIN (VALUES ('Revenue', 553.108::double precision), ('OperatingIncome', 7.708::double precision), ('NetIncome', 12.61::double precision)) AS v(concept, value) ON true
WHERE p.company_id = 'hartalega' AND p.period_label = 'Q1 FY26'
ON CONFLICT (period_id, concept) DO UPDATE SET value = EXCLUDED.value, source_id = EXCLUDED.source_id;
INSERT INTO financial_period (company_id, period_label, period_type, fiscal_year, fiscal_quarter, currency, unit, report_date, source_id) VALUES ('hartalega', 'Q2 FY26', 'quarter', 2026, 2, 'MYR', 'MYR millions', '2025-09-30', 'glove-tracker-hartalega') ON CONFLICT (company_id, period_label) DO UPDATE SET period_type = EXCLUDED.period_type, fiscal_year = EXCLUDED.fiscal_year, fiscal_quarter = EXCLUDED.fiscal_quarter, currency = EXCLUDED.currency, unit = EXCLUDED.unit, report_date = EXCLUDED.report_date, source_id = EXCLUDED.source_id;
INSERT INTO financial_fact (period_id, concept, value, source_id)
SELECT p.id, v.concept, v.value, 'glove-tracker-hartalega'
FROM financial_period p
JOIN (VALUES ('Revenue', 539.661::double precision), ('OperatingIncome', 13.738::double precision), ('NetIncome', 18.298::double precision)) AS v(concept, value) ON true
WHERE p.company_id = 'hartalega' AND p.period_label = 'Q2 FY26'
ON CONFLICT (period_id, concept) DO UPDATE SET value = EXCLUDED.value, source_id = EXCLUDED.source_id;
INSERT INTO financial_period (company_id, period_label, period_type, fiscal_year, fiscal_quarter, currency, unit, report_date, source_id) VALUES ('hartalega', 'Q3 FY26', 'quarter', 2026, 3, 'MYR', 'MYR millions', '2025-12-31', 'glove-tracker-hartalega') ON CONFLICT (company_id, period_label) DO UPDATE SET period_type = EXCLUDED.period_type, fiscal_year = EXCLUDED.fiscal_year, fiscal_quarter = EXCLUDED.fiscal_quarter, currency = EXCLUDED.currency, unit = EXCLUDED.unit, report_date = EXCLUDED.report_date, source_id = EXCLUDED.source_id;
INSERT INTO financial_fact (period_id, concept, value, source_id)
SELECT p.id, v.concept, v.value, 'glove-tracker-hartalega'
FROM financial_period p
JOIN (VALUES ('Revenue', 527.251::double precision), ('OperatingIncome', 36.296::double precision), ('NetIncome', 31.642::double precision)) AS v(concept, value) ON true
WHERE p.company_id = 'hartalega' AND p.period_label = 'Q3 FY26'
ON CONFLICT (period_id, concept) DO UPDATE SET value = EXCLUDED.value, source_id = EXCLUDED.source_id;
INSERT INTO financial_period (company_id, period_label, period_type, fiscal_year, fiscal_quarter, currency, unit, report_date, source_id) VALUES ('hartalega', 'FY09', 'annual', 2009, NULL, 'MYR', 'MYR millions', '2009-03-31', 'glove-tracker-hartalega') ON CONFLICT (company_id, period_label) DO UPDATE SET period_type = EXCLUDED.period_type, fiscal_year = EXCLUDED.fiscal_year, fiscal_quarter = EXCLUDED.fiscal_quarter, currency = EXCLUDED.currency, unit = EXCLUDED.unit, report_date = EXCLUDED.report_date, source_id = EXCLUDED.source_id;
INSERT INTO financial_fact (period_id, concept, value, source_id)
SELECT p.id, v.concept, v.value, 'glove-tracker-hartalega'
FROM financial_period p
JOIN (VALUES ('Revenue', 443.2::double precision), ('NetIncome', 84.5::double precision)) AS v(concept, value) ON true
WHERE p.company_id = 'hartalega' AND p.period_label = 'FY09'
ON CONFLICT (period_id, concept) DO UPDATE SET value = EXCLUDED.value, source_id = EXCLUDED.source_id;
INSERT INTO financial_period (company_id, period_label, period_type, fiscal_year, fiscal_quarter, currency, unit, report_date, source_id) VALUES ('hartalega', 'FY10', 'annual', 2010, NULL, 'MYR', 'MYR millions', '2010-03-31', 'glove-tracker-hartalega') ON CONFLICT (company_id, period_label) DO UPDATE SET period_type = EXCLUDED.period_type, fiscal_year = EXCLUDED.fiscal_year, fiscal_quarter = EXCLUDED.fiscal_quarter, currency = EXCLUDED.currency, unit = EXCLUDED.unit, report_date = EXCLUDED.report_date, source_id = EXCLUDED.source_id;
INSERT INTO financial_fact (period_id, concept, value, source_id)
SELECT p.id, v.concept, v.value, 'glove-tracker-hartalega'
FROM financial_period p
JOIN (VALUES ('Revenue', 571.9::double precision), ('NetIncome', 143.1::double precision)) AS v(concept, value) ON true
WHERE p.company_id = 'hartalega' AND p.period_label = 'FY10'
ON CONFLICT (period_id, concept) DO UPDATE SET value = EXCLUDED.value, source_id = EXCLUDED.source_id;
INSERT INTO financial_period (company_id, period_label, period_type, fiscal_year, fiscal_quarter, currency, unit, report_date, source_id) VALUES ('hartalega', 'FY11', 'annual', 2011, NULL, 'MYR', 'MYR millions', '2011-03-31', 'glove-tracker-hartalega') ON CONFLICT (company_id, period_label) DO UPDATE SET period_type = EXCLUDED.period_type, fiscal_year = EXCLUDED.fiscal_year, fiscal_quarter = EXCLUDED.fiscal_quarter, currency = EXCLUDED.currency, unit = EXCLUDED.unit, report_date = EXCLUDED.report_date, source_id = EXCLUDED.source_id;
INSERT INTO financial_fact (period_id, concept, value, source_id)
SELECT p.id, v.concept, v.value, 'glove-tracker-hartalega'
FROM financial_period p
JOIN (VALUES ('Revenue', 734.9::double precision), ('NetIncome', 190.2::double precision)) AS v(concept, value) ON true
WHERE p.company_id = 'hartalega' AND p.period_label = 'FY11'
ON CONFLICT (period_id, concept) DO UPDATE SET value = EXCLUDED.value, source_id = EXCLUDED.source_id;
INSERT INTO financial_period (company_id, period_label, period_type, fiscal_year, fiscal_quarter, currency, unit, report_date, source_id) VALUES ('hartalega', 'FY12', 'annual', 2012, NULL, 'MYR', 'MYR millions', '2012-03-31', 'glove-tracker-hartalega') ON CONFLICT (company_id, period_label) DO UPDATE SET period_type = EXCLUDED.period_type, fiscal_year = EXCLUDED.fiscal_year, fiscal_quarter = EXCLUDED.fiscal_quarter, currency = EXCLUDED.currency, unit = EXCLUDED.unit, report_date = EXCLUDED.report_date, source_id = EXCLUDED.source_id;
INSERT INTO financial_fact (period_id, concept, value, source_id)
SELECT p.id, v.concept, v.value, 'glove-tracker-hartalega'
FROM financial_period p
JOIN (VALUES ('Revenue', 931.1::double precision), ('NetIncome', 201.6::double precision)) AS v(concept, value) ON true
WHERE p.company_id = 'hartalega' AND p.period_label = 'FY12'
ON CONFLICT (period_id, concept) DO UPDATE SET value = EXCLUDED.value, source_id = EXCLUDED.source_id;
INSERT INTO financial_period (company_id, period_label, period_type, fiscal_year, fiscal_quarter, currency, unit, report_date, source_id) VALUES ('hartalega', 'FY13', 'annual', 2013, NULL, 'MYR', 'MYR millions', '2013-03-31', 'glove-tracker-hartalega') ON CONFLICT (company_id, period_label) DO UPDATE SET period_type = EXCLUDED.period_type, fiscal_year = EXCLUDED.fiscal_year, fiscal_quarter = EXCLUDED.fiscal_quarter, currency = EXCLUDED.currency, unit = EXCLUDED.unit, report_date = EXCLUDED.report_date, source_id = EXCLUDED.source_id;
INSERT INTO financial_fact (period_id, concept, value, source_id)
SELECT p.id, v.concept, v.value, 'glove-tracker-hartalega'
FROM financial_period p
JOIN (VALUES ('Revenue', 1032.1::double precision), ('NetIncome', 234.8::double precision)) AS v(concept, value) ON true
WHERE p.company_id = 'hartalega' AND p.period_label = 'FY13'
ON CONFLICT (period_id, concept) DO UPDATE SET value = EXCLUDED.value, source_id = EXCLUDED.source_id;
INSERT INTO financial_period (company_id, period_label, period_type, fiscal_year, fiscal_quarter, currency, unit, report_date, source_id) VALUES ('hartalega', 'FY14', 'annual', 2014, NULL, 'MYR', 'MYR millions', '2014-03-31', 'glove-tracker-hartalega') ON CONFLICT (company_id, period_label) DO UPDATE SET period_type = EXCLUDED.period_type, fiscal_year = EXCLUDED.fiscal_year, fiscal_quarter = EXCLUDED.fiscal_quarter, currency = EXCLUDED.currency, unit = EXCLUDED.unit, report_date = EXCLUDED.report_date, source_id = EXCLUDED.source_id;
INSERT INTO financial_fact (period_id, concept, value, source_id)
SELECT p.id, v.concept, v.value, 'glove-tracker-hartalega'
FROM financial_period p
JOIN (VALUES ('Revenue', 1107.2::double precision), ('NetIncome', 233.3::double precision)) AS v(concept, value) ON true
WHERE p.company_id = 'hartalega' AND p.period_label = 'FY14'
ON CONFLICT (period_id, concept) DO UPDATE SET value = EXCLUDED.value, source_id = EXCLUDED.source_id;
INSERT INTO financial_period (company_id, period_label, period_type, fiscal_year, fiscal_quarter, currency, unit, report_date, source_id) VALUES ('hartalega', 'FY15', 'annual', 2015, NULL, 'MYR', 'MYR millions', '2015-03-31', 'glove-tracker-hartalega') ON CONFLICT (company_id, period_label) DO UPDATE SET period_type = EXCLUDED.period_type, fiscal_year = EXCLUDED.fiscal_year, fiscal_quarter = EXCLUDED.fiscal_quarter, currency = EXCLUDED.currency, unit = EXCLUDED.unit, report_date = EXCLUDED.report_date, source_id = EXCLUDED.source_id;
INSERT INTO financial_fact (period_id, concept, value, source_id)
SELECT p.id, v.concept, v.value, 'glove-tracker-hartalega'
FROM financial_period p
JOIN (VALUES ('Revenue', 1145.9::double precision), ('NetIncome', 209.7::double precision)) AS v(concept, value) ON true
WHERE p.company_id = 'hartalega' AND p.period_label = 'FY15'
ON CONFLICT (period_id, concept) DO UPDATE SET value = EXCLUDED.value, source_id = EXCLUDED.source_id;
INSERT INTO financial_period (company_id, period_label, period_type, fiscal_year, fiscal_quarter, currency, unit, report_date, source_id) VALUES ('hartalega', 'FY16', 'annual', 2016, NULL, 'MYR', 'MYR millions', '2016-03-31', 'glove-tracker-hartalega') ON CONFLICT (company_id, period_label) DO UPDATE SET period_type = EXCLUDED.period_type, fiscal_year = EXCLUDED.fiscal_year, fiscal_quarter = EXCLUDED.fiscal_quarter, currency = EXCLUDED.currency, unit = EXCLUDED.unit, report_date = EXCLUDED.report_date, source_id = EXCLUDED.source_id;
INSERT INTO financial_fact (period_id, concept, value, source_id)
SELECT p.id, v.concept, v.value, 'glove-tracker-hartalega'
FROM financial_period p
JOIN (VALUES ('Revenue', 1498.2::double precision), ('NetIncome', 257.6::double precision)) AS v(concept, value) ON true
WHERE p.company_id = 'hartalega' AND p.period_label = 'FY16'
ON CONFLICT (period_id, concept) DO UPDATE SET value = EXCLUDED.value, source_id = EXCLUDED.source_id;
INSERT INTO financial_period (company_id, period_label, period_type, fiscal_year, fiscal_quarter, currency, unit, report_date, source_id) VALUES ('hartalega', 'FY17', 'annual', 2017, NULL, 'MYR', 'MYR millions', '2017-03-31', 'glove-tracker-hartalega') ON CONFLICT (company_id, period_label) DO UPDATE SET period_type = EXCLUDED.period_type, fiscal_year = EXCLUDED.fiscal_year, fiscal_quarter = EXCLUDED.fiscal_quarter, currency = EXCLUDED.currency, unit = EXCLUDED.unit, report_date = EXCLUDED.report_date, source_id = EXCLUDED.source_id;
INSERT INTO financial_fact (period_id, concept, value, source_id)
SELECT p.id, v.concept, v.value, 'glove-tracker-hartalega'
FROM financial_period p
JOIN (VALUES ('Revenue', 1822.1::double precision), ('NetIncome', 283::double precision)) AS v(concept, value) ON true
WHERE p.company_id = 'hartalega' AND p.period_label = 'FY17'
ON CONFLICT (period_id, concept) DO UPDATE SET value = EXCLUDED.value, source_id = EXCLUDED.source_id;
INSERT INTO financial_period (company_id, period_label, period_type, fiscal_year, fiscal_quarter, currency, unit, report_date, source_id) VALUES ('hartalega', 'FY18', 'annual', 2018, NULL, 'MYR', 'MYR millions', '2018-03-31', 'glove-tracker-hartalega') ON CONFLICT (company_id, period_label) DO UPDATE SET period_type = EXCLUDED.period_type, fiscal_year = EXCLUDED.fiscal_year, fiscal_quarter = EXCLUDED.fiscal_quarter, currency = EXCLUDED.currency, unit = EXCLUDED.unit, report_date = EXCLUDED.report_date, source_id = EXCLUDED.source_id;
INSERT INTO financial_fact (period_id, concept, value, source_id)
SELECT p.id, v.concept, v.value, 'glove-tracker-hartalega'
FROM financial_period p
JOIN (VALUES ('Revenue', 2405.5::double precision), ('NetIncome', 439.3::double precision)) AS v(concept, value) ON true
WHERE p.company_id = 'hartalega' AND p.period_label = 'FY18'
ON CONFLICT (period_id, concept) DO UPDATE SET value = EXCLUDED.value, source_id = EXCLUDED.source_id;
INSERT INTO financial_period (company_id, period_label, period_type, fiscal_year, fiscal_quarter, currency, unit, report_date, source_id) VALUES ('hartalega', 'FY19', 'annual', 2019, NULL, 'MYR', 'MYR millions', '2019-03-31', 'glove-tracker-hartalega') ON CONFLICT (company_id, period_label) DO UPDATE SET period_type = EXCLUDED.period_type, fiscal_year = EXCLUDED.fiscal_year, fiscal_quarter = EXCLUDED.fiscal_quarter, currency = EXCLUDED.currency, unit = EXCLUDED.unit, report_date = EXCLUDED.report_date, source_id = EXCLUDED.source_id;
INSERT INTO financial_fact (period_id, concept, value, source_id)
SELECT p.id, v.concept, v.value, 'glove-tracker-hartalega'
FROM financial_period p
JOIN (VALUES ('Revenue', 2827.9::double precision), ('NetIncome', 456.3::double precision)) AS v(concept, value) ON true
WHERE p.company_id = 'hartalega' AND p.period_label = 'FY19'
ON CONFLICT (period_id, concept) DO UPDATE SET value = EXCLUDED.value, source_id = EXCLUDED.source_id;
INSERT INTO financial_period (company_id, period_label, period_type, fiscal_year, fiscal_quarter, currency, unit, report_date, source_id) VALUES ('hartalega', 'FY20', 'annual', 2020, NULL, 'MYR', 'MYR millions', '2020-03-31', 'glove-tracker-hartalega') ON CONFLICT (company_id, period_label) DO UPDATE SET period_type = EXCLUDED.period_type, fiscal_year = EXCLUDED.fiscal_year, fiscal_quarter = EXCLUDED.fiscal_quarter, currency = EXCLUDED.currency, unit = EXCLUDED.unit, report_date = EXCLUDED.report_date, source_id = EXCLUDED.source_id;
INSERT INTO financial_fact (period_id, concept, value, source_id)
SELECT p.id, v.concept, v.value, 'glove-tracker-hartalega'
FROM financial_period p
JOIN (VALUES ('Revenue', 2924::double precision), ('NetIncome', 434.9::double precision)) AS v(concept, value) ON true
WHERE p.company_id = 'hartalega' AND p.period_label = 'FY20'
ON CONFLICT (period_id, concept) DO UPDATE SET value = EXCLUDED.value, source_id = EXCLUDED.source_id;
INSERT INTO financial_period (company_id, period_label, period_type, fiscal_year, fiscal_quarter, currency, unit, report_date, source_id) VALUES ('hartalega', 'FY21', 'annual', 2021, NULL, 'MYR', 'MYR millions', '2021-03-31', 'glove-tracker-hartalega') ON CONFLICT (company_id, period_label) DO UPDATE SET period_type = EXCLUDED.period_type, fiscal_year = EXCLUDED.fiscal_year, fiscal_quarter = EXCLUDED.fiscal_quarter, currency = EXCLUDED.currency, unit = EXCLUDED.unit, report_date = EXCLUDED.report_date, source_id = EXCLUDED.source_id;
INSERT INTO financial_fact (period_id, concept, value, source_id)
SELECT p.id, v.concept, v.value, 'glove-tracker-hartalega'
FROM financial_period p
JOIN (VALUES ('Revenue', 6620.1::double precision), ('NetIncome', 2864.7::double precision)) AS v(concept, value) ON true
WHERE p.company_id = 'hartalega' AND p.period_label = 'FY21'
ON CONFLICT (period_id, concept) DO UPDATE SET value = EXCLUDED.value, source_id = EXCLUDED.source_id;
INSERT INTO financial_period (company_id, period_label, period_type, fiscal_year, fiscal_quarter, currency, unit, report_date, source_id) VALUES ('hartalega', 'FY22', 'annual', 2022, NULL, 'MYR', 'MYR millions', '2022-03-31', 'glove-tracker-hartalega') ON CONFLICT (company_id, period_label) DO UPDATE SET period_type = EXCLUDED.period_type, fiscal_year = EXCLUDED.fiscal_year, fiscal_quarter = EXCLUDED.fiscal_quarter, currency = EXCLUDED.currency, unit = EXCLUDED.unit, report_date = EXCLUDED.report_date, source_id = EXCLUDED.source_id;
INSERT INTO financial_fact (period_id, concept, value, source_id)
SELECT p.id, v.concept, v.value, 'glove-tracker-hartalega'
FROM financial_period p
JOIN (VALUES ('Revenue', 7868.7::double precision), ('NetIncome', 3275.2::double precision)) AS v(concept, value) ON true
WHERE p.company_id = 'hartalega' AND p.period_label = 'FY22'
ON CONFLICT (period_id, concept) DO UPDATE SET value = EXCLUDED.value, source_id = EXCLUDED.source_id;
INSERT INTO financial_period (company_id, period_label, period_type, fiscal_year, fiscal_quarter, currency, unit, report_date, source_id) VALUES ('hartalega', 'FY23', 'annual', 2023, NULL, 'MYR', 'MYR millions', '2023-03-31', 'glove-tracker-hartalega') ON CONFLICT (company_id, period_label) DO UPDATE SET period_type = EXCLUDED.period_type, fiscal_year = EXCLUDED.fiscal_year, fiscal_quarter = EXCLUDED.fiscal_quarter, currency = EXCLUDED.currency, unit = EXCLUDED.unit, report_date = EXCLUDED.report_date, source_id = EXCLUDED.source_id;
INSERT INTO financial_fact (period_id, concept, value, source_id)
SELECT p.id, v.concept, v.value, 'glove-tracker-hartalega'
FROM financial_period p
JOIN (VALUES ('Revenue', 2407.839::double precision), ('NetIncome', -218.057::double precision)) AS v(concept, value) ON true
WHERE p.company_id = 'hartalega' AND p.period_label = 'FY23'
ON CONFLICT (period_id, concept) DO UPDATE SET value = EXCLUDED.value, source_id = EXCLUDED.source_id;
INSERT INTO financial_period (company_id, period_label, period_type, fiscal_year, fiscal_quarter, currency, unit, report_date, source_id) VALUES ('hartalega', 'FY24', 'annual', 2024, NULL, 'MYR', 'MYR millions', '2024-03-31', 'glove-tracker-hartalega') ON CONFLICT (company_id, period_label) DO UPDATE SET period_type = EXCLUDED.period_type, fiscal_year = EXCLUDED.fiscal_year, fiscal_quarter = EXCLUDED.fiscal_quarter, currency = EXCLUDED.currency, unit = EXCLUDED.unit, report_date = EXCLUDED.report_date, source_id = EXCLUDED.source_id;
INSERT INTO financial_fact (period_id, concept, value, source_id)
SELECT p.id, v.concept, v.value, 'glove-tracker-hartalega'
FROM financial_period p
JOIN (VALUES ('Revenue', 1837.597::double precision), ('NetIncome', 12.722::double precision)) AS v(concept, value) ON true
WHERE p.company_id = 'hartalega' AND p.period_label = 'FY24'
ON CONFLICT (period_id, concept) DO UPDATE SET value = EXCLUDED.value, source_id = EXCLUDED.source_id;
INSERT INTO financial_period (company_id, period_label, period_type, fiscal_year, fiscal_quarter, currency, unit, report_date, source_id) VALUES ('hartalega', 'FY25', 'annual', 2025, NULL, 'MYR', 'MYR millions', '2025-03-31', 'glove-tracker-hartalega') ON CONFLICT (company_id, period_label) DO UPDATE SET period_type = EXCLUDED.period_type, fiscal_year = EXCLUDED.fiscal_year, fiscal_quarter = EXCLUDED.fiscal_quarter, currency = EXCLUDED.currency, unit = EXCLUDED.unit, report_date = EXCLUDED.report_date, source_id = EXCLUDED.source_id;
INSERT INTO financial_fact (period_id, concept, value, source_id)
SELECT p.id, v.concept, v.value, 'glove-tracker-hartalega'
FROM financial_period p
JOIN (VALUES ('Revenue', 2585.649::double precision), ('NetIncome', 74.542::double precision)) AS v(concept, value) ON true
WHERE p.company_id = 'hartalega' AND p.period_label = 'FY25'
ON CONFLICT (period_id, concept) DO UPDATE SET value = EXCLUDED.value, source_id = EXCLUDED.source_id;
INSERT INTO source (id, kind, name, url, retrieved_at, note) VALUES ('glove-tracker-kossan', 'glove-tracker', 'glove-tracker import — Kossan Rubber Industries Bursa quarterly reports', 'https://www.bursamalaysia.com', '2026-04-20', 'Imported from weisiang329-eng/glove-tracker (data/fund.json, is_mock=0 rows only). Original source: Bursa Malaysia quarterly report PDFs, auto-parsed. See apps/api/seed/glove/fundamentals.json for per-row provenance.') ON CONFLICT (id) DO UPDATE SET kind = EXCLUDED.kind, name = EXCLUDED.name, url = EXCLUDED.url, retrieved_at = EXCLUDED.retrieved_at, note = EXCLUDED.note;
INSERT INTO company (id, name, ticker, exchange, segment, country, industry_id, description, reporting_currency, fiscal_year_end_month) VALUES ('kossan', 'Kossan Rubber Industries', 'KOSSAN', 'Bursa Malaysia', 'Rubber Gloves', 'Malaysia', 'rubber-gloves', 'Gloves plus technical rubber products; historically the most consistent margins of the big four (Bursa 7153).', 'MYR', NULL) ON CONFLICT (id) DO UPDATE SET name = EXCLUDED.name, ticker = EXCLUDED.ticker, exchange = EXCLUDED.exchange, segment = EXCLUDED.segment, country = EXCLUDED.country, industry_id = EXCLUDED.industry_id, description = EXCLUDED.description, reporting_currency = EXCLUDED.reporting_currency, fiscal_year_end_month = EXCLUDED.fiscal_year_end_month;
INSERT INTO financial_period (company_id, period_label, period_type, fiscal_year, fiscal_quarter, currency, unit, report_date, source_id) VALUES ('kossan', 'Q3 FY02', 'quarter', 2002, 3, 'MYR', 'MYR millions', '2002-09-30', 'glove-tracker-kossan') ON CONFLICT (company_id, period_label) DO UPDATE SET period_type = EXCLUDED.period_type, fiscal_year = EXCLUDED.fiscal_year, fiscal_quarter = EXCLUDED.fiscal_quarter, currency = EXCLUDED.currency, unit = EXCLUDED.unit, report_date = EXCLUDED.report_date, source_id = EXCLUDED.source_id;
INSERT INTO financial_fact (period_id, concept, value, source_id)
SELECT p.id, v.concept, v.value, 'glove-tracker-kossan'
FROM financial_period p
JOIN (VALUES ('Revenue', 40.8::double precision), ('NetIncome', 3.8::double precision)) AS v(concept, value) ON true
WHERE p.company_id = 'kossan' AND p.period_label = 'Q3 FY02'
ON CONFLICT (period_id, concept) DO UPDATE SET value = EXCLUDED.value, source_id = EXCLUDED.source_id;
INSERT INTO financial_period (company_id, period_label, period_type, fiscal_year, fiscal_quarter, currency, unit, report_date, source_id) VALUES ('kossan', 'Q4 FY02', 'quarter', 2002, 4, 'MYR', 'MYR millions', '2002-12-31', 'glove-tracker-kossan') ON CONFLICT (company_id, period_label) DO UPDATE SET period_type = EXCLUDED.period_type, fiscal_year = EXCLUDED.fiscal_year, fiscal_quarter = EXCLUDED.fiscal_quarter, currency = EXCLUDED.currency, unit = EXCLUDED.unit, report_date = EXCLUDED.report_date, source_id = EXCLUDED.source_id;
INSERT INTO financial_fact (period_id, concept, value, source_id)
SELECT p.id, v.concept, v.value, 'glove-tracker-kossan'
FROM financial_period p
JOIN (VALUES ('Revenue', 38.3::double precision), ('NetIncome', 4.3::double precision)) AS v(concept, value) ON true
WHERE p.company_id = 'kossan' AND p.period_label = 'Q4 FY02'
ON CONFLICT (period_id, concept) DO UPDATE SET value = EXCLUDED.value, source_id = EXCLUDED.source_id;
INSERT INTO financial_period (company_id, period_label, period_type, fiscal_year, fiscal_quarter, currency, unit, report_date, source_id) VALUES ('kossan', 'Q1 FY03', 'quarter', 2003, 1, 'MYR', 'MYR millions', '2003-03-31', 'glove-tracker-kossan') ON CONFLICT (company_id, period_label) DO UPDATE SET period_type = EXCLUDED.period_type, fiscal_year = EXCLUDED.fiscal_year, fiscal_quarter = EXCLUDED.fiscal_quarter, currency = EXCLUDED.currency, unit = EXCLUDED.unit, report_date = EXCLUDED.report_date, source_id = EXCLUDED.source_id;
INSERT INTO financial_fact (period_id, concept, value, source_id)
SELECT p.id, v.concept, v.value, 'glove-tracker-kossan'
FROM financial_period p
JOIN (VALUES ('Revenue', 36.9::double precision), ('NetIncome', 2.5::double precision)) AS v(concept, value) ON true
WHERE p.company_id = 'kossan' AND p.period_label = 'Q1 FY03'
ON CONFLICT (period_id, concept) DO UPDATE SET value = EXCLUDED.value, source_id = EXCLUDED.source_id;
INSERT INTO financial_period (company_id, period_label, period_type, fiscal_year, fiscal_quarter, currency, unit, report_date, source_id) VALUES ('kossan', 'Q2 FY03', 'quarter', 2003, 2, 'MYR', 'MYR millions', '2003-06-30', 'glove-tracker-kossan') ON CONFLICT (company_id, period_label) DO UPDATE SET period_type = EXCLUDED.period_type, fiscal_year = EXCLUDED.fiscal_year, fiscal_quarter = EXCLUDED.fiscal_quarter, currency = EXCLUDED.currency, unit = EXCLUDED.unit, report_date = EXCLUDED.report_date, source_id = EXCLUDED.source_id;
INSERT INTO financial_fact (period_id, concept, value, source_id)
SELECT p.id, v.concept, v.value, 'glove-tracker-kossan'
FROM financial_period p
JOIN (VALUES ('Revenue', 46.3::double precision), ('NetIncome', 4.1::double precision)) AS v(concept, value) ON true
WHERE p.company_id = 'kossan' AND p.period_label = 'Q2 FY03'
ON CONFLICT (period_id, concept) DO UPDATE SET value = EXCLUDED.value, source_id = EXCLUDED.source_id;
INSERT INTO financial_period (company_id, period_label, period_type, fiscal_year, fiscal_quarter, currency, unit, report_date, source_id) VALUES ('kossan', 'Q3 FY03', 'quarter', 2003, 3, 'MYR', 'MYR millions', '2003-09-30', 'glove-tracker-kossan') ON CONFLICT (company_id, period_label) DO UPDATE SET period_type = EXCLUDED.period_type, fiscal_year = EXCLUDED.fiscal_year, fiscal_quarter = EXCLUDED.fiscal_quarter, currency = EXCLUDED.currency, unit = EXCLUDED.unit, report_date = EXCLUDED.report_date, source_id = EXCLUDED.source_id;
INSERT INTO financial_fact (period_id, concept, value, source_id)
SELECT p.id, v.concept, v.value, 'glove-tracker-kossan'
FROM financial_period p
JOIN (VALUES ('Revenue', 49.8::double precision), ('NetIncome', 4.8::double precision)) AS v(concept, value) ON true
WHERE p.company_id = 'kossan' AND p.period_label = 'Q3 FY03'
ON CONFLICT (period_id, concept) DO UPDATE SET value = EXCLUDED.value, source_id = EXCLUDED.source_id;
INSERT INTO financial_period (company_id, period_label, period_type, fiscal_year, fiscal_quarter, currency, unit, report_date, source_id) VALUES ('kossan', 'Q4 FY03', 'quarter', 2003, 4, 'MYR', 'MYR millions', '2003-12-31', 'glove-tracker-kossan') ON CONFLICT (company_id, period_label) DO UPDATE SET period_type = EXCLUDED.period_type, fiscal_year = EXCLUDED.fiscal_year, fiscal_quarter = EXCLUDED.fiscal_quarter, currency = EXCLUDED.currency, unit = EXCLUDED.unit, report_date = EXCLUDED.report_date, source_id = EXCLUDED.source_id;
INSERT INTO financial_fact (period_id, concept, value, source_id)
SELECT p.id, v.concept, v.value, 'glove-tracker-kossan'
FROM financial_period p
JOIN (VALUES ('Revenue', 47.9::double precision), ('NetIncome', 5.4::double precision)) AS v(concept, value) ON true
WHERE p.company_id = 'kossan' AND p.period_label = 'Q4 FY03'
ON CONFLICT (period_id, concept) DO UPDATE SET value = EXCLUDED.value, source_id = EXCLUDED.source_id;
INSERT INTO financial_period (company_id, period_label, period_type, fiscal_year, fiscal_quarter, currency, unit, report_date, source_id) VALUES ('kossan', 'Q1 FY04', 'quarter', 2004, 1, 'MYR', 'MYR millions', '2004-03-31', 'glove-tracker-kossan') ON CONFLICT (company_id, period_label) DO UPDATE SET period_type = EXCLUDED.period_type, fiscal_year = EXCLUDED.fiscal_year, fiscal_quarter = EXCLUDED.fiscal_quarter, currency = EXCLUDED.currency, unit = EXCLUDED.unit, report_date = EXCLUDED.report_date, source_id = EXCLUDED.source_id;
INSERT INTO financial_fact (period_id, concept, value, source_id)
SELECT p.id, v.concept, v.value, 'glove-tracker-kossan'
FROM financial_period p
JOIN (VALUES ('Revenue', 58.9::double precision), ('NetIncome', 5.2::double precision)) AS v(concept, value) ON true
WHERE p.company_id = 'kossan' AND p.period_label = 'Q1 FY04'
ON CONFLICT (period_id, concept) DO UPDATE SET value = EXCLUDED.value, source_id = EXCLUDED.source_id;
INSERT INTO financial_period (company_id, period_label, period_type, fiscal_year, fiscal_quarter, currency, unit, report_date, source_id) VALUES ('kossan', 'Q2 FY04', 'quarter', 2004, 2, 'MYR', 'MYR millions', '2004-06-30', 'glove-tracker-kossan') ON CONFLICT (company_id, period_label) DO UPDATE SET period_type = EXCLUDED.period_type, fiscal_year = EXCLUDED.fiscal_year, fiscal_quarter = EXCLUDED.fiscal_quarter, currency = EXCLUDED.currency, unit = EXCLUDED.unit, report_date = EXCLUDED.report_date, source_id = EXCLUDED.source_id;
INSERT INTO financial_fact (period_id, concept, value, source_id)
SELECT p.id, v.concept, v.value, 'glove-tracker-kossan'
FROM financial_period p
JOIN (VALUES ('Revenue', 71.3::double precision), ('NetIncome', 6::double precision)) AS v(concept, value) ON true
WHERE p.company_id = 'kossan' AND p.period_label = 'Q2 FY04'
ON CONFLICT (period_id, concept) DO UPDATE SET value = EXCLUDED.value, source_id = EXCLUDED.source_id;
INSERT INTO financial_period (company_id, period_label, period_type, fiscal_year, fiscal_quarter, currency, unit, report_date, source_id) VALUES ('kossan', 'Q3 FY04', 'quarter', 2004, 3, 'MYR', 'MYR millions', '2004-09-30', 'glove-tracker-kossan') ON CONFLICT (company_id, period_label) DO UPDATE SET period_type = EXCLUDED.period_type, fiscal_year = EXCLUDED.fiscal_year, fiscal_quarter = EXCLUDED.fiscal_quarter, currency = EXCLUDED.currency, unit = EXCLUDED.unit, report_date = EXCLUDED.report_date, source_id = EXCLUDED.source_id;
INSERT INTO financial_fact (period_id, concept, value, source_id)
SELECT p.id, v.concept, v.value, 'glove-tracker-kossan'
FROM financial_period p
JOIN (VALUES ('Revenue', 77.3::double precision), ('NetIncome', 5.9::double precision)) AS v(concept, value) ON true
WHERE p.company_id = 'kossan' AND p.period_label = 'Q3 FY04'
ON CONFLICT (period_id, concept) DO UPDATE SET value = EXCLUDED.value, source_id = EXCLUDED.source_id;
INSERT INTO financial_period (company_id, period_label, period_type, fiscal_year, fiscal_quarter, currency, unit, report_date, source_id) VALUES ('kossan', 'Q4 FY04', 'quarter', 2004, 4, 'MYR', 'MYR millions', '2004-12-31', 'glove-tracker-kossan') ON CONFLICT (company_id, period_label) DO UPDATE SET period_type = EXCLUDED.period_type, fiscal_year = EXCLUDED.fiscal_year, fiscal_quarter = EXCLUDED.fiscal_quarter, currency = EXCLUDED.currency, unit = EXCLUDED.unit, report_date = EXCLUDED.report_date, source_id = EXCLUDED.source_id;
INSERT INTO financial_fact (period_id, concept, value, source_id)
SELECT p.id, v.concept, v.value, 'glove-tracker-kossan'
FROM financial_period p
JOIN (VALUES ('Revenue', 71.7::double precision), ('NetIncome', 5.6::double precision)) AS v(concept, value) ON true
WHERE p.company_id = 'kossan' AND p.period_label = 'Q4 FY04'
ON CONFLICT (period_id, concept) DO UPDATE SET value = EXCLUDED.value, source_id = EXCLUDED.source_id;
INSERT INTO financial_period (company_id, period_label, period_type, fiscal_year, fiscal_quarter, currency, unit, report_date, source_id) VALUES ('kossan', 'Q1 FY05', 'quarter', 2005, 1, 'MYR', 'MYR millions', '2005-03-31', 'glove-tracker-kossan') ON CONFLICT (company_id, period_label) DO UPDATE SET period_type = EXCLUDED.period_type, fiscal_year = EXCLUDED.fiscal_year, fiscal_quarter = EXCLUDED.fiscal_quarter, currency = EXCLUDED.currency, unit = EXCLUDED.unit, report_date = EXCLUDED.report_date, source_id = EXCLUDED.source_id;
INSERT INTO financial_fact (period_id, concept, value, source_id)
SELECT p.id, v.concept, v.value, 'glove-tracker-kossan'
FROM financial_period p
JOIN (VALUES ('Revenue', 85.4::double precision), ('NetIncome', 7::double precision)) AS v(concept, value) ON true
WHERE p.company_id = 'kossan' AND p.period_label = 'Q1 FY05'
ON CONFLICT (period_id, concept) DO UPDATE SET value = EXCLUDED.value, source_id = EXCLUDED.source_id;
INSERT INTO financial_period (company_id, period_label, period_type, fiscal_year, fiscal_quarter, currency, unit, report_date, source_id) VALUES ('kossan', 'Q2 FY05', 'quarter', 2005, 2, 'MYR', 'MYR millions', '2005-06-30', 'glove-tracker-kossan') ON CONFLICT (company_id, period_label) DO UPDATE SET period_type = EXCLUDED.period_type, fiscal_year = EXCLUDED.fiscal_year, fiscal_quarter = EXCLUDED.fiscal_quarter, currency = EXCLUDED.currency, unit = EXCLUDED.unit, report_date = EXCLUDED.report_date, source_id = EXCLUDED.source_id;
INSERT INTO financial_fact (period_id, concept, value, source_id)
SELECT p.id, v.concept, v.value, 'glove-tracker-kossan'
FROM financial_period p
JOIN (VALUES ('Revenue', 88.5::double precision), ('NetIncome', 7.2::double precision)) AS v(concept, value) ON true
WHERE p.company_id = 'kossan' AND p.period_label = 'Q2 FY05'
ON CONFLICT (period_id, concept) DO UPDATE SET value = EXCLUDED.value, source_id = EXCLUDED.source_id;
INSERT INTO financial_period (company_id, period_label, period_type, fiscal_year, fiscal_quarter, currency, unit, report_date, source_id) VALUES ('kossan', 'Q3 FY05', 'quarter', 2005, 3, 'MYR', 'MYR millions', '2005-09-30', 'glove-tracker-kossan') ON CONFLICT (company_id, period_label) DO UPDATE SET period_type = EXCLUDED.period_type, fiscal_year = EXCLUDED.fiscal_year, fiscal_quarter = EXCLUDED.fiscal_quarter, currency = EXCLUDED.currency, unit = EXCLUDED.unit, report_date = EXCLUDED.report_date, source_id = EXCLUDED.source_id;
INSERT INTO financial_fact (period_id, concept, value, source_id)
SELECT p.id, v.concept, v.value, 'glove-tracker-kossan'
FROM financial_period p
JOIN (VALUES ('Revenue', 106.8::double precision), ('NetIncome', 7.7::double precision)) AS v(concept, value) ON true
WHERE p.company_id = 'kossan' AND p.period_label = 'Q3 FY05'
ON CONFLICT (period_id, concept) DO UPDATE SET value = EXCLUDED.value, source_id = EXCLUDED.source_id;
INSERT INTO financial_period (company_id, period_label, period_type, fiscal_year, fiscal_quarter, currency, unit, report_date, source_id) VALUES ('kossan', 'Q4 FY05', 'quarter', 2005, 4, 'MYR', 'MYR millions', '2005-12-31', 'glove-tracker-kossan') ON CONFLICT (company_id, period_label) DO UPDATE SET period_type = EXCLUDED.period_type, fiscal_year = EXCLUDED.fiscal_year, fiscal_quarter = EXCLUDED.fiscal_quarter, currency = EXCLUDED.currency, unit = EXCLUDED.unit, report_date = EXCLUDED.report_date, source_id = EXCLUDED.source_id;
INSERT INTO financial_fact (period_id, concept, value, source_id)
SELECT p.id, v.concept, v.value, 'glove-tracker-kossan'
FROM financial_period p
JOIN (VALUES ('Revenue', 107.3::double precision), ('NetIncome', 7.2::double precision)) AS v(concept, value) ON true
WHERE p.company_id = 'kossan' AND p.period_label = 'Q4 FY05'
ON CONFLICT (period_id, concept) DO UPDATE SET value = EXCLUDED.value, source_id = EXCLUDED.source_id;
INSERT INTO financial_period (company_id, period_label, period_type, fiscal_year, fiscal_quarter, currency, unit, report_date, source_id) VALUES ('kossan', 'Q1 FY06', 'quarter', 2006, 1, 'MYR', 'MYR millions', '2006-03-31', 'glove-tracker-kossan') ON CONFLICT (company_id, period_label) DO UPDATE SET period_type = EXCLUDED.period_type, fiscal_year = EXCLUDED.fiscal_year, fiscal_quarter = EXCLUDED.fiscal_quarter, currency = EXCLUDED.currency, unit = EXCLUDED.unit, report_date = EXCLUDED.report_date, source_id = EXCLUDED.source_id;
INSERT INTO financial_fact (period_id, concept, value, source_id)
SELECT p.id, v.concept, v.value, 'glove-tracker-kossan'
FROM financial_period p
JOIN (VALUES ('Revenue', 107.2::double precision), ('NetIncome', 7.4::double precision)) AS v(concept, value) ON true
WHERE p.company_id = 'kossan' AND p.period_label = 'Q1 FY06'
ON CONFLICT (period_id, concept) DO UPDATE SET value = EXCLUDED.value, source_id = EXCLUDED.source_id;
INSERT INTO financial_period (company_id, period_label, period_type, fiscal_year, fiscal_quarter, currency, unit, report_date, source_id) VALUES ('kossan', 'Q2 FY06', 'quarter', 2006, 2, 'MYR', 'MYR millions', '2006-06-30', 'glove-tracker-kossan') ON CONFLICT (company_id, period_label) DO UPDATE SET period_type = EXCLUDED.period_type, fiscal_year = EXCLUDED.fiscal_year, fiscal_quarter = EXCLUDED.fiscal_quarter, currency = EXCLUDED.currency, unit = EXCLUDED.unit, report_date = EXCLUDED.report_date, source_id = EXCLUDED.source_id;
INSERT INTO financial_fact (period_id, concept, value, source_id)
SELECT p.id, v.concept, v.value, 'glove-tracker-kossan'
FROM financial_period p
JOIN (VALUES ('Revenue', 133.3::double precision), ('NetIncome', 9.6::double precision)) AS v(concept, value) ON true
WHERE p.company_id = 'kossan' AND p.period_label = 'Q2 FY06'
ON CONFLICT (period_id, concept) DO UPDATE SET value = EXCLUDED.value, source_id = EXCLUDED.source_id;
INSERT INTO financial_period (company_id, period_label, period_type, fiscal_year, fiscal_quarter, currency, unit, report_date, source_id) VALUES ('kossan', 'Q3 FY06', 'quarter', 2006, 3, 'MYR', 'MYR millions', '2006-09-30', 'glove-tracker-kossan') ON CONFLICT (company_id, period_label) DO UPDATE SET period_type = EXCLUDED.period_type, fiscal_year = EXCLUDED.fiscal_year, fiscal_quarter = EXCLUDED.fiscal_quarter, currency = EXCLUDED.currency, unit = EXCLUDED.unit, report_date = EXCLUDED.report_date, source_id = EXCLUDED.source_id;
INSERT INTO financial_fact (period_id, concept, value, source_id)
SELECT p.id, v.concept, v.value, 'glove-tracker-kossan'
FROM financial_period p
JOIN (VALUES ('Revenue', 162.6::double precision), ('NetIncome', 10.9::double precision)) AS v(concept, value) ON true
WHERE p.company_id = 'kossan' AND p.period_label = 'Q3 FY06'
ON CONFLICT (period_id, concept) DO UPDATE SET value = EXCLUDED.value, source_id = EXCLUDED.source_id;
INSERT INTO financial_period (company_id, period_label, period_type, fiscal_year, fiscal_quarter, currency, unit, report_date, source_id) VALUES ('kossan', 'Q4 FY06', 'quarter', 2006, 4, 'MYR', 'MYR millions', '2006-12-31', 'glove-tracker-kossan') ON CONFLICT (company_id, period_label) DO UPDATE SET period_type = EXCLUDED.period_type, fiscal_year = EXCLUDED.fiscal_year, fiscal_quarter = EXCLUDED.fiscal_quarter, currency = EXCLUDED.currency, unit = EXCLUDED.unit, report_date = EXCLUDED.report_date, source_id = EXCLUDED.source_id;
INSERT INTO financial_fact (period_id, concept, value, source_id)
SELECT p.id, v.concept, v.value, 'glove-tracker-kossan'
FROM financial_period p
JOIN (VALUES ('Revenue', 170.2::double precision), ('NetIncome', 11.7::double precision)) AS v(concept, value) ON true
WHERE p.company_id = 'kossan' AND p.period_label = 'Q4 FY06'
ON CONFLICT (period_id, concept) DO UPDATE SET value = EXCLUDED.value, source_id = EXCLUDED.source_id;
INSERT INTO financial_period (company_id, period_label, period_type, fiscal_year, fiscal_quarter, currency, unit, report_date, source_id) VALUES ('kossan', 'Q1 FY07', 'quarter', 2007, 1, 'MYR', 'MYR millions', '2007-03-31', 'glove-tracker-kossan') ON CONFLICT (company_id, period_label) DO UPDATE SET period_type = EXCLUDED.period_type, fiscal_year = EXCLUDED.fiscal_year, fiscal_quarter = EXCLUDED.fiscal_quarter, currency = EXCLUDED.currency, unit = EXCLUDED.unit, report_date = EXCLUDED.report_date, source_id = EXCLUDED.source_id;
INSERT INTO financial_fact (period_id, concept, value, source_id)
SELECT p.id, v.concept, v.value, 'glove-tracker-kossan'
FROM financial_period p
JOIN (VALUES ('Revenue', 162.5::double precision), ('NetIncome', 11.6::double precision)) AS v(concept, value) ON true
WHERE p.company_id = 'kossan' AND p.period_label = 'Q1 FY07'
ON CONFLICT (period_id, concept) DO UPDATE SET value = EXCLUDED.value, source_id = EXCLUDED.source_id;
INSERT INTO financial_period (company_id, period_label, period_type, fiscal_year, fiscal_quarter, currency, unit, report_date, source_id) VALUES ('kossan', 'Q2 FY07', 'quarter', 2007, 2, 'MYR', 'MYR millions', '2007-06-30', 'glove-tracker-kossan') ON CONFLICT (company_id, period_label) DO UPDATE SET period_type = EXCLUDED.period_type, fiscal_year = EXCLUDED.fiscal_year, fiscal_quarter = EXCLUDED.fiscal_quarter, currency = EXCLUDED.currency, unit = EXCLUDED.unit, report_date = EXCLUDED.report_date, source_id = EXCLUDED.source_id;
INSERT INTO financial_fact (period_id, concept, value, source_id)
SELECT p.id, v.concept, v.value, 'glove-tracker-kossan'
FROM financial_period p
JOIN (VALUES ('Revenue', 160.8::double precision), ('NetIncome', 11.4::double precision)) AS v(concept, value) ON true
WHERE p.company_id = 'kossan' AND p.period_label = 'Q2 FY07'
ON CONFLICT (period_id, concept) DO UPDATE SET value = EXCLUDED.value, source_id = EXCLUDED.source_id;
INSERT INTO financial_period (company_id, period_label, period_type, fiscal_year, fiscal_quarter, currency, unit, report_date, source_id) VALUES ('kossan', 'Q3 FY07', 'quarter', 2007, 3, 'MYR', 'MYR millions', '2007-09-30', 'glove-tracker-kossan') ON CONFLICT (company_id, period_label) DO UPDATE SET period_type = EXCLUDED.period_type, fiscal_year = EXCLUDED.fiscal_year, fiscal_quarter = EXCLUDED.fiscal_quarter, currency = EXCLUDED.currency, unit = EXCLUDED.unit, report_date = EXCLUDED.report_date, source_id = EXCLUDED.source_id;
INSERT INTO financial_fact (period_id, concept, value, source_id)
SELECT p.id, v.concept, v.value, 'glove-tracker-kossan'
FROM financial_period p
JOIN (VALUES ('Revenue', 188.3::double precision), ('NetIncome', 12.5::double precision)) AS v(concept, value) ON true
WHERE p.company_id = 'kossan' AND p.period_label = 'Q3 FY07'
ON CONFLICT (period_id, concept) DO UPDATE SET value = EXCLUDED.value, source_id = EXCLUDED.source_id;
INSERT INTO financial_period (company_id, period_label, period_type, fiscal_year, fiscal_quarter, currency, unit, report_date, source_id) VALUES ('kossan', 'Q4 FY07', 'quarter', 2007, 4, 'MYR', 'MYR millions', '2007-12-31', 'glove-tracker-kossan') ON CONFLICT (company_id, period_label) DO UPDATE SET period_type = EXCLUDED.period_type, fiscal_year = EXCLUDED.fiscal_year, fiscal_quarter = EXCLUDED.fiscal_quarter, currency = EXCLUDED.currency, unit = EXCLUDED.unit, report_date = EXCLUDED.report_date, source_id = EXCLUDED.source_id;
INSERT INTO financial_fact (period_id, concept, value, source_id)
SELECT p.id, v.concept, v.value, 'glove-tracker-kossan'
FROM financial_period p
JOIN (VALUES ('Revenue', 186.3::double precision), ('NetIncome', 24.7::double precision)) AS v(concept, value) ON true
WHERE p.company_id = 'kossan' AND p.period_label = 'Q4 FY07'
ON CONFLICT (period_id, concept) DO UPDATE SET value = EXCLUDED.value, source_id = EXCLUDED.source_id;
INSERT INTO financial_period (company_id, period_label, period_type, fiscal_year, fiscal_quarter, currency, unit, report_date, source_id) VALUES ('kossan', 'Q1 FY08', 'quarter', 2008, 1, 'MYR', 'MYR millions', '2008-03-31', 'glove-tracker-kossan') ON CONFLICT (company_id, period_label) DO UPDATE SET period_type = EXCLUDED.period_type, fiscal_year = EXCLUDED.fiscal_year, fiscal_quarter = EXCLUDED.fiscal_quarter, currency = EXCLUDED.currency, unit = EXCLUDED.unit, report_date = EXCLUDED.report_date, source_id = EXCLUDED.source_id;
INSERT INTO financial_fact (period_id, concept, value, source_id)
SELECT p.id, v.concept, v.value, 'glove-tracker-kossan'
FROM financial_period p
JOIN (VALUES ('Revenue', 199.9::double precision), ('NetIncome', 14.2::double precision)) AS v(concept, value) ON true
WHERE p.company_id = 'kossan' AND p.period_label = 'Q1 FY08'
ON CONFLICT (period_id, concept) DO UPDATE SET value = EXCLUDED.value, source_id = EXCLUDED.source_id;
INSERT INTO financial_period (company_id, period_label, period_type, fiscal_year, fiscal_quarter, currency, unit, report_date, source_id) VALUES ('kossan', 'Q2 FY08', 'quarter', 2008, 2, 'MYR', 'MYR millions', '2008-06-30', 'glove-tracker-kossan') ON CONFLICT (company_id, period_label) DO UPDATE SET period_type = EXCLUDED.period_type, fiscal_year = EXCLUDED.fiscal_year, fiscal_quarter = EXCLUDED.fiscal_quarter, currency = EXCLUDED.currency, unit = EXCLUDED.unit, report_date = EXCLUDED.report_date, source_id = EXCLUDED.source_id;
INSERT INTO financial_fact (period_id, concept, value, source_id)
SELECT p.id, v.concept, v.value, 'glove-tracker-kossan'
FROM financial_period p
JOIN (VALUES ('Revenue', 217.3::double precision), ('NetIncome', 14::double precision)) AS v(concept, value) ON true
WHERE p.company_id = 'kossan' AND p.period_label = 'Q2 FY08'
ON CONFLICT (period_id, concept) DO UPDATE SET value = EXCLUDED.value, source_id = EXCLUDED.source_id;
INSERT INTO financial_period (company_id, period_label, period_type, fiscal_year, fiscal_quarter, currency, unit, report_date, source_id) VALUES ('kossan', 'Q3 FY08', 'quarter', 2008, 3, 'MYR', 'MYR millions', '2008-09-30', 'glove-tracker-kossan') ON CONFLICT (company_id, period_label) DO UPDATE SET period_type = EXCLUDED.period_type, fiscal_year = EXCLUDED.fiscal_year, fiscal_quarter = EXCLUDED.fiscal_quarter, currency = EXCLUDED.currency, unit = EXCLUDED.unit, report_date = EXCLUDED.report_date, source_id = EXCLUDED.source_id;
INSERT INTO financial_fact (period_id, concept, value, source_id)
SELECT p.id, v.concept, v.value, 'glove-tracker-kossan'
FROM financial_period p
JOIN (VALUES ('Revenue', 237.2::double precision), ('NetIncome', 15.3::double precision)) AS v(concept, value) ON true
WHERE p.company_id = 'kossan' AND p.period_label = 'Q3 FY08'
ON CONFLICT (period_id, concept) DO UPDATE SET value = EXCLUDED.value, source_id = EXCLUDED.source_id;
INSERT INTO financial_period (company_id, period_label, period_type, fiscal_year, fiscal_quarter, currency, unit, report_date, source_id) VALUES ('kossan', 'Q4 FY08', 'quarter', 2008, 4, 'MYR', 'MYR millions', '2008-12-31', 'glove-tracker-kossan') ON CONFLICT (company_id, period_label) DO UPDATE SET period_type = EXCLUDED.period_type, fiscal_year = EXCLUDED.fiscal_year, fiscal_quarter = EXCLUDED.fiscal_quarter, currency = EXCLUDED.currency, unit = EXCLUDED.unit, report_date = EXCLUDED.report_date, source_id = EXCLUDED.source_id;
INSERT INTO financial_fact (period_id, concept, value, source_id)
SELECT p.id, v.concept, v.value, 'glove-tracker-kossan'
FROM financial_period p
JOIN (VALUES ('Revenue', 238.6::double precision), ('NetIncome', 15.9::double precision)) AS v(concept, value) ON true
WHERE p.company_id = 'kossan' AND p.period_label = 'Q4 FY08'
ON CONFLICT (period_id, concept) DO UPDATE SET value = EXCLUDED.value, source_id = EXCLUDED.source_id;
INSERT INTO financial_period (company_id, period_label, period_type, fiscal_year, fiscal_quarter, currency, unit, report_date, source_id) VALUES ('kossan', 'Q1 FY09', 'quarter', 2009, 1, 'MYR', 'MYR millions', '2009-03-31', 'glove-tracker-kossan') ON CONFLICT (company_id, period_label) DO UPDATE SET period_type = EXCLUDED.period_type, fiscal_year = EXCLUDED.fiscal_year, fiscal_quarter = EXCLUDED.fiscal_quarter, currency = EXCLUDED.currency, unit = EXCLUDED.unit, report_date = EXCLUDED.report_date, source_id = EXCLUDED.source_id;
INSERT INTO financial_fact (period_id, concept, value, source_id)
SELECT p.id, v.concept, v.value, 'glove-tracker-kossan'
FROM financial_period p
JOIN (VALUES ('Revenue', 202.4::double precision), ('NetIncome', 14.1::double precision)) AS v(concept, value) ON true
WHERE p.company_id = 'kossan' AND p.period_label = 'Q1 FY09'
ON CONFLICT (period_id, concept) DO UPDATE SET value = EXCLUDED.value, source_id = EXCLUDED.source_id;
INSERT INTO financial_period (company_id, period_label, period_type, fiscal_year, fiscal_quarter, currency, unit, report_date, source_id) VALUES ('kossan', 'Q2 FY09', 'quarter', 2009, 2, 'MYR', 'MYR millions', '2009-06-30', 'glove-tracker-kossan') ON CONFLICT (company_id, period_label) DO UPDATE SET period_type = EXCLUDED.period_type, fiscal_year = EXCLUDED.fiscal_year, fiscal_quarter = EXCLUDED.fiscal_quarter, currency = EXCLUDED.currency, unit = EXCLUDED.unit, report_date = EXCLUDED.report_date, source_id = EXCLUDED.source_id;
INSERT INTO financial_fact (period_id, concept, value, source_id)
SELECT p.id, v.concept, v.value, 'glove-tracker-kossan'
FROM financial_period p
JOIN (VALUES ('Revenue', 196.8::double precision), ('NetIncome', 13.6::double precision)) AS v(concept, value) ON true
WHERE p.company_id = 'kossan' AND p.period_label = 'Q2 FY09'
ON CONFLICT (period_id, concept) DO UPDATE SET value = EXCLUDED.value, source_id = EXCLUDED.source_id;
INSERT INTO financial_period (company_id, period_label, period_type, fiscal_year, fiscal_quarter, currency, unit, report_date, source_id) VALUES ('kossan', 'Q3 FY09', 'quarter', 2009, 3, 'MYR', 'MYR millions', '2009-09-30', 'glove-tracker-kossan') ON CONFLICT (company_id, period_label) DO UPDATE SET period_type = EXCLUDED.period_type, fiscal_year = EXCLUDED.fiscal_year, fiscal_quarter = EXCLUDED.fiscal_quarter, currency = EXCLUDED.currency, unit = EXCLUDED.unit, report_date = EXCLUDED.report_date, source_id = EXCLUDED.source_id;
INSERT INTO financial_fact (period_id, concept, value, source_id)
SELECT p.id, v.concept, v.value, 'glove-tracker-kossan'
FROM financial_period p
JOIN (VALUES ('Revenue', 210.1::double precision), ('NetIncome', 15.3::double precision)) AS v(concept, value) ON true
WHERE p.company_id = 'kossan' AND p.period_label = 'Q3 FY09'
ON CONFLICT (period_id, concept) DO UPDATE SET value = EXCLUDED.value, source_id = EXCLUDED.source_id;
INSERT INTO financial_period (company_id, period_label, period_type, fiscal_year, fiscal_quarter, currency, unit, report_date, source_id) VALUES ('kossan', 'Q4 FY09', 'quarter', 2009, 4, 'MYR', 'MYR millions', '2009-12-31', 'glove-tracker-kossan') ON CONFLICT (company_id, period_label) DO UPDATE SET period_type = EXCLUDED.period_type, fiscal_year = EXCLUDED.fiscal_year, fiscal_quarter = EXCLUDED.fiscal_quarter, currency = EXCLUDED.currency, unit = EXCLUDED.unit, report_date = EXCLUDED.report_date, source_id = EXCLUDED.source_id;
INSERT INTO financial_fact (period_id, concept, value, source_id)
SELECT p.id, v.concept, v.value, 'glove-tracker-kossan'
FROM financial_period p
JOIN (VALUES ('Revenue', 227.7::double precision), ('NetIncome', 24.2::double precision)) AS v(concept, value) ON true
WHERE p.company_id = 'kossan' AND p.period_label = 'Q4 FY09'
ON CONFLICT (period_id, concept) DO UPDATE SET value = EXCLUDED.value, source_id = EXCLUDED.source_id;
INSERT INTO financial_period (company_id, period_label, period_type, fiscal_year, fiscal_quarter, currency, unit, report_date, source_id) VALUES ('kossan', 'Q1 FY10', 'quarter', 2010, 1, 'MYR', 'MYR millions', '2010-03-31', 'glove-tracker-kossan') ON CONFLICT (company_id, period_label) DO UPDATE SET period_type = EXCLUDED.period_type, fiscal_year = EXCLUDED.fiscal_year, fiscal_quarter = EXCLUDED.fiscal_quarter, currency = EXCLUDED.currency, unit = EXCLUDED.unit, report_date = EXCLUDED.report_date, source_id = EXCLUDED.source_id;
INSERT INTO financial_fact (period_id, concept, value, source_id)
SELECT p.id, v.concept, v.value, 'glove-tracker-kossan'
FROM financial_period p
JOIN (VALUES ('Revenue', 262.8::double precision), ('NetIncome', 30.4::double precision)) AS v(concept, value) ON true
WHERE p.company_id = 'kossan' AND p.period_label = 'Q1 FY10'
ON CONFLICT (period_id, concept) DO UPDATE SET value = EXCLUDED.value, source_id = EXCLUDED.source_id;
INSERT INTO financial_period (company_id, period_label, period_type, fiscal_year, fiscal_quarter, currency, unit, report_date, source_id) VALUES ('kossan', 'Q2 FY10', 'quarter', 2010, 2, 'MYR', 'MYR millions', '2010-06-30', 'glove-tracker-kossan') ON CONFLICT (company_id, period_label) DO UPDATE SET period_type = EXCLUDED.period_type, fiscal_year = EXCLUDED.fiscal_year, fiscal_quarter = EXCLUDED.fiscal_quarter, currency = EXCLUDED.currency, unit = EXCLUDED.unit, report_date = EXCLUDED.report_date, source_id = EXCLUDED.source_id;
INSERT INTO financial_fact (period_id, concept, value, source_id)
SELECT p.id, v.concept, v.value, 'glove-tracker-kossan'
FROM financial_period p
JOIN (VALUES ('Revenue', 256.5::double precision), ('NetIncome', 30::double precision)) AS v(concept, value) ON true
WHERE p.company_id = 'kossan' AND p.period_label = 'Q2 FY10'
ON CONFLICT (period_id, concept) DO UPDATE SET value = EXCLUDED.value, source_id = EXCLUDED.source_id;
INSERT INTO financial_period (company_id, period_label, period_type, fiscal_year, fiscal_quarter, currency, unit, report_date, source_id) VALUES ('kossan', 'Q3 FY10', 'quarter', 2010, 3, 'MYR', 'MYR millions', '2010-09-30', 'glove-tracker-kossan') ON CONFLICT (company_id, period_label) DO UPDATE SET period_type = EXCLUDED.period_type, fiscal_year = EXCLUDED.fiscal_year, fiscal_quarter = EXCLUDED.fiscal_quarter, currency = EXCLUDED.currency, unit = EXCLUDED.unit, report_date = EXCLUDED.report_date, source_id = EXCLUDED.source_id;
INSERT INTO financial_fact (period_id, concept, value, source_id)
SELECT p.id, v.concept, v.value, 'glove-tracker-kossan'
FROM financial_period p
JOIN (VALUES ('Revenue', 275.6::double precision), ('NetIncome', 28.6::double precision)) AS v(concept, value) ON true
WHERE p.company_id = 'kossan' AND p.period_label = 'Q3 FY10'
ON CONFLICT (period_id, concept) DO UPDATE SET value = EXCLUDED.value, source_id = EXCLUDED.source_id;
INSERT INTO financial_period (company_id, period_label, period_type, fiscal_year, fiscal_quarter, currency, unit, report_date, source_id) VALUES ('kossan', 'Q4 FY10', 'quarter', 2010, 4, 'MYR', 'MYR millions', '2010-12-31', 'glove-tracker-kossan') ON CONFLICT (company_id, period_label) DO UPDATE SET period_type = EXCLUDED.period_type, fiscal_year = EXCLUDED.fiscal_year, fiscal_quarter = EXCLUDED.fiscal_quarter, currency = EXCLUDED.currency, unit = EXCLUDED.unit, report_date = EXCLUDED.report_date, source_id = EXCLUDED.source_id;
INSERT INTO financial_fact (period_id, concept, value, source_id)
SELECT p.id, v.concept, v.value, 'glove-tracker-kossan'
FROM financial_period p
JOIN (VALUES ('Revenue', 253::double precision), ('NetIncome', 29.5::double precision)) AS v(concept, value) ON true
WHERE p.company_id = 'kossan' AND p.period_label = 'Q4 FY10'
ON CONFLICT (period_id, concept) DO UPDATE SET value = EXCLUDED.value, source_id = EXCLUDED.source_id;
INSERT INTO financial_period (company_id, period_label, period_type, fiscal_year, fiscal_quarter, currency, unit, report_date, source_id) VALUES ('kossan', 'Q1 FY11', 'quarter', 2011, 1, 'MYR', 'MYR millions', '2011-03-31', 'glove-tracker-kossan') ON CONFLICT (company_id, period_label) DO UPDATE SET period_type = EXCLUDED.period_type, fiscal_year = EXCLUDED.fiscal_year, fiscal_quarter = EXCLUDED.fiscal_quarter, currency = EXCLUDED.currency, unit = EXCLUDED.unit, report_date = EXCLUDED.report_date, source_id = EXCLUDED.source_id;
INSERT INTO financial_fact (period_id, concept, value, source_id)
SELECT p.id, v.concept, v.value, 'glove-tracker-kossan'
FROM financial_period p
JOIN (VALUES ('Revenue', 256.4::double precision), ('NetIncome', 23::double precision)) AS v(concept, value) ON true
WHERE p.company_id = 'kossan' AND p.period_label = 'Q1 FY11'
ON CONFLICT (period_id, concept) DO UPDATE SET value = EXCLUDED.value, source_id = EXCLUDED.source_id;
INSERT INTO financial_period (company_id, period_label, period_type, fiscal_year, fiscal_quarter, currency, unit, report_date, source_id) VALUES ('kossan', 'Q2 FY11', 'quarter', 2011, 2, 'MYR', 'MYR millions', '2011-06-30', 'glove-tracker-kossan') ON CONFLICT (company_id, period_label) DO UPDATE SET period_type = EXCLUDED.period_type, fiscal_year = EXCLUDED.fiscal_year, fiscal_quarter = EXCLUDED.fiscal_quarter, currency = EXCLUDED.currency, unit = EXCLUDED.unit, report_date = EXCLUDED.report_date, source_id = EXCLUDED.source_id;
INSERT INTO financial_fact (period_id, concept, value, source_id)
SELECT p.id, v.concept, v.value, 'glove-tracker-kossan'
FROM financial_period p
JOIN (VALUES ('Revenue', 275.6::double precision), ('NetIncome', 20.9::double precision)) AS v(concept, value) ON true
WHERE p.company_id = 'kossan' AND p.period_label = 'Q2 FY11'
ON CONFLICT (period_id, concept) DO UPDATE SET value = EXCLUDED.value, source_id = EXCLUDED.source_id;
INSERT INTO financial_period (company_id, period_label, period_type, fiscal_year, fiscal_quarter, currency, unit, report_date, source_id) VALUES ('kossan', 'Q3 FY11', 'quarter', 2011, 3, 'MYR', 'MYR millions', '2011-09-30', 'glove-tracker-kossan') ON CONFLICT (company_id, period_label) DO UPDATE SET period_type = EXCLUDED.period_type, fiscal_year = EXCLUDED.fiscal_year, fiscal_quarter = EXCLUDED.fiscal_quarter, currency = EXCLUDED.currency, unit = EXCLUDED.unit, report_date = EXCLUDED.report_date, source_id = EXCLUDED.source_id;
INSERT INTO financial_fact (period_id, concept, value, source_id)
SELECT p.id, v.concept, v.value, 'glove-tracker-kossan'
FROM financial_period p
JOIN (VALUES ('Revenue', 278.5::double precision), ('NetIncome', 23.6::double precision)) AS v(concept, value) ON true
WHERE p.company_id = 'kossan' AND p.period_label = 'Q3 FY11'
ON CONFLICT (period_id, concept) DO UPDATE SET value = EXCLUDED.value, source_id = EXCLUDED.source_id;
INSERT INTO financial_period (company_id, period_label, period_type, fiscal_year, fiscal_quarter, currency, unit, report_date, source_id) VALUES ('kossan', 'Q4 FY11', 'quarter', 2011, 4, 'MYR', 'MYR millions', '2011-12-31', 'glove-tracker-kossan') ON CONFLICT (company_id, period_label) DO UPDATE SET period_type = EXCLUDED.period_type, fiscal_year = EXCLUDED.fiscal_year, fiscal_quarter = EXCLUDED.fiscal_quarter, currency = EXCLUDED.currency, unit = EXCLUDED.unit, report_date = EXCLUDED.report_date, source_id = EXCLUDED.source_id;
INSERT INTO financial_fact (period_id, concept, value, source_id)
SELECT p.id, v.concept, v.value, 'glove-tracker-kossan'
FROM financial_period p
JOIN (VALUES ('Revenue', 281.5::double precision), ('NetIncome', 24.3::double precision)) AS v(concept, value) ON true
WHERE p.company_id = 'kossan' AND p.period_label = 'Q4 FY11'
ON CONFLICT (period_id, concept) DO UPDATE SET value = EXCLUDED.value, source_id = EXCLUDED.source_id;
INSERT INTO financial_period (company_id, period_label, period_type, fiscal_year, fiscal_quarter, currency, unit, report_date, source_id) VALUES ('kossan', 'Q1 FY12', 'quarter', 2012, 1, 'MYR', 'MYR millions', '2012-03-31', 'glove-tracker-kossan') ON CONFLICT (company_id, period_label) DO UPDATE SET period_type = EXCLUDED.period_type, fiscal_year = EXCLUDED.fiscal_year, fiscal_quarter = EXCLUDED.fiscal_quarter, currency = EXCLUDED.currency, unit = EXCLUDED.unit, report_date = EXCLUDED.report_date, source_id = EXCLUDED.source_id;
INSERT INTO financial_fact (period_id, concept, value, source_id)
SELECT p.id, v.concept, v.value, 'glove-tracker-kossan'
FROM financial_period p
JOIN (VALUES ('Revenue', 289.4::double precision), ('NetIncome', 22::double precision)) AS v(concept, value) ON true
WHERE p.company_id = 'kossan' AND p.period_label = 'Q1 FY12'
ON CONFLICT (period_id, concept) DO UPDATE SET value = EXCLUDED.value, source_id = EXCLUDED.source_id;
INSERT INTO financial_period (company_id, period_label, period_type, fiscal_year, fiscal_quarter, currency, unit, report_date, source_id) VALUES ('kossan', 'Q2 FY12', 'quarter', 2012, 2, 'MYR', 'MYR millions', '2012-06-30', 'glove-tracker-kossan') ON CONFLICT (company_id, period_label) DO UPDATE SET period_type = EXCLUDED.period_type, fiscal_year = EXCLUDED.fiscal_year, fiscal_quarter = EXCLUDED.fiscal_quarter, currency = EXCLUDED.currency, unit = EXCLUDED.unit, report_date = EXCLUDED.report_date, source_id = EXCLUDED.source_id;
INSERT INTO financial_fact (period_id, concept, value, source_id)
SELECT p.id, v.concept, v.value, 'glove-tracker-kossan'
FROM financial_period p
JOIN (VALUES ('Revenue', 304.8::double precision), ('NetIncome', 23.6::double precision)) AS v(concept, value) ON true
WHERE p.company_id = 'kossan' AND p.period_label = 'Q2 FY12'
ON CONFLICT (period_id, concept) DO UPDATE SET value = EXCLUDED.value, source_id = EXCLUDED.source_id;
INSERT INTO financial_period (company_id, period_label, period_type, fiscal_year, fiscal_quarter, currency, unit, report_date, source_id) VALUES ('kossan', 'Q3 FY12', 'quarter', 2012, 3, 'MYR', 'MYR millions', '2012-09-30', 'glove-tracker-kossan') ON CONFLICT (company_id, period_label) DO UPDATE SET period_type = EXCLUDED.period_type, fiscal_year = EXCLUDED.fiscal_year, fiscal_quarter = EXCLUDED.fiscal_quarter, currency = EXCLUDED.currency, unit = EXCLUDED.unit, report_date = EXCLUDED.report_date, source_id = EXCLUDED.source_id;
INSERT INTO financial_fact (period_id, concept, value, source_id)
SELECT p.id, v.concept, v.value, 'glove-tracker-kossan'
FROM financial_period p
JOIN (VALUES ('Revenue', 322.7::double precision), ('NetIncome', 29.2::double precision)) AS v(concept, value) ON true
WHERE p.company_id = 'kossan' AND p.period_label = 'Q3 FY12'
ON CONFLICT (period_id, concept) DO UPDATE SET value = EXCLUDED.value, source_id = EXCLUDED.source_id;
INSERT INTO financial_period (company_id, period_label, period_type, fiscal_year, fiscal_quarter, currency, unit, report_date, source_id) VALUES ('kossan', 'Q4 FY12', 'quarter', 2012, 4, 'MYR', 'MYR millions', '2012-12-31', 'glove-tracker-kossan') ON CONFLICT (company_id, period_label) DO UPDATE SET period_type = EXCLUDED.period_type, fiscal_year = EXCLUDED.fiscal_year, fiscal_quarter = EXCLUDED.fiscal_quarter, currency = EXCLUDED.currency, unit = EXCLUDED.unit, report_date = EXCLUDED.report_date, source_id = EXCLUDED.source_id;
INSERT INTO financial_fact (period_id, concept, value, source_id)
SELECT p.id, v.concept, v.value, 'glove-tracker-kossan'
FROM financial_period p
JOIN (VALUES ('Revenue', 318.6::double precision), ('NetIncome', 29.7::double precision)) AS v(concept, value) ON true
WHERE p.company_id = 'kossan' AND p.period_label = 'Q4 FY12'
ON CONFLICT (period_id, concept) DO UPDATE SET value = EXCLUDED.value, source_id = EXCLUDED.source_id;
INSERT INTO financial_period (company_id, period_label, period_type, fiscal_year, fiscal_quarter, currency, unit, report_date, source_id) VALUES ('kossan', 'Q1 FY13', 'quarter', 2013, 1, 'MYR', 'MYR millions', '2013-03-31', 'glove-tracker-kossan') ON CONFLICT (company_id, period_label) DO UPDATE SET period_type = EXCLUDED.period_type, fiscal_year = EXCLUDED.fiscal_year, fiscal_quarter = EXCLUDED.fiscal_quarter, currency = EXCLUDED.currency, unit = EXCLUDED.unit, report_date = EXCLUDED.report_date, source_id = EXCLUDED.source_id;
INSERT INTO financial_fact (period_id, concept, value, source_id)
SELECT p.id, v.concept, v.value, 'glove-tracker-kossan'
FROM financial_period p
JOIN (VALUES ('Revenue', 327.3::double precision), ('NetIncome', 33.2::double precision)) AS v(concept, value) ON true
WHERE p.company_id = 'kossan' AND p.period_label = 'Q1 FY13'
ON CONFLICT (period_id, concept) DO UPDATE SET value = EXCLUDED.value, source_id = EXCLUDED.source_id;
INSERT INTO financial_period (company_id, period_label, period_type, fiscal_year, fiscal_quarter, currency, unit, report_date, source_id) VALUES ('kossan', 'Q2 FY13', 'quarter', 2013, 2, 'MYR', 'MYR millions', '2013-06-30', 'glove-tracker-kossan') ON CONFLICT (company_id, period_label) DO UPDATE SET period_type = EXCLUDED.period_type, fiscal_year = EXCLUDED.fiscal_year, fiscal_quarter = EXCLUDED.fiscal_quarter, currency = EXCLUDED.currency, unit = EXCLUDED.unit, report_date = EXCLUDED.report_date, source_id = EXCLUDED.source_id;
INSERT INTO financial_fact (period_id, concept, value, source_id)
SELECT p.id, v.concept, v.value, 'glove-tracker-kossan'
FROM financial_period p
JOIN (VALUES ('Revenue', 321.6::double precision), ('NetIncome', 33.5::double precision)) AS v(concept, value) ON true
WHERE p.company_id = 'kossan' AND p.period_label = 'Q2 FY13'
ON CONFLICT (period_id, concept) DO UPDATE SET value = EXCLUDED.value, source_id = EXCLUDED.source_id;
INSERT INTO financial_period (company_id, period_label, period_type, fiscal_year, fiscal_quarter, currency, unit, report_date, source_id) VALUES ('kossan', 'Q3 FY13', 'quarter', 2013, 3, 'MYR', 'MYR millions', '2013-09-30', 'glove-tracker-kossan') ON CONFLICT (company_id, period_label) DO UPDATE SET period_type = EXCLUDED.period_type, fiscal_year = EXCLUDED.fiscal_year, fiscal_quarter = EXCLUDED.fiscal_quarter, currency = EXCLUDED.currency, unit = EXCLUDED.unit, report_date = EXCLUDED.report_date, source_id = EXCLUDED.source_id;
INSERT INTO financial_fact (period_id, concept, value, source_id)
SELECT p.id, v.concept, v.value, 'glove-tracker-kossan'
FROM financial_period p
JOIN (VALUES ('Revenue', 333.5::double precision), ('NetIncome', 35.4::double precision)) AS v(concept, value) ON true
WHERE p.company_id = 'kossan' AND p.period_label = 'Q3 FY13'
ON CONFLICT (period_id, concept) DO UPDATE SET value = EXCLUDED.value, source_id = EXCLUDED.source_id;
INSERT INTO financial_period (company_id, period_label, period_type, fiscal_year, fiscal_quarter, currency, unit, report_date, source_id) VALUES ('kossan', 'Q4 FY13', 'quarter', 2013, 4, 'MYR', 'MYR millions', '2013-12-31', 'glove-tracker-kossan') ON CONFLICT (company_id, period_label) DO UPDATE SET period_type = EXCLUDED.period_type, fiscal_year = EXCLUDED.fiscal_year, fiscal_quarter = EXCLUDED.fiscal_quarter, currency = EXCLUDED.currency, unit = EXCLUDED.unit, report_date = EXCLUDED.report_date, source_id = EXCLUDED.source_id;
INSERT INTO financial_fact (period_id, concept, value, source_id)
SELECT p.id, v.concept, v.value, 'glove-tracker-kossan'
FROM financial_period p
JOIN (VALUES ('Revenue', 327.4::double precision), ('NetIncome', 38.6::double precision)) AS v(concept, value) ON true
WHERE p.company_id = 'kossan' AND p.period_label = 'Q4 FY13'
ON CONFLICT (period_id, concept) DO UPDATE SET value = EXCLUDED.value, source_id = EXCLUDED.source_id;
INSERT INTO financial_period (company_id, period_label, period_type, fiscal_year, fiscal_quarter, currency, unit, report_date, source_id) VALUES ('kossan', 'Q1 FY14', 'quarter', 2014, 1, 'MYR', 'MYR millions', '2014-03-31', 'glove-tracker-kossan') ON CONFLICT (company_id, period_label) DO UPDATE SET period_type = EXCLUDED.period_type, fiscal_year = EXCLUDED.fiscal_year, fiscal_quarter = EXCLUDED.fiscal_quarter, currency = EXCLUDED.currency, unit = EXCLUDED.unit, report_date = EXCLUDED.report_date, source_id = EXCLUDED.source_id;
INSERT INTO financial_fact (period_id, concept, value, source_id)
SELECT p.id, v.concept, v.value, 'glove-tracker-kossan'
FROM financial_period p
JOIN (VALUES ('Revenue', 306.2::double precision), ('NetIncome', 36.8::double precision)) AS v(concept, value) ON true
WHERE p.company_id = 'kossan' AND p.period_label = 'Q1 FY14'
ON CONFLICT (period_id, concept) DO UPDATE SET value = EXCLUDED.value, source_id = EXCLUDED.source_id;
INSERT INTO financial_period (company_id, period_label, period_type, fiscal_year, fiscal_quarter, currency, unit, report_date, source_id) VALUES ('kossan', 'Q2 FY14', 'quarter', 2014, 2, 'MYR', 'MYR millions', '2014-06-30', 'glove-tracker-kossan') ON CONFLICT (company_id, period_label) DO UPDATE SET period_type = EXCLUDED.period_type, fiscal_year = EXCLUDED.fiscal_year, fiscal_quarter = EXCLUDED.fiscal_quarter, currency = EXCLUDED.currency, unit = EXCLUDED.unit, report_date = EXCLUDED.report_date, source_id = EXCLUDED.source_id;
INSERT INTO financial_fact (period_id, concept, value, source_id)
SELECT p.id, v.concept, v.value, 'glove-tracker-kossan'
FROM financial_period p
JOIN (VALUES ('Revenue', 303.8::double precision), ('NetIncome', 34.6::double precision)) AS v(concept, value) ON true
WHERE p.company_id = 'kossan' AND p.period_label = 'Q2 FY14'
ON CONFLICT (period_id, concept) DO UPDATE SET value = EXCLUDED.value, source_id = EXCLUDED.source_id;
INSERT INTO financial_period (company_id, period_label, period_type, fiscal_year, fiscal_quarter, currency, unit, report_date, source_id) VALUES ('kossan', 'Q3 FY14', 'quarter', 2014, 3, 'MYR', 'MYR millions', '2014-09-30', 'glove-tracker-kossan') ON CONFLICT (company_id, period_label) DO UPDATE SET period_type = EXCLUDED.period_type, fiscal_year = EXCLUDED.fiscal_year, fiscal_quarter = EXCLUDED.fiscal_quarter, currency = EXCLUDED.currency, unit = EXCLUDED.unit, report_date = EXCLUDED.report_date, source_id = EXCLUDED.source_id;
INSERT INTO financial_fact (period_id, concept, value, source_id)
SELECT p.id, v.concept, v.value, 'glove-tracker-kossan'
FROM financial_period p
JOIN (VALUES ('Revenue', 328.4::double precision), ('NetIncome', 34.4::double precision)) AS v(concept, value) ON true
WHERE p.company_id = 'kossan' AND p.period_label = 'Q3 FY14'
ON CONFLICT (period_id, concept) DO UPDATE SET value = EXCLUDED.value, source_id = EXCLUDED.source_id;
INSERT INTO financial_period (company_id, period_label, period_type, fiscal_year, fiscal_quarter, currency, unit, report_date, source_id) VALUES ('kossan', 'Q4 FY14', 'quarter', 2014, 4, 'MYR', 'MYR millions', '2014-12-31', 'glove-tracker-kossan') ON CONFLICT (company_id, period_label) DO UPDATE SET period_type = EXCLUDED.period_type, fiscal_year = EXCLUDED.fiscal_year, fiscal_quarter = EXCLUDED.fiscal_quarter, currency = EXCLUDED.currency, unit = EXCLUDED.unit, report_date = EXCLUDED.report_date, source_id = EXCLUDED.source_id;
INSERT INTO financial_fact (period_id, concept, value, source_id)
SELECT p.id, v.concept, v.value, 'glove-tracker-kossan'
FROM financial_period p
JOIN (VALUES ('Revenue', 361::double precision), ('NetIncome', 37.9::double precision)) AS v(concept, value) ON true
WHERE p.company_id = 'kossan' AND p.period_label = 'Q4 FY14'
ON CONFLICT (period_id, concept) DO UPDATE SET value = EXCLUDED.value, source_id = EXCLUDED.source_id;
INSERT INTO financial_period (company_id, period_label, period_type, fiscal_year, fiscal_quarter, currency, unit, report_date, source_id) VALUES ('kossan', 'Q1 FY15', 'quarter', 2015, 1, 'MYR', 'MYR millions', '2015-03-31', 'glove-tracker-kossan') ON CONFLICT (company_id, period_label) DO UPDATE SET period_type = EXCLUDED.period_type, fiscal_year = EXCLUDED.fiscal_year, fiscal_quarter = EXCLUDED.fiscal_quarter, currency = EXCLUDED.currency, unit = EXCLUDED.unit, report_date = EXCLUDED.report_date, source_id = EXCLUDED.source_id;
INSERT INTO financial_fact (period_id, concept, value, source_id)
SELECT p.id, v.concept, v.value, 'glove-tracker-kossan'
FROM financial_period p
JOIN (VALUES ('Revenue', 369.3::double precision), ('NetIncome', 45.5::double precision)) AS v(concept, value) ON true
WHERE p.company_id = 'kossan' AND p.period_label = 'Q1 FY15'
ON CONFLICT (period_id, concept) DO UPDATE SET value = EXCLUDED.value, source_id = EXCLUDED.source_id;
INSERT INTO financial_period (company_id, period_label, period_type, fiscal_year, fiscal_quarter, currency, unit, report_date, source_id) VALUES ('kossan', 'Q2 FY15', 'quarter', 2015, 2, 'MYR', 'MYR millions', '2015-06-30', 'glove-tracker-kossan') ON CONFLICT (company_id, period_label) DO UPDATE SET period_type = EXCLUDED.period_type, fiscal_year = EXCLUDED.fiscal_year, fiscal_quarter = EXCLUDED.fiscal_quarter, currency = EXCLUDED.currency, unit = EXCLUDED.unit, report_date = EXCLUDED.report_date, source_id = EXCLUDED.source_id;
INSERT INTO financial_fact (period_id, concept, value, source_id)
SELECT p.id, v.concept, v.value, 'glove-tracker-kossan'
FROM financial_period p
JOIN (VALUES ('Revenue', 385.8::double precision), ('NetIncome', 47.4::double precision)) AS v(concept, value) ON true
WHERE p.company_id = 'kossan' AND p.period_label = 'Q2 FY15'
ON CONFLICT (period_id, concept) DO UPDATE SET value = EXCLUDED.value, source_id = EXCLUDED.source_id;
INSERT INTO financial_period (company_id, period_label, period_type, fiscal_year, fiscal_quarter, currency, unit, report_date, source_id) VALUES ('kossan', 'Q3 FY15', 'quarter', 2015, 3, 'MYR', 'MYR millions', '2015-09-30', 'glove-tracker-kossan') ON CONFLICT (company_id, period_label) DO UPDATE SET period_type = EXCLUDED.period_type, fiscal_year = EXCLUDED.fiscal_year, fiscal_quarter = EXCLUDED.fiscal_quarter, currency = EXCLUDED.currency, unit = EXCLUDED.unit, report_date = EXCLUDED.report_date, source_id = EXCLUDED.source_id;
INSERT INTO financial_fact (period_id, concept, value, source_id)
SELECT p.id, v.concept, v.value, 'glove-tracker-kossan'
FROM financial_period p
JOIN (VALUES ('Revenue', 441.7::double precision), ('NetIncome', 55.2::double precision)) AS v(concept, value) ON true
WHERE p.company_id = 'kossan' AND p.period_label = 'Q3 FY15'
ON CONFLICT (period_id, concept) DO UPDATE SET value = EXCLUDED.value, source_id = EXCLUDED.source_id;
INSERT INTO financial_period (company_id, period_label, period_type, fiscal_year, fiscal_quarter, currency, unit, report_date, source_id) VALUES ('kossan', 'Q4 FY15', 'quarter', 2015, 4, 'MYR', 'MYR millions', '2015-12-31', 'glove-tracker-kossan') ON CONFLICT (company_id, period_label) DO UPDATE SET period_type = EXCLUDED.period_type, fiscal_year = EXCLUDED.fiscal_year, fiscal_quarter = EXCLUDED.fiscal_quarter, currency = EXCLUDED.currency, unit = EXCLUDED.unit, report_date = EXCLUDED.report_date, source_id = EXCLUDED.source_id;
INSERT INTO financial_fact (period_id, concept, value, source_id)
SELECT p.id, v.concept, v.value, 'glove-tracker-kossan'
FROM financial_period p
JOIN (VALUES ('Revenue', 439.2::double precision), ('NetIncome', 55.2::double precision)) AS v(concept, value) ON true
WHERE p.company_id = 'kossan' AND p.period_label = 'Q4 FY15'
ON CONFLICT (period_id, concept) DO UPDATE SET value = EXCLUDED.value, source_id = EXCLUDED.source_id;
INSERT INTO financial_period (company_id, period_label, period_type, fiscal_year, fiscal_quarter, currency, unit, report_date, source_id) VALUES ('kossan', 'Q1 FY16', 'quarter', 2016, 1, 'MYR', 'MYR millions', '2016-03-31', 'glove-tracker-kossan') ON CONFLICT (company_id, period_label) DO UPDATE SET period_type = EXCLUDED.period_type, fiscal_year = EXCLUDED.fiscal_year, fiscal_quarter = EXCLUDED.fiscal_quarter, currency = EXCLUDED.currency, unit = EXCLUDED.unit, report_date = EXCLUDED.report_date, source_id = EXCLUDED.source_id;
INSERT INTO financial_fact (period_id, concept, value, source_id)
SELECT p.id, v.concept, v.value, 'glove-tracker-kossan'
FROM financial_period p
JOIN (VALUES ('Revenue', 412.3::double precision), ('NetIncome', 51.3::double precision)) AS v(concept, value) ON true
WHERE p.company_id = 'kossan' AND p.period_label = 'Q1 FY16'
ON CONFLICT (period_id, concept) DO UPDATE SET value = EXCLUDED.value, source_id = EXCLUDED.source_id;
INSERT INTO financial_period (company_id, period_label, period_type, fiscal_year, fiscal_quarter, currency, unit, report_date, source_id) VALUES ('kossan', 'Q2 FY16', 'quarter', 2016, 2, 'MYR', 'MYR millions', '2016-06-30', 'glove-tracker-kossan') ON CONFLICT (company_id, period_label) DO UPDATE SET period_type = EXCLUDED.period_type, fiscal_year = EXCLUDED.fiscal_year, fiscal_quarter = EXCLUDED.fiscal_quarter, currency = EXCLUDED.currency, unit = EXCLUDED.unit, report_date = EXCLUDED.report_date, source_id = EXCLUDED.source_id;
INSERT INTO financial_fact (period_id, concept, value, source_id)
SELECT p.id, v.concept, v.value, 'glove-tracker-kossan'
FROM financial_period p
JOIN (VALUES ('Revenue', 403.8::double precision), ('NetIncome', 41::double precision)) AS v(concept, value) ON true
WHERE p.company_id = 'kossan' AND p.period_label = 'Q2 FY16'
ON CONFLICT (period_id, concept) DO UPDATE SET value = EXCLUDED.value, source_id = EXCLUDED.source_id;
INSERT INTO financial_period (company_id, period_label, period_type, fiscal_year, fiscal_quarter, currency, unit, report_date, source_id) VALUES ('kossan', 'Q3 FY16', 'quarter', 2016, 3, 'MYR', 'MYR millions', '2016-09-30', 'glove-tracker-kossan') ON CONFLICT (company_id, period_label) DO UPDATE SET period_type = EXCLUDED.period_type, fiscal_year = EXCLUDED.fiscal_year, fiscal_quarter = EXCLUDED.fiscal_quarter, currency = EXCLUDED.currency, unit = EXCLUDED.unit, report_date = EXCLUDED.report_date, source_id = EXCLUDED.source_id;
INSERT INTO financial_fact (period_id, concept, value, source_id)
SELECT p.id, v.concept, v.value, 'glove-tracker-kossan'
FROM financial_period p
JOIN (VALUES ('Revenue', 414::double precision), ('NetIncome', 34::double precision)) AS v(concept, value) ON true
WHERE p.company_id = 'kossan' AND p.period_label = 'Q3 FY16'
ON CONFLICT (period_id, concept) DO UPDATE SET value = EXCLUDED.value, source_id = EXCLUDED.source_id;
INSERT INTO financial_period (company_id, period_label, period_type, fiscal_year, fiscal_quarter, currency, unit, report_date, source_id) VALUES ('kossan', 'Q4 FY16', 'quarter', 2016, 4, 'MYR', 'MYR millions', '2016-12-31', 'glove-tracker-kossan') ON CONFLICT (company_id, period_label) DO UPDATE SET period_type = EXCLUDED.period_type, fiscal_year = EXCLUDED.fiscal_year, fiscal_quarter = EXCLUDED.fiscal_quarter, currency = EXCLUDED.currency, unit = EXCLUDED.unit, report_date = EXCLUDED.report_date, source_id = EXCLUDED.source_id;
INSERT INTO financial_fact (period_id, concept, value, source_id)
SELECT p.id, v.concept, v.value, 'glove-tracker-kossan'
FROM financial_period p
JOIN (VALUES ('Revenue', 438.2::double precision), ('NetIncome', 44.6::double precision)) AS v(concept, value) ON true
WHERE p.company_id = 'kossan' AND p.period_label = 'Q4 FY16'
ON CONFLICT (period_id, concept) DO UPDATE SET value = EXCLUDED.value, source_id = EXCLUDED.source_id;
INSERT INTO financial_period (company_id, period_label, period_type, fiscal_year, fiscal_quarter, currency, unit, report_date, source_id) VALUES ('kossan', 'Q1 FY17', 'quarter', 2017, 1, 'MYR', 'MYR millions', '2017-03-31', 'glove-tracker-kossan') ON CONFLICT (company_id, period_label) DO UPDATE SET period_type = EXCLUDED.period_type, fiscal_year = EXCLUDED.fiscal_year, fiscal_quarter = EXCLUDED.fiscal_quarter, currency = EXCLUDED.currency, unit = EXCLUDED.unit, report_date = EXCLUDED.report_date, source_id = EXCLUDED.source_id;
INSERT INTO financial_fact (period_id, concept, value, source_id)
SELECT p.id, v.concept, v.value, 'glove-tracker-kossan'
FROM financial_period p
JOIN (VALUES ('Revenue', 500::double precision), ('NetIncome', 46.5::double precision)) AS v(concept, value) ON true
WHERE p.company_id = 'kossan' AND p.period_label = 'Q1 FY17'
ON CONFLICT (period_id, concept) DO UPDATE SET value = EXCLUDED.value, source_id = EXCLUDED.source_id;
INSERT INTO financial_period (company_id, period_label, period_type, fiscal_year, fiscal_quarter, currency, unit, report_date, source_id) VALUES ('kossan', 'Q2 FY17', 'quarter', 2017, 2, 'MYR', 'MYR millions', '2017-06-30', 'glove-tracker-kossan') ON CONFLICT (company_id, period_label) DO UPDATE SET period_type = EXCLUDED.period_type, fiscal_year = EXCLUDED.fiscal_year, fiscal_quarter = EXCLUDED.fiscal_quarter, currency = EXCLUDED.currency, unit = EXCLUDED.unit, report_date = EXCLUDED.report_date, source_id = EXCLUDED.source_id;
INSERT INTO financial_fact (period_id, concept, value, source_id)
SELECT p.id, v.concept, v.value, 'glove-tracker-kossan'
FROM financial_period p
JOIN (VALUES ('Revenue', 490.5::double precision), ('NetIncome', 45.5::double precision)) AS v(concept, value) ON true
WHERE p.company_id = 'kossan' AND p.period_label = 'Q2 FY17'
ON CONFLICT (period_id, concept) DO UPDATE SET value = EXCLUDED.value, source_id = EXCLUDED.source_id;
INSERT INTO financial_period (company_id, period_label, period_type, fiscal_year, fiscal_quarter, currency, unit, report_date, source_id) VALUES ('kossan', 'Q3 FY17', 'quarter', 2017, 3, 'MYR', 'MYR millions', '2017-09-30', 'glove-tracker-kossan') ON CONFLICT (company_id, period_label) DO UPDATE SET period_type = EXCLUDED.period_type, fiscal_year = EXCLUDED.fiscal_year, fiscal_quarter = EXCLUDED.fiscal_quarter, currency = EXCLUDED.currency, unit = EXCLUDED.unit, report_date = EXCLUDED.report_date, source_id = EXCLUDED.source_id;
INSERT INTO financial_fact (period_id, concept, value, source_id)
SELECT p.id, v.concept, v.value, 'glove-tracker-kossan'
FROM financial_period p
JOIN (VALUES ('Revenue', 489.2::double precision), ('NetIncome', 45.7::double precision)) AS v(concept, value) ON true
WHERE p.company_id = 'kossan' AND p.period_label = 'Q3 FY17'
ON CONFLICT (period_id, concept) DO UPDATE SET value = EXCLUDED.value, source_id = EXCLUDED.source_id;
INSERT INTO financial_period (company_id, period_label, period_type, fiscal_year, fiscal_quarter, currency, unit, report_date, source_id) VALUES ('kossan', 'Q4 FY17', 'quarter', 2017, 4, 'MYR', 'MYR millions', '2017-12-31', 'glove-tracker-kossan') ON CONFLICT (company_id, period_label) DO UPDATE SET period_type = EXCLUDED.period_type, fiscal_year = EXCLUDED.fiscal_year, fiscal_quarter = EXCLUDED.fiscal_quarter, currency = EXCLUDED.currency, unit = EXCLUDED.unit, report_date = EXCLUDED.report_date, source_id = EXCLUDED.source_id;
INSERT INTO financial_fact (period_id, concept, value, source_id)
SELECT p.id, v.concept, v.value, 'glove-tracker-kossan'
FROM financial_period p
JOIN (VALUES ('Revenue', 477.8::double precision), ('NetIncome', 46.5::double precision)) AS v(concept, value) ON true
WHERE p.company_id = 'kossan' AND p.period_label = 'Q4 FY17'
ON CONFLICT (period_id, concept) DO UPDATE SET value = EXCLUDED.value, source_id = EXCLUDED.source_id;
INSERT INTO financial_period (company_id, period_label, period_type, fiscal_year, fiscal_quarter, currency, unit, report_date, source_id) VALUES ('kossan', 'Q1 FY18', 'quarter', 2018, 1, 'MYR', 'MYR millions', '2018-03-31', 'glove-tracker-kossan') ON CONFLICT (company_id, period_label) DO UPDATE SET period_type = EXCLUDED.period_type, fiscal_year = EXCLUDED.fiscal_year, fiscal_quarter = EXCLUDED.fiscal_quarter, currency = EXCLUDED.currency, unit = EXCLUDED.unit, report_date = EXCLUDED.report_date, source_id = EXCLUDED.source_id;
INSERT INTO financial_fact (period_id, concept, value, source_id)
SELECT p.id, v.concept, v.value, 'glove-tracker-kossan'
FROM financial_period p
JOIN (VALUES ('Revenue', 484.2::double precision), ('NetIncome', 45.3::double precision)) AS v(concept, value) ON true
WHERE p.company_id = 'kossan' AND p.period_label = 'Q1 FY18'
ON CONFLICT (period_id, concept) DO UPDATE SET value = EXCLUDED.value, source_id = EXCLUDED.source_id;
INSERT INTO financial_period (company_id, period_label, period_type, fiscal_year, fiscal_quarter, currency, unit, report_date, source_id) VALUES ('kossan', 'Q2 FY18', 'quarter', 2018, 2, 'MYR', 'MYR millions', '2018-06-30', 'glove-tracker-kossan') ON CONFLICT (company_id, period_label) DO UPDATE SET period_type = EXCLUDED.period_type, fiscal_year = EXCLUDED.fiscal_year, fiscal_quarter = EXCLUDED.fiscal_quarter, currency = EXCLUDED.currency, unit = EXCLUDED.unit, report_date = EXCLUDED.report_date, source_id = EXCLUDED.source_id;
INSERT INTO financial_fact (period_id, concept, value, source_id)
SELECT p.id, v.concept, v.value, 'glove-tracker-kossan'
FROM financial_period p
JOIN (VALUES ('Revenue', 496.8::double precision), ('NetIncome', 44.7::double precision)) AS v(concept, value) ON true
WHERE p.company_id = 'kossan' AND p.period_label = 'Q2 FY18'
ON CONFLICT (period_id, concept) DO UPDATE SET value = EXCLUDED.value, source_id = EXCLUDED.source_id;
INSERT INTO financial_period (company_id, period_label, period_type, fiscal_year, fiscal_quarter, currency, unit, report_date, source_id) VALUES ('kossan', 'Q3 FY18', 'quarter', 2018, 3, 'MYR', 'MYR millions', '2018-09-30', 'glove-tracker-kossan') ON CONFLICT (company_id, period_label) DO UPDATE SET period_type = EXCLUDED.period_type, fiscal_year = EXCLUDED.fiscal_year, fiscal_quarter = EXCLUDED.fiscal_quarter, currency = EXCLUDED.currency, unit = EXCLUDED.unit, report_date = EXCLUDED.report_date, source_id = EXCLUDED.source_id;
INSERT INTO financial_fact (period_id, concept, value, source_id)
SELECT p.id, v.concept, v.value, 'glove-tracker-kossan'
FROM financial_period p
JOIN (VALUES ('Revenue', 573.9::double precision), ('NetIncome', 54.1::double precision)) AS v(concept, value) ON true
WHERE p.company_id = 'kossan' AND p.period_label = 'Q3 FY18'
ON CONFLICT (period_id, concept) DO UPDATE SET value = EXCLUDED.value, source_id = EXCLUDED.source_id;
INSERT INTO financial_period (company_id, period_label, period_type, fiscal_year, fiscal_quarter, currency, unit, report_date, source_id) VALUES ('kossan', 'Q4 FY18', 'quarter', 2018, 4, 'MYR', 'MYR millions', '2018-12-31', 'glove-tracker-kossan') ON CONFLICT (company_id, period_label) DO UPDATE SET period_type = EXCLUDED.period_type, fiscal_year = EXCLUDED.fiscal_year, fiscal_quarter = EXCLUDED.fiscal_quarter, currency = EXCLUDED.currency, unit = EXCLUDED.unit, report_date = EXCLUDED.report_date, source_id = EXCLUDED.source_id;
INSERT INTO financial_fact (period_id, concept, value, source_id)
SELECT p.id, v.concept, v.value, 'glove-tracker-kossan'
FROM financial_period p
JOIN (VALUES ('Revenue', 589.4::double precision), ('NetIncome', 59.5::double precision)) AS v(concept, value) ON true
WHERE p.company_id = 'kossan' AND p.period_label = 'Q4 FY18'
ON CONFLICT (period_id, concept) DO UPDATE SET value = EXCLUDED.value, source_id = EXCLUDED.source_id;
INSERT INTO financial_period (company_id, period_label, period_type, fiscal_year, fiscal_quarter, currency, unit, report_date, source_id) VALUES ('kossan', 'Q1 FY19', 'quarter', 2019, 1, 'MYR', 'MYR millions', '2019-03-31', 'glove-tracker-kossan') ON CONFLICT (company_id, period_label) DO UPDATE SET period_type = EXCLUDED.period_type, fiscal_year = EXCLUDED.fiscal_year, fiscal_quarter = EXCLUDED.fiscal_quarter, currency = EXCLUDED.currency, unit = EXCLUDED.unit, report_date = EXCLUDED.report_date, source_id = EXCLUDED.source_id;
INSERT INTO financial_fact (period_id, concept, value, source_id)
SELECT p.id, v.concept, v.value, 'glove-tracker-kossan'
FROM financial_period p
JOIN (VALUES ('Revenue', 561.5::double precision), ('NetIncome', 58.7::double precision)) AS v(concept, value) ON true
WHERE p.company_id = 'kossan' AND p.period_label = 'Q1 FY19'
ON CONFLICT (period_id, concept) DO UPDATE SET value = EXCLUDED.value, source_id = EXCLUDED.source_id;
INSERT INTO financial_period (company_id, period_label, period_type, fiscal_year, fiscal_quarter, currency, unit, report_date, source_id) VALUES ('kossan', 'Q2 FY19', 'quarter', 2019, 2, 'MYR', 'MYR millions', '2019-06-30', 'glove-tracker-kossan') ON CONFLICT (company_id, period_label) DO UPDATE SET period_type = EXCLUDED.period_type, fiscal_year = EXCLUDED.fiscal_year, fiscal_quarter = EXCLUDED.fiscal_quarter, currency = EXCLUDED.currency, unit = EXCLUDED.unit, report_date = EXCLUDED.report_date, source_id = EXCLUDED.source_id;
INSERT INTO financial_fact (period_id, concept, value, source_id)
SELECT p.id, v.concept, v.value, 'glove-tracker-kossan'
FROM financial_period p
JOIN (VALUES ('Revenue', 550.5::double precision), ('NetIncome', 55.9::double precision)) AS v(concept, value) ON true
WHERE p.company_id = 'kossan' AND p.period_label = 'Q2 FY19'
ON CONFLICT (period_id, concept) DO UPDATE SET value = EXCLUDED.value, source_id = EXCLUDED.source_id;
INSERT INTO financial_period (company_id, period_label, period_type, fiscal_year, fiscal_quarter, currency, unit, report_date, source_id) VALUES ('kossan', 'Q3 FY19', 'quarter', 2019, 3, 'MYR', 'MYR millions', '2019-09-30', 'glove-tracker-kossan') ON CONFLICT (company_id, period_label) DO UPDATE SET period_type = EXCLUDED.period_type, fiscal_year = EXCLUDED.fiscal_year, fiscal_quarter = EXCLUDED.fiscal_quarter, currency = EXCLUDED.currency, unit = EXCLUDED.unit, report_date = EXCLUDED.report_date, source_id = EXCLUDED.source_id;
INSERT INTO financial_fact (period_id, concept, value, source_id)
SELECT p.id, v.concept, v.value, 'glove-tracker-kossan'
FROM financial_period p
JOIN (VALUES ('Revenue', 531.3::double precision), ('NetIncome', 49.2::double precision)) AS v(concept, value) ON true
WHERE p.company_id = 'kossan' AND p.period_label = 'Q3 FY19'
ON CONFLICT (period_id, concept) DO UPDATE SET value = EXCLUDED.value, source_id = EXCLUDED.source_id;
INSERT INTO financial_period (company_id, period_label, period_type, fiscal_year, fiscal_quarter, currency, unit, report_date, source_id) VALUES ('kossan', 'Q4 FY19', 'quarter', 2019, 4, 'MYR', 'MYR millions', '2019-12-31', 'glove-tracker-kossan') ON CONFLICT (company_id, period_label) DO UPDATE SET period_type = EXCLUDED.period_type, fiscal_year = EXCLUDED.fiscal_year, fiscal_quarter = EXCLUDED.fiscal_quarter, currency = EXCLUDED.currency, unit = EXCLUDED.unit, report_date = EXCLUDED.report_date, source_id = EXCLUDED.source_id;
INSERT INTO financial_fact (period_id, concept, value, source_id)
SELECT p.id, v.concept, v.value, 'glove-tracker-kossan'
FROM financial_period p
JOIN (VALUES ('Revenue', 578.3::double precision), ('NetIncome', 61::double precision)) AS v(concept, value) ON true
WHERE p.company_id = 'kossan' AND p.period_label = 'Q4 FY19'
ON CONFLICT (period_id, concept) DO UPDATE SET value = EXCLUDED.value, source_id = EXCLUDED.source_id;
INSERT INTO financial_period (company_id, period_label, period_type, fiscal_year, fiscal_quarter, currency, unit, report_date, source_id) VALUES ('kossan', 'Q1 FY20', 'quarter', 2020, 1, 'MYR', 'MYR millions', '2020-03-31', 'glove-tracker-kossan') ON CONFLICT (company_id, period_label) DO UPDATE SET period_type = EXCLUDED.period_type, fiscal_year = EXCLUDED.fiscal_year, fiscal_quarter = EXCLUDED.fiscal_quarter, currency = EXCLUDED.currency, unit = EXCLUDED.unit, report_date = EXCLUDED.report_date, source_id = EXCLUDED.source_id;
INSERT INTO financial_fact (period_id, concept, value, source_id)
SELECT p.id, v.concept, v.value, 'glove-tracker-kossan'
FROM financial_period p
JOIN (VALUES ('Revenue', 611.5::double precision), ('NetIncome', 64.8::double precision)) AS v(concept, value) ON true
WHERE p.company_id = 'kossan' AND p.period_label = 'Q1 FY20'
ON CONFLICT (period_id, concept) DO UPDATE SET value = EXCLUDED.value, source_id = EXCLUDED.source_id;
INSERT INTO financial_period (company_id, period_label, period_type, fiscal_year, fiscal_quarter, currency, unit, report_date, source_id) VALUES ('kossan', 'Q2 FY20', 'quarter', 2020, 2, 'MYR', 'MYR millions', '2020-06-30', 'glove-tracker-kossan') ON CONFLICT (company_id, period_label) DO UPDATE SET period_type = EXCLUDED.period_type, fiscal_year = EXCLUDED.fiscal_year, fiscal_quarter = EXCLUDED.fiscal_quarter, currency = EXCLUDED.currency, unit = EXCLUDED.unit, report_date = EXCLUDED.report_date, source_id = EXCLUDED.source_id;
INSERT INTO financial_fact (period_id, concept, value, source_id)
SELECT p.id, v.concept, v.value, 'glove-tracker-kossan'
FROM financial_period p
JOIN (VALUES ('Revenue', 701.7::double precision), ('NetIncome', 131.1::double precision)) AS v(concept, value) ON true
WHERE p.company_id = 'kossan' AND p.period_label = 'Q2 FY20'
ON CONFLICT (period_id, concept) DO UPDATE SET value = EXCLUDED.value, source_id = EXCLUDED.source_id;
INSERT INTO financial_period (company_id, period_label, period_type, fiscal_year, fiscal_quarter, currency, unit, report_date, source_id) VALUES ('kossan', 'Q3 FY20', 'quarter', 2020, 3, 'MYR', 'MYR millions', '2020-09-30', 'glove-tracker-kossan') ON CONFLICT (company_id, period_label) DO UPDATE SET period_type = EXCLUDED.period_type, fiscal_year = EXCLUDED.fiscal_year, fiscal_quarter = EXCLUDED.fiscal_quarter, currency = EXCLUDED.currency, unit = EXCLUDED.unit, report_date = EXCLUDED.report_date, source_id = EXCLUDED.source_id;
INSERT INTO financial_fact (period_id, concept, value, source_id)
SELECT p.id, v.concept, v.value, 'glove-tracker-kossan'
FROM financial_period p
JOIN (VALUES ('Revenue', 1000::double precision), ('NetIncome', 348.7::double precision)) AS v(concept, value) ON true
WHERE p.company_id = 'kossan' AND p.period_label = 'Q3 FY20'
ON CONFLICT (period_id, concept) DO UPDATE SET value = EXCLUDED.value, source_id = EXCLUDED.source_id;
INSERT INTO financial_period (company_id, period_label, period_type, fiscal_year, fiscal_quarter, currency, unit, report_date, source_id) VALUES ('kossan', 'Q4 FY20', 'quarter', 2020, 4, 'MYR', 'MYR millions', '2020-12-31', 'glove-tracker-kossan') ON CONFLICT (company_id, period_label) DO UPDATE SET period_type = EXCLUDED.period_type, fiscal_year = EXCLUDED.fiscal_year, fiscal_quarter = EXCLUDED.fiscal_quarter, currency = EXCLUDED.currency, unit = EXCLUDED.unit, report_date = EXCLUDED.report_date, source_id = EXCLUDED.source_id;
INSERT INTO financial_fact (period_id, concept, value, source_id)
SELECT p.id, v.concept, v.value, 'glove-tracker-kossan'
FROM financial_period p
JOIN (VALUES ('Revenue', 1300::double precision), ('NetIncome', 542.5::double precision)) AS v(concept, value) ON true
WHERE p.company_id = 'kossan' AND p.period_label = 'Q4 FY20'
ON CONFLICT (period_id, concept) DO UPDATE SET value = EXCLUDED.value, source_id = EXCLUDED.source_id;
INSERT INTO financial_period (company_id, period_label, period_type, fiscal_year, fiscal_quarter, currency, unit, report_date, source_id) VALUES ('kossan', 'Q1 FY21', 'quarter', 2021, 1, 'MYR', 'MYR millions', '2021-03-31', 'glove-tracker-kossan') ON CONFLICT (company_id, period_label) DO UPDATE SET period_type = EXCLUDED.period_type, fiscal_year = EXCLUDED.fiscal_year, fiscal_quarter = EXCLUDED.fiscal_quarter, currency = EXCLUDED.currency, unit = EXCLUDED.unit, report_date = EXCLUDED.report_date, source_id = EXCLUDED.source_id;
INSERT INTO financial_fact (period_id, concept, value, source_id)
SELECT p.id, v.concept, v.value, 'glove-tracker-kossan'
FROM financial_period p
JOIN (VALUES ('Revenue', 2200::double precision), ('NetIncome', 1000::double precision)) AS v(concept, value) ON true
WHERE p.company_id = 'kossan' AND p.period_label = 'Q1 FY21'
ON CONFLICT (period_id, concept) DO UPDATE SET value = EXCLUDED.value, source_id = EXCLUDED.source_id;
INSERT INTO financial_period (company_id, period_label, period_type, fiscal_year, fiscal_quarter, currency, unit, report_date, source_id) VALUES ('kossan', 'Q2 FY21', 'quarter', 2021, 2, 'MYR', 'MYR millions', '2021-06-30', 'glove-tracker-kossan') ON CONFLICT (company_id, period_label) DO UPDATE SET period_type = EXCLUDED.period_type, fiscal_year = EXCLUDED.fiscal_year, fiscal_quarter = EXCLUDED.fiscal_quarter, currency = EXCLUDED.currency, unit = EXCLUDED.unit, report_date = EXCLUDED.report_date, source_id = EXCLUDED.source_id;
INSERT INTO financial_fact (period_id, concept, value, source_id)
SELECT p.id, v.concept, v.value, 'glove-tracker-kossan'
FROM financial_period p
JOIN (VALUES ('Revenue', 2200::double precision), ('NetIncome', 1100::double precision)) AS v(concept, value) ON true
WHERE p.company_id = 'kossan' AND p.period_label = 'Q2 FY21'
ON CONFLICT (period_id, concept) DO UPDATE SET value = EXCLUDED.value, source_id = EXCLUDED.source_id;
INSERT INTO financial_period (company_id, period_label, period_type, fiscal_year, fiscal_quarter, currency, unit, report_date, source_id) VALUES ('kossan', 'Q3 FY21', 'quarter', 2021, 3, 'MYR', 'MYR millions', '2021-09-30', 'glove-tracker-kossan') ON CONFLICT (company_id, period_label) DO UPDATE SET period_type = EXCLUDED.period_type, fiscal_year = EXCLUDED.fiscal_year, fiscal_quarter = EXCLUDED.fiscal_quarter, currency = EXCLUDED.currency, unit = EXCLUDED.unit, report_date = EXCLUDED.report_date, source_id = EXCLUDED.source_id;
INSERT INTO financial_fact (period_id, concept, value, source_id)
SELECT p.id, v.concept, v.value, 'glove-tracker-kossan'
FROM financial_period p
JOIN (VALUES ('Revenue', 1300::double precision), ('NetIncome', 528.2::double precision)) AS v(concept, value) ON true
WHERE p.company_id = 'kossan' AND p.period_label = 'Q3 FY21'
ON CONFLICT (period_id, concept) DO UPDATE SET value = EXCLUDED.value, source_id = EXCLUDED.source_id;
INSERT INTO financial_period (company_id, period_label, period_type, fiscal_year, fiscal_quarter, currency, unit, report_date, source_id) VALUES ('kossan', 'Q4 FY21', 'quarter', 2021, 4, 'MYR', 'MYR millions', '2021-12-31', 'glove-tracker-kossan') ON CONFLICT (company_id, period_label) DO UPDATE SET period_type = EXCLUDED.period_type, fiscal_year = EXCLUDED.fiscal_year, fiscal_quarter = EXCLUDED.fiscal_quarter, currency = EXCLUDED.currency, unit = EXCLUDED.unit, report_date = EXCLUDED.report_date, source_id = EXCLUDED.source_id;
INSERT INTO financial_fact (period_id, concept, value, source_id)
SELECT p.id, v.concept, v.value, 'glove-tracker-kossan'
FROM financial_period p
JOIN (VALUES ('Revenue', 924.6::double precision), ('NetIncome', 218.7::double precision)) AS v(concept, value) ON true
WHERE p.company_id = 'kossan' AND p.period_label = 'Q4 FY21'
ON CONFLICT (period_id, concept) DO UPDATE SET value = EXCLUDED.value, source_id = EXCLUDED.source_id;
INSERT INTO financial_period (company_id, period_label, period_type, fiscal_year, fiscal_quarter, currency, unit, report_date, source_id) VALUES ('kossan', 'Q1 FY22', 'quarter', 2022, 1, 'MYR', 'MYR millions', '2022-03-31', 'glove-tracker-kossan') ON CONFLICT (company_id, period_label) DO UPDATE SET period_type = EXCLUDED.period_type, fiscal_year = EXCLUDED.fiscal_year, fiscal_quarter = EXCLUDED.fiscal_quarter, currency = EXCLUDED.currency, unit = EXCLUDED.unit, report_date = EXCLUDED.report_date, source_id = EXCLUDED.source_id;
INSERT INTO financial_fact (period_id, concept, value, source_id)
SELECT p.id, v.concept, v.value, 'glove-tracker-kossan'
FROM financial_period p
JOIN (VALUES ('Revenue', 690.6::double precision), ('NetIncome', 90.1::double precision)) AS v(concept, value) ON true
WHERE p.company_id = 'kossan' AND p.period_label = 'Q1 FY22'
ON CONFLICT (period_id, concept) DO UPDATE SET value = EXCLUDED.value, source_id = EXCLUDED.source_id;
INSERT INTO financial_period (company_id, period_label, period_type, fiscal_year, fiscal_quarter, currency, unit, report_date, source_id) VALUES ('kossan', 'Q2 FY22', 'quarter', 2022, 2, 'MYR', 'MYR millions', '2022-06-30', 'glove-tracker-kossan') ON CONFLICT (company_id, period_label) DO UPDATE SET period_type = EXCLUDED.period_type, fiscal_year = EXCLUDED.fiscal_year, fiscal_quarter = EXCLUDED.fiscal_quarter, currency = EXCLUDED.currency, unit = EXCLUDED.unit, report_date = EXCLUDED.report_date, source_id = EXCLUDED.source_id;
INSERT INTO financial_fact (period_id, concept, value, source_id)
SELECT p.id, v.concept, v.value, 'glove-tracker-kossan'
FROM financial_period p
JOIN (VALUES ('Revenue', 589.9::double precision), ('NetIncome', 46::double precision)) AS v(concept, value) ON true
WHERE p.company_id = 'kossan' AND p.period_label = 'Q2 FY22'
ON CONFLICT (period_id, concept) DO UPDATE SET value = EXCLUDED.value, source_id = EXCLUDED.source_id;
INSERT INTO financial_period (company_id, period_label, period_type, fiscal_year, fiscal_quarter, currency, unit, report_date, source_id) VALUES ('kossan', 'Q3 FY22', 'quarter', 2022, 3, 'MYR', 'MYR millions', '2022-09-30', 'glove-tracker-kossan') ON CONFLICT (company_id, period_label) DO UPDATE SET period_type = EXCLUDED.period_type, fiscal_year = EXCLUDED.fiscal_year, fiscal_quarter = EXCLUDED.fiscal_quarter, currency = EXCLUDED.currency, unit = EXCLUDED.unit, report_date = EXCLUDED.report_date, source_id = EXCLUDED.source_id;
INSERT INTO financial_fact (period_id, concept, value, source_id)
SELECT p.id, v.concept, v.value, 'glove-tracker-kossan'
FROM financial_period p
JOIN (VALUES ('Revenue', 560.5::double precision), ('NetIncome', 23.3::double precision)) AS v(concept, value) ON true
WHERE p.company_id = 'kossan' AND p.period_label = 'Q3 FY22'
ON CONFLICT (period_id, concept) DO UPDATE SET value = EXCLUDED.value, source_id = EXCLUDED.source_id;
INSERT INTO financial_period (company_id, period_label, period_type, fiscal_year, fiscal_quarter, currency, unit, report_date, source_id) VALUES ('kossan', 'Q4 FY22', 'quarter', 2022, 4, 'MYR', 'MYR millions', '2022-12-31', 'glove-tracker-kossan') ON CONFLICT (company_id, period_label) DO UPDATE SET period_type = EXCLUDED.period_type, fiscal_year = EXCLUDED.fiscal_year, fiscal_quarter = EXCLUDED.fiscal_quarter, currency = EXCLUDED.currency, unit = EXCLUDED.unit, report_date = EXCLUDED.report_date, source_id = EXCLUDED.source_id;
INSERT INTO financial_fact (period_id, concept, value, source_id)
SELECT p.id, v.concept, v.value, 'glove-tracker-kossan'
FROM financial_period p
JOIN (VALUES ('Revenue', 481.4::double precision), ('NetIncome', -2.5::double precision)) AS v(concept, value) ON true
WHERE p.company_id = 'kossan' AND p.period_label = 'Q4 FY22'
ON CONFLICT (period_id, concept) DO UPDATE SET value = EXCLUDED.value, source_id = EXCLUDED.source_id;
INSERT INTO financial_period (company_id, period_label, period_type, fiscal_year, fiscal_quarter, currency, unit, report_date, source_id) VALUES ('kossan', 'Q1 FY23', 'quarter', 2023, 1, 'MYR', 'MYR millions', '2023-03-31', 'glove-tracker-kossan') ON CONFLICT (company_id, period_label) DO UPDATE SET period_type = EXCLUDED.period_type, fiscal_year = EXCLUDED.fiscal_year, fiscal_quarter = EXCLUDED.fiscal_quarter, currency = EXCLUDED.currency, unit = EXCLUDED.unit, report_date = EXCLUDED.report_date, source_id = EXCLUDED.source_id;
INSERT INTO financial_fact (period_id, concept, value, source_id)
SELECT p.id, v.concept, v.value, 'glove-tracker-kossan'
FROM financial_period p
JOIN (VALUES ('Revenue', 394.7::double precision), ('NetIncome', -24.3::double precision)) AS v(concept, value) ON true
WHERE p.company_id = 'kossan' AND p.period_label = 'Q1 FY23'
ON CONFLICT (period_id, concept) DO UPDATE SET value = EXCLUDED.value, source_id = EXCLUDED.source_id;
INSERT INTO financial_period (company_id, period_label, period_type, fiscal_year, fiscal_quarter, currency, unit, report_date, source_id) VALUES ('kossan', 'Q2 FY23', 'quarter', 2023, 2, 'MYR', 'MYR millions', '2023-06-30', 'glove-tracker-kossan') ON CONFLICT (company_id, period_label) DO UPDATE SET period_type = EXCLUDED.period_type, fiscal_year = EXCLUDED.fiscal_year, fiscal_quarter = EXCLUDED.fiscal_quarter, currency = EXCLUDED.currency, unit = EXCLUDED.unit, report_date = EXCLUDED.report_date, source_id = EXCLUDED.source_id;
INSERT INTO financial_fact (period_id, concept, value, source_id)
SELECT p.id, v.concept, v.value, 'glove-tracker-kossan'
FROM financial_period p
JOIN (VALUES ('Revenue', 387.5::double precision), ('NetIncome', -3.3::double precision)) AS v(concept, value) ON true
WHERE p.company_id = 'kossan' AND p.period_label = 'Q2 FY23'
ON CONFLICT (period_id, concept) DO UPDATE SET value = EXCLUDED.value, source_id = EXCLUDED.source_id;
INSERT INTO financial_period (company_id, period_label, period_type, fiscal_year, fiscal_quarter, currency, unit, report_date, source_id) VALUES ('kossan', 'Q3 FY23', 'quarter', 2023, 3, 'MYR', 'MYR millions', '2023-09-30', 'glove-tracker-kossan') ON CONFLICT (company_id, period_label) DO UPDATE SET period_type = EXCLUDED.period_type, fiscal_year = EXCLUDED.fiscal_year, fiscal_quarter = EXCLUDED.fiscal_quarter, currency = EXCLUDED.currency, unit = EXCLUDED.unit, report_date = EXCLUDED.report_date, source_id = EXCLUDED.source_id;
INSERT INTO financial_fact (period_id, concept, value, source_id)
SELECT p.id, v.concept, v.value, 'glove-tracker-kossan'
FROM financial_period p
JOIN (VALUES ('Revenue', 403.5::double precision), ('NetIncome', 41::double precision)) AS v(concept, value) ON true
WHERE p.company_id = 'kossan' AND p.period_label = 'Q3 FY23'
ON CONFLICT (period_id, concept) DO UPDATE SET value = EXCLUDED.value, source_id = EXCLUDED.source_id;
INSERT INTO financial_period (company_id, period_label, period_type, fiscal_year, fiscal_quarter, currency, unit, report_date, source_id) VALUES ('kossan', 'Q4 FY23', 'quarter', 2023, 4, 'MYR', 'MYR millions', '2023-12-31', 'glove-tracker-kossan') ON CONFLICT (company_id, period_label) DO UPDATE SET period_type = EXCLUDED.period_type, fiscal_year = EXCLUDED.fiscal_year, fiscal_quarter = EXCLUDED.fiscal_quarter, currency = EXCLUDED.currency, unit = EXCLUDED.unit, report_date = EXCLUDED.report_date, source_id = EXCLUDED.source_id;
INSERT INTO financial_fact (period_id, concept, value, source_id)
SELECT p.id, v.concept, v.value, 'glove-tracker-kossan'
FROM financial_period p
JOIN (VALUES ('Revenue', 400.1::double precision), ('NetIncome', 0.806::double precision)) AS v(concept, value) ON true
WHERE p.company_id = 'kossan' AND p.period_label = 'Q4 FY23'
ON CONFLICT (period_id, concept) DO UPDATE SET value = EXCLUDED.value, source_id = EXCLUDED.source_id;
INSERT INTO financial_period (company_id, period_label, period_type, fiscal_year, fiscal_quarter, currency, unit, report_date, source_id) VALUES ('kossan', 'Q1 FY24', 'quarter', 2024, 1, 'MYR', 'MYR millions', '2024-03-31', 'glove-tracker-kossan') ON CONFLICT (company_id, period_label) DO UPDATE SET period_type = EXCLUDED.period_type, fiscal_year = EXCLUDED.fiscal_year, fiscal_quarter = EXCLUDED.fiscal_quarter, currency = EXCLUDED.currency, unit = EXCLUDED.unit, report_date = EXCLUDED.report_date, source_id = EXCLUDED.source_id;
INSERT INTO financial_fact (period_id, concept, value, source_id)
SELECT p.id, v.concept, v.value, 'glove-tracker-kossan'
FROM financial_period p
JOIN (VALUES ('Revenue', 451.625::double precision), ('OperatingIncome', 41.039::double precision), ('NetIncome', 31.454::double precision)) AS v(concept, value) ON true
WHERE p.company_id = 'kossan' AND p.period_label = 'Q1 FY24'
ON CONFLICT (period_id, concept) DO UPDATE SET value = EXCLUDED.value, source_id = EXCLUDED.source_id;
INSERT INTO financial_period (company_id, period_label, period_type, fiscal_year, fiscal_quarter, currency, unit, report_date, source_id) VALUES ('kossan', 'Q2 FY24', 'quarter', 2024, 2, 'MYR', 'MYR millions', '2024-06-30', 'glove-tracker-kossan') ON CONFLICT (company_id, period_label) DO UPDATE SET period_type = EXCLUDED.period_type, fiscal_year = EXCLUDED.fiscal_year, fiscal_quarter = EXCLUDED.fiscal_quarter, currency = EXCLUDED.currency, unit = EXCLUDED.unit, report_date = EXCLUDED.report_date, source_id = EXCLUDED.source_id;
INSERT INTO financial_fact (period_id, concept, value, source_id)
SELECT p.id, v.concept, v.value, 'glove-tracker-kossan'
FROM financial_period p
JOIN (VALUES ('Revenue', 429.905::double precision), ('OperatingIncome', 38.653::double precision), ('NetIncome', 31.341::double precision)) AS v(concept, value) ON true
WHERE p.company_id = 'kossan' AND p.period_label = 'Q2 FY24'
ON CONFLICT (period_id, concept) DO UPDATE SET value = EXCLUDED.value, source_id = EXCLUDED.source_id;
INSERT INTO financial_period (company_id, period_label, period_type, fiscal_year, fiscal_quarter, currency, unit, report_date, source_id) VALUES ('kossan', 'Q3 FY24', 'quarter', 2024, 3, 'MYR', 'MYR millions', '2024-09-30', 'glove-tracker-kossan') ON CONFLICT (company_id, period_label) DO UPDATE SET period_type = EXCLUDED.period_type, fiscal_year = EXCLUDED.fiscal_year, fiscal_quarter = EXCLUDED.fiscal_quarter, currency = EXCLUDED.currency, unit = EXCLUDED.unit, report_date = EXCLUDED.report_date, source_id = EXCLUDED.source_id;
INSERT INTO financial_fact (period_id, concept, value, source_id)
SELECT p.id, v.concept, v.value, 'glove-tracker-kossan'
FROM financial_period p
JOIN (VALUES ('Revenue', 507.393::double precision), ('OperatingIncome', 40.156::double precision), ('NetIncome', 29.437::double precision)) AS v(concept, value) ON true
WHERE p.company_id = 'kossan' AND p.period_label = 'Q3 FY24'
ON CONFLICT (period_id, concept) DO UPDATE SET value = EXCLUDED.value, source_id = EXCLUDED.source_id;
INSERT INTO financial_period (company_id, period_label, period_type, fiscal_year, fiscal_quarter, currency, unit, report_date, source_id) VALUES ('kossan', 'Q4 FY24', 'quarter', 2024, 4, 'MYR', 'MYR millions', '2024-12-31', 'glove-tracker-kossan') ON CONFLICT (company_id, period_label) DO UPDATE SET period_type = EXCLUDED.period_type, fiscal_year = EXCLUDED.fiscal_year, fiscal_quarter = EXCLUDED.fiscal_quarter, currency = EXCLUDED.currency, unit = EXCLUDED.unit, report_date = EXCLUDED.report_date, source_id = EXCLUDED.source_id;
INSERT INTO financial_fact (period_id, concept, value, source_id)
SELECT p.id, v.concept, v.value, 'glove-tracker-kossan'
FROM financial_period p
JOIN (VALUES ('Revenue', 517.897::double precision), ('OperatingIncome', 39.559::double precision), ('NetIncome', 27.701::double precision)) AS v(concept, value) ON true
WHERE p.company_id = 'kossan' AND p.period_label = 'Q4 FY24'
ON CONFLICT (period_id, concept) DO UPDATE SET value = EXCLUDED.value, source_id = EXCLUDED.source_id;
INSERT INTO financial_period (company_id, period_label, period_type, fiscal_year, fiscal_quarter, currency, unit, report_date, source_id) VALUES ('kossan', 'Q1 FY25', 'quarter', 2025, 1, 'MYR', 'MYR millions', '2025-03-31', 'glove-tracker-kossan') ON CONFLICT (company_id, period_label) DO UPDATE SET period_type = EXCLUDED.period_type, fiscal_year = EXCLUDED.fiscal_year, fiscal_quarter = EXCLUDED.fiscal_quarter, currency = EXCLUDED.currency, unit = EXCLUDED.unit, report_date = EXCLUDED.report_date, source_id = EXCLUDED.source_id;
INSERT INTO financial_fact (period_id, concept, value, source_id)
SELECT p.id, v.concept, v.value, 'glove-tracker-kossan'
FROM financial_period p
JOIN (VALUES ('Revenue', 487.356::double precision), ('OperatingIncome', 47.878::double precision), ('NetIncome', 35.652::double precision)) AS v(concept, value) ON true
WHERE p.company_id = 'kossan' AND p.period_label = 'Q1 FY25'
ON CONFLICT (period_id, concept) DO UPDATE SET value = EXCLUDED.value, source_id = EXCLUDED.source_id;
INSERT INTO financial_period (company_id, period_label, period_type, fiscal_year, fiscal_quarter, currency, unit, report_date, source_id) VALUES ('kossan', 'Q2 FY25', 'quarter', 2025, 2, 'MYR', 'MYR millions', '2025-06-30', 'glove-tracker-kossan') ON CONFLICT (company_id, period_label) DO UPDATE SET period_type = EXCLUDED.period_type, fiscal_year = EXCLUDED.fiscal_year, fiscal_quarter = EXCLUDED.fiscal_quarter, currency = EXCLUDED.currency, unit = EXCLUDED.unit, report_date = EXCLUDED.report_date, source_id = EXCLUDED.source_id;
INSERT INTO financial_fact (period_id, concept, value, source_id)
SELECT p.id, v.concept, v.value, 'glove-tracker-kossan'
FROM financial_period p
JOIN (VALUES ('Revenue', 382.188::double precision), ('OperatingIncome', 38.519::double precision), ('NetIncome', 31.153::double precision)) AS v(concept, value) ON true
WHERE p.company_id = 'kossan' AND p.period_label = 'Q2 FY25'
ON CONFLICT (period_id, concept) DO UPDATE SET value = EXCLUDED.value, source_id = EXCLUDED.source_id;
INSERT INTO financial_period (company_id, period_label, period_type, fiscal_year, fiscal_quarter, currency, unit, report_date, source_id) VALUES ('kossan', 'Q3 FY25', 'quarter', 2025, 3, 'MYR', 'MYR millions', '2025-09-30', 'glove-tracker-kossan') ON CONFLICT (company_id, period_label) DO UPDATE SET period_type = EXCLUDED.period_type, fiscal_year = EXCLUDED.fiscal_year, fiscal_quarter = EXCLUDED.fiscal_quarter, currency = EXCLUDED.currency, unit = EXCLUDED.unit, report_date = EXCLUDED.report_date, source_id = EXCLUDED.source_id;
INSERT INTO financial_fact (period_id, concept, value, source_id)
SELECT p.id, v.concept, v.value, 'glove-tracker-kossan'
FROM financial_period p
JOIN (VALUES ('Revenue', 438.979::double precision), ('OperatingIncome', 45.086::double precision), ('NetIncome', 37.831::double precision)) AS v(concept, value) ON true
WHERE p.company_id = 'kossan' AND p.period_label = 'Q3 FY25'
ON CONFLICT (period_id, concept) DO UPDATE SET value = EXCLUDED.value, source_id = EXCLUDED.source_id;
INSERT INTO financial_period (company_id, period_label, period_type, fiscal_year, fiscal_quarter, currency, unit, report_date, source_id) VALUES ('kossan', 'Q4 FY25', 'quarter', 2025, 4, 'MYR', 'MYR millions', '2025-12-31', 'glove-tracker-kossan') ON CONFLICT (company_id, period_label) DO UPDATE SET period_type = EXCLUDED.period_type, fiscal_year = EXCLUDED.fiscal_year, fiscal_quarter = EXCLUDED.fiscal_quarter, currency = EXCLUDED.currency, unit = EXCLUDED.unit, report_date = EXCLUDED.report_date, source_id = EXCLUDED.source_id;
INSERT INTO financial_fact (period_id, concept, value, source_id)
SELECT p.id, v.concept, v.value, 'glove-tracker-kossan'
FROM financial_period p
JOIN (VALUES ('Revenue', 439.48::double precision), ('OperatingIncome', 44.997::double precision), ('NetIncome', 46.671::double precision)) AS v(concept, value) ON true
WHERE p.company_id = 'kossan' AND p.period_label = 'Q4 FY25'
ON CONFLICT (period_id, concept) DO UPDATE SET value = EXCLUDED.value, source_id = EXCLUDED.source_id;
INSERT INTO financial_period (company_id, period_label, period_type, fiscal_year, fiscal_quarter, currency, unit, report_date, source_id) VALUES ('kossan', 'FY03', 'annual', 2003, NULL, 'MYR', 'MYR millions', '2003-12-31', 'glove-tracker-kossan') ON CONFLICT (company_id, period_label) DO UPDATE SET period_type = EXCLUDED.period_type, fiscal_year = EXCLUDED.fiscal_year, fiscal_quarter = EXCLUDED.fiscal_quarter, currency = EXCLUDED.currency, unit = EXCLUDED.unit, report_date = EXCLUDED.report_date, source_id = EXCLUDED.source_id;
INSERT INTO financial_fact (period_id, concept, value, source_id)
SELECT p.id, v.concept, v.value, 'glove-tracker-kossan'
FROM financial_period p
JOIN (VALUES ('Revenue', 180.9::double precision), ('NetIncome', 16.8::double precision)) AS v(concept, value) ON true
WHERE p.company_id = 'kossan' AND p.period_label = 'FY03'
ON CONFLICT (period_id, concept) DO UPDATE SET value = EXCLUDED.value, source_id = EXCLUDED.source_id;
INSERT INTO financial_period (company_id, period_label, period_type, fiscal_year, fiscal_quarter, currency, unit, report_date, source_id) VALUES ('kossan', 'FY04', 'annual', 2004, NULL, 'MYR', 'MYR millions', '2004-12-31', 'glove-tracker-kossan') ON CONFLICT (company_id, period_label) DO UPDATE SET period_type = EXCLUDED.period_type, fiscal_year = EXCLUDED.fiscal_year, fiscal_quarter = EXCLUDED.fiscal_quarter, currency = EXCLUDED.currency, unit = EXCLUDED.unit, report_date = EXCLUDED.report_date, source_id = EXCLUDED.source_id;
INSERT INTO financial_fact (period_id, concept, value, source_id)
SELECT p.id, v.concept, v.value, 'glove-tracker-kossan'
FROM financial_period p
JOIN (VALUES ('Revenue', 279.2::double precision), ('NetIncome', 22.7::double precision)) AS v(concept, value) ON true
WHERE p.company_id = 'kossan' AND p.period_label = 'FY04'
ON CONFLICT (period_id, concept) DO UPDATE SET value = EXCLUDED.value, source_id = EXCLUDED.source_id;
INSERT INTO financial_period (company_id, period_label, period_type, fiscal_year, fiscal_quarter, currency, unit, report_date, source_id) VALUES ('kossan', 'FY05', 'annual', 2005, NULL, 'MYR', 'MYR millions', '2005-12-31', 'glove-tracker-kossan') ON CONFLICT (company_id, period_label) DO UPDATE SET period_type = EXCLUDED.period_type, fiscal_year = EXCLUDED.fiscal_year, fiscal_quarter = EXCLUDED.fiscal_quarter, currency = EXCLUDED.currency, unit = EXCLUDED.unit, report_date = EXCLUDED.report_date, source_id = EXCLUDED.source_id;
INSERT INTO financial_fact (period_id, concept, value, source_id)
SELECT p.id, v.concept, v.value, 'glove-tracker-kossan'
FROM financial_period p
JOIN (VALUES ('Revenue', 388::double precision), ('NetIncome', 29.1::double precision)) AS v(concept, value) ON true
WHERE p.company_id = 'kossan' AND p.period_label = 'FY05'
ON CONFLICT (period_id, concept) DO UPDATE SET value = EXCLUDED.value, source_id = EXCLUDED.source_id;
INSERT INTO financial_period (company_id, period_label, period_type, fiscal_year, fiscal_quarter, currency, unit, report_date, source_id) VALUES ('kossan', 'FY06', 'annual', 2006, NULL, 'MYR', 'MYR millions', '2006-12-31', 'glove-tracker-kossan') ON CONFLICT (company_id, period_label) DO UPDATE SET period_type = EXCLUDED.period_type, fiscal_year = EXCLUDED.fiscal_year, fiscal_quarter = EXCLUDED.fiscal_quarter, currency = EXCLUDED.currency, unit = EXCLUDED.unit, report_date = EXCLUDED.report_date, source_id = EXCLUDED.source_id;
INSERT INTO financial_fact (period_id, concept, value, source_id)
SELECT p.id, v.concept, v.value, 'glove-tracker-kossan'
FROM financial_period p
JOIN (VALUES ('Revenue', 573.3::double precision), ('NetIncome', 39.6::double precision)) AS v(concept, value) ON true
WHERE p.company_id = 'kossan' AND p.period_label = 'FY06'
ON CONFLICT (period_id, concept) DO UPDATE SET value = EXCLUDED.value, source_id = EXCLUDED.source_id;
INSERT INTO financial_period (company_id, period_label, period_type, fiscal_year, fiscal_quarter, currency, unit, report_date, source_id) VALUES ('kossan', 'FY07', 'annual', 2007, NULL, 'MYR', 'MYR millions', '2007-12-31', 'glove-tracker-kossan') ON CONFLICT (company_id, period_label) DO UPDATE SET period_type = EXCLUDED.period_type, fiscal_year = EXCLUDED.fiscal_year, fiscal_quarter = EXCLUDED.fiscal_quarter, currency = EXCLUDED.currency, unit = EXCLUDED.unit, report_date = EXCLUDED.report_date, source_id = EXCLUDED.source_id;
INSERT INTO financial_fact (period_id, concept, value, source_id)
SELECT p.id, v.concept, v.value, 'glove-tracker-kossan'
FROM financial_period p
JOIN (VALUES ('Revenue', 697.9::double precision), ('NetIncome', 60.2::double precision)) AS v(concept, value) ON true
WHERE p.company_id = 'kossan' AND p.period_label = 'FY07'
ON CONFLICT (period_id, concept) DO UPDATE SET value = EXCLUDED.value, source_id = EXCLUDED.source_id;
INSERT INTO financial_period (company_id, period_label, period_type, fiscal_year, fiscal_quarter, currency, unit, report_date, source_id) VALUES ('kossan', 'FY08', 'annual', 2008, NULL, 'MYR', 'MYR millions', '2008-12-31', 'glove-tracker-kossan') ON CONFLICT (company_id, period_label) DO UPDATE SET period_type = EXCLUDED.period_type, fiscal_year = EXCLUDED.fiscal_year, fiscal_quarter = EXCLUDED.fiscal_quarter, currency = EXCLUDED.currency, unit = EXCLUDED.unit, report_date = EXCLUDED.report_date, source_id = EXCLUDED.source_id;
INSERT INTO financial_fact (period_id, concept, value, source_id)
SELECT p.id, v.concept, v.value, 'glove-tracker-kossan'
FROM financial_period p
JOIN (VALUES ('Revenue', 893::double precision), ('NetIncome', 59.4::double precision)) AS v(concept, value) ON true
WHERE p.company_id = 'kossan' AND p.period_label = 'FY08'
ON CONFLICT (period_id, concept) DO UPDATE SET value = EXCLUDED.value, source_id = EXCLUDED.source_id;
INSERT INTO financial_period (company_id, period_label, period_type, fiscal_year, fiscal_quarter, currency, unit, report_date, source_id) VALUES ('kossan', 'FY09', 'annual', 2009, NULL, 'MYR', 'MYR millions', '2009-12-31', 'glove-tracker-kossan') ON CONFLICT (company_id, period_label) DO UPDATE SET period_type = EXCLUDED.period_type, fiscal_year = EXCLUDED.fiscal_year, fiscal_quarter = EXCLUDED.fiscal_quarter, currency = EXCLUDED.currency, unit = EXCLUDED.unit, report_date = EXCLUDED.report_date, source_id = EXCLUDED.source_id;
INSERT INTO financial_fact (period_id, concept, value, source_id)
SELECT p.id, v.concept, v.value, 'glove-tracker-kossan'
FROM financial_period p
JOIN (VALUES ('Revenue', 837::double precision), ('NetIncome', 67.2::double precision)) AS v(concept, value) ON true
WHERE p.company_id = 'kossan' AND p.period_label = 'FY09'
ON CONFLICT (period_id, concept) DO UPDATE SET value = EXCLUDED.value, source_id = EXCLUDED.source_id;
INSERT INTO financial_period (company_id, period_label, period_type, fiscal_year, fiscal_quarter, currency, unit, report_date, source_id) VALUES ('kossan', 'FY10', 'annual', 2010, NULL, 'MYR', 'MYR millions', '2010-12-31', 'glove-tracker-kossan') ON CONFLICT (company_id, period_label) DO UPDATE SET period_type = EXCLUDED.period_type, fiscal_year = EXCLUDED.fiscal_year, fiscal_quarter = EXCLUDED.fiscal_quarter, currency = EXCLUDED.currency, unit = EXCLUDED.unit, report_date = EXCLUDED.report_date, source_id = EXCLUDED.source_id;
INSERT INTO financial_fact (period_id, concept, value, source_id)
SELECT p.id, v.concept, v.value, 'glove-tracker-kossan'
FROM financial_period p
JOIN (VALUES ('Revenue', 1047.9::double precision), ('NetIncome', 118.5::double precision)) AS v(concept, value) ON true
WHERE p.company_id = 'kossan' AND p.period_label = 'FY10'
ON CONFLICT (period_id, concept) DO UPDATE SET value = EXCLUDED.value, source_id = EXCLUDED.source_id;
INSERT INTO financial_period (company_id, period_label, period_type, fiscal_year, fiscal_quarter, currency, unit, report_date, source_id) VALUES ('kossan', 'FY11', 'annual', 2011, NULL, 'MYR', 'MYR millions', '2011-12-31', 'glove-tracker-kossan') ON CONFLICT (company_id, period_label) DO UPDATE SET period_type = EXCLUDED.period_type, fiscal_year = EXCLUDED.fiscal_year, fiscal_quarter = EXCLUDED.fiscal_quarter, currency = EXCLUDED.currency, unit = EXCLUDED.unit, report_date = EXCLUDED.report_date, source_id = EXCLUDED.source_id;
INSERT INTO financial_fact (period_id, concept, value, source_id)
SELECT p.id, v.concept, v.value, 'glove-tracker-kossan'
FROM financial_period p
JOIN (VALUES ('Revenue', 1092::double precision), ('NetIncome', 91.8::double precision)) AS v(concept, value) ON true
WHERE p.company_id = 'kossan' AND p.period_label = 'FY11'
ON CONFLICT (period_id, concept) DO UPDATE SET value = EXCLUDED.value, source_id = EXCLUDED.source_id;
INSERT INTO financial_period (company_id, period_label, period_type, fiscal_year, fiscal_quarter, currency, unit, report_date, source_id) VALUES ('kossan', 'FY12', 'annual', 2012, NULL, 'MYR', 'MYR millions', '2012-12-31', 'glove-tracker-kossan') ON CONFLICT (company_id, period_label) DO UPDATE SET period_type = EXCLUDED.period_type, fiscal_year = EXCLUDED.fiscal_year, fiscal_quarter = EXCLUDED.fiscal_quarter, currency = EXCLUDED.currency, unit = EXCLUDED.unit, report_date = EXCLUDED.report_date, source_id = EXCLUDED.source_id;
INSERT INTO financial_fact (period_id, concept, value, source_id)
SELECT p.id, v.concept, v.value, 'glove-tracker-kossan'
FROM financial_period p
JOIN (VALUES ('Revenue', 1235.5::double precision), ('NetIncome', 104.5::double precision)) AS v(concept, value) ON true
WHERE p.company_id = 'kossan' AND p.period_label = 'FY12'
ON CONFLICT (period_id, concept) DO UPDATE SET value = EXCLUDED.value, source_id = EXCLUDED.source_id;
INSERT INTO financial_period (company_id, period_label, period_type, fiscal_year, fiscal_quarter, currency, unit, report_date, source_id) VALUES ('kossan', 'FY13', 'annual', 2013, NULL, 'MYR', 'MYR millions', '2013-12-31', 'glove-tracker-kossan') ON CONFLICT (company_id, period_label) DO UPDATE SET period_type = EXCLUDED.period_type, fiscal_year = EXCLUDED.fiscal_year, fiscal_quarter = EXCLUDED.fiscal_quarter, currency = EXCLUDED.currency, unit = EXCLUDED.unit, report_date = EXCLUDED.report_date, source_id = EXCLUDED.source_id;
INSERT INTO financial_fact (period_id, concept, value, source_id)
SELECT p.id, v.concept, v.value, 'glove-tracker-kossan'
FROM financial_period p
JOIN (VALUES ('Revenue', 1309.8::double precision), ('NetIncome', 140.7::double precision)) AS v(concept, value) ON true
WHERE p.company_id = 'kossan' AND p.period_label = 'FY13'
ON CONFLICT (period_id, concept) DO UPDATE SET value = EXCLUDED.value, source_id = EXCLUDED.source_id;
INSERT INTO financial_period (company_id, period_label, period_type, fiscal_year, fiscal_quarter, currency, unit, report_date, source_id) VALUES ('kossan', 'FY14', 'annual', 2014, NULL, 'MYR', 'MYR millions', '2014-12-31', 'glove-tracker-kossan') ON CONFLICT (company_id, period_label) DO UPDATE SET period_type = EXCLUDED.period_type, fiscal_year = EXCLUDED.fiscal_year, fiscal_quarter = EXCLUDED.fiscal_quarter, currency = EXCLUDED.currency, unit = EXCLUDED.unit, report_date = EXCLUDED.report_date, source_id = EXCLUDED.source_id;
INSERT INTO financial_fact (period_id, concept, value, source_id)
SELECT p.id, v.concept, v.value, 'glove-tracker-kossan'
FROM financial_period p
JOIN (VALUES ('Revenue', 1299.4::double precision), ('NetIncome', 143.7::double precision)) AS v(concept, value) ON true
WHERE p.company_id = 'kossan' AND p.period_label = 'FY14'
ON CONFLICT (period_id, concept) DO UPDATE SET value = EXCLUDED.value, source_id = EXCLUDED.source_id;
INSERT INTO financial_period (company_id, period_label, period_type, fiscal_year, fiscal_quarter, currency, unit, report_date, source_id) VALUES ('kossan', 'FY15', 'annual', 2015, NULL, 'MYR', 'MYR millions', '2015-12-31', 'glove-tracker-kossan') ON CONFLICT (company_id, period_label) DO UPDATE SET period_type = EXCLUDED.period_type, fiscal_year = EXCLUDED.fiscal_year, fiscal_quarter = EXCLUDED.fiscal_quarter, currency = EXCLUDED.currency, unit = EXCLUDED.unit, report_date = EXCLUDED.report_date, source_id = EXCLUDED.source_id;
INSERT INTO financial_fact (period_id, concept, value, source_id)
SELECT p.id, v.concept, v.value, 'glove-tracker-kossan'
FROM financial_period p
JOIN (VALUES ('Revenue', 1636::double precision), ('NetIncome', 203.3::double precision)) AS v(concept, value) ON true
WHERE p.company_id = 'kossan' AND p.period_label = 'FY15'
ON CONFLICT (period_id, concept) DO UPDATE SET value = EXCLUDED.value, source_id = EXCLUDED.source_id;
INSERT INTO financial_period (company_id, period_label, period_type, fiscal_year, fiscal_quarter, currency, unit, report_date, source_id) VALUES ('kossan', 'FY16', 'annual', 2016, NULL, 'MYR', 'MYR millions', '2016-12-31', 'glove-tracker-kossan') ON CONFLICT (company_id, period_label) DO UPDATE SET period_type = EXCLUDED.period_type, fiscal_year = EXCLUDED.fiscal_year, fiscal_quarter = EXCLUDED.fiscal_quarter, currency = EXCLUDED.currency, unit = EXCLUDED.unit, report_date = EXCLUDED.report_date, source_id = EXCLUDED.source_id;
INSERT INTO financial_fact (period_id, concept, value, source_id)
SELECT p.id, v.concept, v.value, 'glove-tracker-kossan'
FROM financial_period p
JOIN (VALUES ('Revenue', 1668.3::double precision), ('NetIncome', 170.9::double precision)) AS v(concept, value) ON true
WHERE p.company_id = 'kossan' AND p.period_label = 'FY16'
ON CONFLICT (period_id, concept) DO UPDATE SET value = EXCLUDED.value, source_id = EXCLUDED.source_id;
INSERT INTO financial_period (company_id, period_label, period_type, fiscal_year, fiscal_quarter, currency, unit, report_date, source_id) VALUES ('kossan', 'FY17', 'annual', 2017, NULL, 'MYR', 'MYR millions', '2017-12-31', 'glove-tracker-kossan') ON CONFLICT (company_id, period_label) DO UPDATE SET period_type = EXCLUDED.period_type, fiscal_year = EXCLUDED.fiscal_year, fiscal_quarter = EXCLUDED.fiscal_quarter, currency = EXCLUDED.currency, unit = EXCLUDED.unit, report_date = EXCLUDED.report_date, source_id = EXCLUDED.source_id;
INSERT INTO financial_fact (period_id, concept, value, source_id)
SELECT p.id, v.concept, v.value, 'glove-tracker-kossan'
FROM financial_period p
JOIN (VALUES ('Revenue', 1957.5::double precision), ('NetIncome', 184.2::double precision)) AS v(concept, value) ON true
WHERE p.company_id = 'kossan' AND p.period_label = 'FY17'
ON CONFLICT (period_id, concept) DO UPDATE SET value = EXCLUDED.value, source_id = EXCLUDED.source_id;
INSERT INTO financial_period (company_id, period_label, period_type, fiscal_year, fiscal_quarter, currency, unit, report_date, source_id) VALUES ('kossan', 'FY18', 'annual', 2018, NULL, 'MYR', 'MYR millions', '2018-12-31', 'glove-tracker-kossan') ON CONFLICT (company_id, period_label) DO UPDATE SET period_type = EXCLUDED.period_type, fiscal_year = EXCLUDED.fiscal_year, fiscal_quarter = EXCLUDED.fiscal_quarter, currency = EXCLUDED.currency, unit = EXCLUDED.unit, report_date = EXCLUDED.report_date, source_id = EXCLUDED.source_id;
INSERT INTO financial_fact (period_id, concept, value, source_id)
SELECT p.id, v.concept, v.value, 'glove-tracker-kossan'
FROM financial_period p
JOIN (VALUES ('Revenue', 2144.3::double precision), ('NetIncome', 203.6::double precision)) AS v(concept, value) ON true
WHERE p.company_id = 'kossan' AND p.period_label = 'FY18'
ON CONFLICT (period_id, concept) DO UPDATE SET value = EXCLUDED.value, source_id = EXCLUDED.source_id;
INSERT INTO financial_period (company_id, period_label, period_type, fiscal_year, fiscal_quarter, currency, unit, report_date, source_id) VALUES ('kossan', 'FY19', 'annual', 2019, NULL, 'MYR', 'MYR millions', '2019-12-31', 'glove-tracker-kossan') ON CONFLICT (company_id, period_label) DO UPDATE SET period_type = EXCLUDED.period_type, fiscal_year = EXCLUDED.fiscal_year, fiscal_quarter = EXCLUDED.fiscal_quarter, currency = EXCLUDED.currency, unit = EXCLUDED.unit, report_date = EXCLUDED.report_date, source_id = EXCLUDED.source_id;
INSERT INTO financial_fact (period_id, concept, value, source_id)
SELECT p.id, v.concept, v.value, 'glove-tracker-kossan'
FROM financial_period p
JOIN (VALUES ('Revenue', 2221.6::double precision), ('NetIncome', 224.8::double precision)) AS v(concept, value) ON true
WHERE p.company_id = 'kossan' AND p.period_label = 'FY19'
ON CONFLICT (period_id, concept) DO UPDATE SET value = EXCLUDED.value, source_id = EXCLUDED.source_id;
INSERT INTO financial_period (company_id, period_label, period_type, fiscal_year, fiscal_quarter, currency, unit, report_date, source_id) VALUES ('kossan', 'FY20', 'annual', 2020, NULL, 'MYR', 'MYR millions', '2020-12-31', 'glove-tracker-kossan') ON CONFLICT (company_id, period_label) DO UPDATE SET period_type = EXCLUDED.period_type, fiscal_year = EXCLUDED.fiscal_year, fiscal_quarter = EXCLUDED.fiscal_quarter, currency = EXCLUDED.currency, unit = EXCLUDED.unit, report_date = EXCLUDED.report_date, source_id = EXCLUDED.source_id;
INSERT INTO financial_fact (period_id, concept, value, source_id)
SELECT p.id, v.concept, v.value, 'glove-tracker-kossan'
FROM financial_period p
JOIN (VALUES ('Revenue', 3613.2::double precision), ('NetIncome', 1087.1::double precision)) AS v(concept, value) ON true
WHERE p.company_id = 'kossan' AND p.period_label = 'FY20'
ON CONFLICT (period_id, concept) DO UPDATE SET value = EXCLUDED.value, source_id = EXCLUDED.source_id;
INSERT INTO financial_period (company_id, period_label, period_type, fiscal_year, fiscal_quarter, currency, unit, report_date, source_id) VALUES ('kossan', 'FY21', 'annual', 2021, NULL, 'MYR', 'MYR millions', '2021-12-31', 'glove-tracker-kossan') ON CONFLICT (company_id, period_label) DO UPDATE SET period_type = EXCLUDED.period_type, fiscal_year = EXCLUDED.fiscal_year, fiscal_quarter = EXCLUDED.fiscal_quarter, currency = EXCLUDED.currency, unit = EXCLUDED.unit, report_date = EXCLUDED.report_date, source_id = EXCLUDED.source_id;
INSERT INTO financial_fact (period_id, concept, value, source_id)
SELECT p.id, v.concept, v.value, 'glove-tracker-kossan'
FROM financial_period p
JOIN (VALUES ('Revenue', 6624.6::double precision), ('NetIncome', 2846.9::double precision)) AS v(concept, value) ON true
WHERE p.company_id = 'kossan' AND p.period_label = 'FY21'
ON CONFLICT (period_id, concept) DO UPDATE SET value = EXCLUDED.value, source_id = EXCLUDED.source_id;
INSERT INTO financial_period (company_id, period_label, period_type, fiscal_year, fiscal_quarter, currency, unit, report_date, source_id) VALUES ('kossan', 'FY22', 'annual', 2022, NULL, 'MYR', 'MYR millions', '2022-12-31', 'glove-tracker-kossan') ON CONFLICT (company_id, period_label) DO UPDATE SET period_type = EXCLUDED.period_type, fiscal_year = EXCLUDED.fiscal_year, fiscal_quarter = EXCLUDED.fiscal_quarter, currency = EXCLUDED.currency, unit = EXCLUDED.unit, report_date = EXCLUDED.report_date, source_id = EXCLUDED.source_id;
INSERT INTO financial_fact (period_id, concept, value, source_id)
SELECT p.id, v.concept, v.value, 'glove-tracker-kossan'
FROM financial_period p
JOIN (VALUES ('Revenue', 2322.4::double precision), ('NetIncome', 156.9::double precision)) AS v(concept, value) ON true
WHERE p.company_id = 'kossan' AND p.period_label = 'FY22'
ON CONFLICT (period_id, concept) DO UPDATE SET value = EXCLUDED.value, source_id = EXCLUDED.source_id;
INSERT INTO financial_period (company_id, period_label, period_type, fiscal_year, fiscal_quarter, currency, unit, report_date, source_id) VALUES ('kossan', 'FY23', 'annual', 2023, NULL, 'MYR', 'MYR millions', '2023-12-31', 'glove-tracker-kossan') ON CONFLICT (company_id, period_label) DO UPDATE SET period_type = EXCLUDED.period_type, fiscal_year = EXCLUDED.fiscal_year, fiscal_quarter = EXCLUDED.fiscal_quarter, currency = EXCLUDED.currency, unit = EXCLUDED.unit, report_date = EXCLUDED.report_date, source_id = EXCLUDED.source_id;
INSERT INTO financial_fact (period_id, concept, value, source_id)
SELECT p.id, v.concept, v.value, 'glove-tracker-kossan'
FROM financial_period p
JOIN (VALUES ('Revenue', 1585.8::double precision), ('NetIncome', 14.206::double precision)) AS v(concept, value) ON true
WHERE p.company_id = 'kossan' AND p.period_label = 'FY23'
ON CONFLICT (period_id, concept) DO UPDATE SET value = EXCLUDED.value, source_id = EXCLUDED.source_id;
INSERT INTO financial_period (company_id, period_label, period_type, fiscal_year, fiscal_quarter, currency, unit, report_date, source_id) VALUES ('kossan', 'FY24', 'annual', 2024, NULL, 'MYR', 'MYR millions', '2024-12-31', 'glove-tracker-kossan') ON CONFLICT (company_id, period_label) DO UPDATE SET period_type = EXCLUDED.period_type, fiscal_year = EXCLUDED.fiscal_year, fiscal_quarter = EXCLUDED.fiscal_quarter, currency = EXCLUDED.currency, unit = EXCLUDED.unit, report_date = EXCLUDED.report_date, source_id = EXCLUDED.source_id;
INSERT INTO financial_fact (period_id, concept, value, source_id)
SELECT p.id, v.concept, v.value, 'glove-tracker-kossan'
FROM financial_period p
JOIN (VALUES ('Revenue', 1906.82::double precision), ('OperatingIncome', 159.407::double precision), ('NetIncome', 119.933::double precision)) AS v(concept, value) ON true
WHERE p.company_id = 'kossan' AND p.period_label = 'FY24'
ON CONFLICT (period_id, concept) DO UPDATE SET value = EXCLUDED.value, source_id = EXCLUDED.source_id;
INSERT INTO financial_period (company_id, period_label, period_type, fiscal_year, fiscal_quarter, currency, unit, report_date, source_id) VALUES ('kossan', 'FY25', 'annual', 2025, NULL, 'MYR', 'MYR millions', '2025-12-31', 'glove-tracker-kossan') ON CONFLICT (company_id, period_label) DO UPDATE SET period_type = EXCLUDED.period_type, fiscal_year = EXCLUDED.fiscal_year, fiscal_quarter = EXCLUDED.fiscal_quarter, currency = EXCLUDED.currency, unit = EXCLUDED.unit, report_date = EXCLUDED.report_date, source_id = EXCLUDED.source_id;
INSERT INTO financial_fact (period_id, concept, value, source_id)
SELECT p.id, v.concept, v.value, 'glove-tracker-kossan'
FROM financial_period p
JOIN (VALUES ('Revenue', 1748.003::double precision), ('OperatingIncome', 176.48::double precision), ('NetIncome', 151.307::double precision)) AS v(concept, value) ON true
WHERE p.company_id = 'kossan' AND p.period_label = 'FY25'
ON CONFLICT (period_id, concept) DO UPDATE SET value = EXCLUDED.value, source_id = EXCLUDED.source_id;
INSERT INTO source (id, kind, name, url, retrieved_at, note) VALUES ('glove-tracker-supermax', 'glove-tracker', 'glove-tracker import — Supermax Corporation Bursa quarterly reports', 'https://www.bursamalaysia.com', '2026-04-20', 'Imported from weisiang329-eng/glove-tracker (data/fund.json, is_mock=0 rows only). Original source: Bursa Malaysia quarterly report PDFs, auto-parsed. See apps/api/seed/glove/fundamentals.json for per-row provenance.') ON CONFLICT (id) DO UPDATE SET kind = EXCLUDED.kind, name = EXCLUDED.name, url = EXCLUDED.url, retrieved_at = EXCLUDED.retrieved_at, note = EXCLUDED.note;
INSERT INTO company (id, name, ticker, exchange, segment, country, industry_id, description, reporting_currency, fiscal_year_end_month) VALUES ('supermax', 'Supermax Corporation', 'SUPERMX', 'Bursa Malaysia', 'Rubber Gloves', 'Malaysia', 'rubber-gloves', 'Own-brand distribution model (Bursa 7106) — direct channels in North America and Europe.', 'MYR', NULL) ON CONFLICT (id) DO UPDATE SET name = EXCLUDED.name, ticker = EXCLUDED.ticker, exchange = EXCLUDED.exchange, segment = EXCLUDED.segment, country = EXCLUDED.country, industry_id = EXCLUDED.industry_id, description = EXCLUDED.description, reporting_currency = EXCLUDED.reporting_currency, fiscal_year_end_month = EXCLUDED.fiscal_year_end_month;
INSERT INTO financial_period (company_id, period_label, period_type, fiscal_year, fiscal_quarter, currency, unit, report_date, source_id) VALUES ('supermax', 'Q3 FY02', 'quarter', 2002, 3, 'MYR', 'MYR millions', '2002-09-30', 'glove-tracker-supermax') ON CONFLICT (company_id, period_label) DO UPDATE SET period_type = EXCLUDED.period_type, fiscal_year = EXCLUDED.fiscal_year, fiscal_quarter = EXCLUDED.fiscal_quarter, currency = EXCLUDED.currency, unit = EXCLUDED.unit, report_date = EXCLUDED.report_date, source_id = EXCLUDED.source_id;
INSERT INTO financial_fact (period_id, concept, value, source_id)
SELECT p.id, v.concept, v.value, 'glove-tracker-supermax'
FROM financial_period p
JOIN (VALUES ('Revenue', 22.4::double precision), ('NetIncome', 2.4::double precision)) AS v(concept, value) ON true
WHERE p.company_id = 'supermax' AND p.period_label = 'Q3 FY02'
ON CONFLICT (period_id, concept) DO UPDATE SET value = EXCLUDED.value, source_id = EXCLUDED.source_id;
INSERT INTO financial_period (company_id, period_label, period_type, fiscal_year, fiscal_quarter, currency, unit, report_date, source_id) VALUES ('supermax', 'Q4 FY02', 'quarter', 2002, 4, 'MYR', 'MYR millions', '2002-12-31', 'glove-tracker-supermax') ON CONFLICT (company_id, period_label) DO UPDATE SET period_type = EXCLUDED.period_type, fiscal_year = EXCLUDED.fiscal_year, fiscal_quarter = EXCLUDED.fiscal_quarter, currency = EXCLUDED.currency, unit = EXCLUDED.unit, report_date = EXCLUDED.report_date, source_id = EXCLUDED.source_id;
INSERT INTO financial_fact (period_id, concept, value, source_id)
SELECT p.id, v.concept, v.value, 'glove-tracker-supermax'
FROM financial_period p
JOIN (VALUES ('Revenue', 29.8::double precision), ('NetIncome', 1.9::double precision)) AS v(concept, value) ON true
WHERE p.company_id = 'supermax' AND p.period_label = 'Q4 FY02'
ON CONFLICT (period_id, concept) DO UPDATE SET value = EXCLUDED.value, source_id = EXCLUDED.source_id;
INSERT INTO financial_period (company_id, period_label, period_type, fiscal_year, fiscal_quarter, currency, unit, report_date, source_id) VALUES ('supermax', 'Q1 FY03', 'quarter', 2003, 1, 'MYR', 'MYR millions', '2003-03-31', 'glove-tracker-supermax') ON CONFLICT (company_id, period_label) DO UPDATE SET period_type = EXCLUDED.period_type, fiscal_year = EXCLUDED.fiscal_year, fiscal_quarter = EXCLUDED.fiscal_quarter, currency = EXCLUDED.currency, unit = EXCLUDED.unit, report_date = EXCLUDED.report_date, source_id = EXCLUDED.source_id;
INSERT INTO financial_fact (period_id, concept, value, source_id)
SELECT p.id, v.concept, v.value, 'glove-tracker-supermax'
FROM financial_period p
JOIN (VALUES ('Revenue', 31.1::double precision), ('NetIncome', 3.2::double precision)) AS v(concept, value) ON true
WHERE p.company_id = 'supermax' AND p.period_label = 'Q1 FY03'
ON CONFLICT (period_id, concept) DO UPDATE SET value = EXCLUDED.value, source_id = EXCLUDED.source_id;
INSERT INTO financial_period (company_id, period_label, period_type, fiscal_year, fiscal_quarter, currency, unit, report_date, source_id) VALUES ('supermax', 'Q2 FY03', 'quarter', 2003, 2, 'MYR', 'MYR millions', '2003-06-30', 'glove-tracker-supermax') ON CONFLICT (company_id, period_label) DO UPDATE SET period_type = EXCLUDED.period_type, fiscal_year = EXCLUDED.fiscal_year, fiscal_quarter = EXCLUDED.fiscal_quarter, currency = EXCLUDED.currency, unit = EXCLUDED.unit, report_date = EXCLUDED.report_date, source_id = EXCLUDED.source_id;
INSERT INTO financial_fact (period_id, concept, value, source_id)
SELECT p.id, v.concept, v.value, 'glove-tracker-supermax'
FROM financial_period p
JOIN (VALUES ('Revenue', 32.2::double precision), ('NetIncome', 4.2::double precision)) AS v(concept, value) ON true
WHERE p.company_id = 'supermax' AND p.period_label = 'Q2 FY03'
ON CONFLICT (period_id, concept) DO UPDATE SET value = EXCLUDED.value, source_id = EXCLUDED.source_id;
INSERT INTO financial_period (company_id, period_label, period_type, fiscal_year, fiscal_quarter, currency, unit, report_date, source_id) VALUES ('supermax', 'Q3 FY03', 'quarter', 2003, 3, 'MYR', 'MYR millions', '2003-09-30', 'glove-tracker-supermax') ON CONFLICT (company_id, period_label) DO UPDATE SET period_type = EXCLUDED.period_type, fiscal_year = EXCLUDED.fiscal_year, fiscal_quarter = EXCLUDED.fiscal_quarter, currency = EXCLUDED.currency, unit = EXCLUDED.unit, report_date = EXCLUDED.report_date, source_id = EXCLUDED.source_id;
INSERT INTO financial_fact (period_id, concept, value, source_id)
SELECT p.id, v.concept, v.value, 'glove-tracker-supermax'
FROM financial_period p
JOIN (VALUES ('Revenue', 34.8::double precision), ('NetIncome', 4.5::double precision)) AS v(concept, value) ON true
WHERE p.company_id = 'supermax' AND p.period_label = 'Q3 FY03'
ON CONFLICT (period_id, concept) DO UPDATE SET value = EXCLUDED.value, source_id = EXCLUDED.source_id;
INSERT INTO financial_period (company_id, period_label, period_type, fiscal_year, fiscal_quarter, currency, unit, report_date, source_id) VALUES ('supermax', 'Q4 FY03', 'quarter', 2003, 4, 'MYR', 'MYR millions', '2003-12-31', 'glove-tracker-supermax') ON CONFLICT (company_id, period_label) DO UPDATE SET period_type = EXCLUDED.period_type, fiscal_year = EXCLUDED.fiscal_year, fiscal_quarter = EXCLUDED.fiscal_quarter, currency = EXCLUDED.currency, unit = EXCLUDED.unit, report_date = EXCLUDED.report_date, source_id = EXCLUDED.source_id;
INSERT INTO financial_fact (period_id, concept, value, source_id)
SELECT p.id, v.concept, v.value, 'glove-tracker-supermax'
FROM financial_period p
JOIN (VALUES ('Revenue', 43.1::double precision), ('NetIncome', 5.2::double precision)) AS v(concept, value) ON true
WHERE p.company_id = 'supermax' AND p.period_label = 'Q4 FY03'
ON CONFLICT (period_id, concept) DO UPDATE SET value = EXCLUDED.value, source_id = EXCLUDED.source_id;
INSERT INTO financial_period (company_id, period_label, period_type, fiscal_year, fiscal_quarter, currency, unit, report_date, source_id) VALUES ('supermax', 'Q1 FY04', 'quarter', 2004, 1, 'MYR', 'MYR millions', '2004-03-31', 'glove-tracker-supermax') ON CONFLICT (company_id, period_label) DO UPDATE SET period_type = EXCLUDED.period_type, fiscal_year = EXCLUDED.fiscal_year, fiscal_quarter = EXCLUDED.fiscal_quarter, currency = EXCLUDED.currency, unit = EXCLUDED.unit, report_date = EXCLUDED.report_date, source_id = EXCLUDED.source_id;
INSERT INTO financial_fact (period_id, concept, value, source_id)
SELECT p.id, v.concept, v.value, 'glove-tracker-supermax'
FROM financial_period p
JOIN (VALUES ('Revenue', 43.6::double precision), ('NetIncome', 5.6::double precision)) AS v(concept, value) ON true
WHERE p.company_id = 'supermax' AND p.period_label = 'Q1 FY04'
ON CONFLICT (period_id, concept) DO UPDATE SET value = EXCLUDED.value, source_id = EXCLUDED.source_id;
INSERT INTO financial_period (company_id, period_label, period_type, fiscal_year, fiscal_quarter, currency, unit, report_date, source_id) VALUES ('supermax', 'Q2 FY04', 'quarter', 2004, 2, 'MYR', 'MYR millions', '2004-06-30', 'glove-tracker-supermax') ON CONFLICT (company_id, period_label) DO UPDATE SET period_type = EXCLUDED.period_type, fiscal_year = EXCLUDED.fiscal_year, fiscal_quarter = EXCLUDED.fiscal_quarter, currency = EXCLUDED.currency, unit = EXCLUDED.unit, report_date = EXCLUDED.report_date, source_id = EXCLUDED.source_id;
INSERT INTO financial_fact (period_id, concept, value, source_id)
SELECT p.id, v.concept, v.value, 'glove-tracker-supermax'
FROM financial_period p
JOIN (VALUES ('Revenue', 48.8::double precision), ('NetIncome', 5.7::double precision)) AS v(concept, value) ON true
WHERE p.company_id = 'supermax' AND p.period_label = 'Q2 FY04'
ON CONFLICT (period_id, concept) DO UPDATE SET value = EXCLUDED.value, source_id = EXCLUDED.source_id;
INSERT INTO financial_period (company_id, period_label, period_type, fiscal_year, fiscal_quarter, currency, unit, report_date, source_id) VALUES ('supermax', 'Q3 FY04', 'quarter', 2004, 3, 'MYR', 'MYR millions', '2004-09-30', 'glove-tracker-supermax') ON CONFLICT (company_id, period_label) DO UPDATE SET period_type = EXCLUDED.period_type, fiscal_year = EXCLUDED.fiscal_year, fiscal_quarter = EXCLUDED.fiscal_quarter, currency = EXCLUDED.currency, unit = EXCLUDED.unit, report_date = EXCLUDED.report_date, source_id = EXCLUDED.source_id;
INSERT INTO financial_fact (period_id, concept, value, source_id)
SELECT p.id, v.concept, v.value, 'glove-tracker-supermax'
FROM financial_period p
JOIN (VALUES ('Revenue', 57.5::double precision), ('NetIncome', 8::double precision)) AS v(concept, value) ON true
WHERE p.company_id = 'supermax' AND p.period_label = 'Q3 FY04'
ON CONFLICT (period_id, concept) DO UPDATE SET value = EXCLUDED.value, source_id = EXCLUDED.source_id;
INSERT INTO financial_period (company_id, period_label, period_type, fiscal_year, fiscal_quarter, currency, unit, report_date, source_id) VALUES ('supermax', 'Q4 FY04', 'quarter', 2004, 4, 'MYR', 'MYR millions', '2004-12-31', 'glove-tracker-supermax') ON CONFLICT (company_id, period_label) DO UPDATE SET period_type = EXCLUDED.period_type, fiscal_year = EXCLUDED.fiscal_year, fiscal_quarter = EXCLUDED.fiscal_quarter, currency = EXCLUDED.currency, unit = EXCLUDED.unit, report_date = EXCLUDED.report_date, source_id = EXCLUDED.source_id;
INSERT INTO financial_fact (period_id, concept, value, source_id)
SELECT p.id, v.concept, v.value, 'glove-tracker-supermax'
FROM financial_period p
JOIN (VALUES ('Revenue', 69.5::double precision), ('NetIncome', 9.2::double precision)) AS v(concept, value) ON true
WHERE p.company_id = 'supermax' AND p.period_label = 'Q4 FY04'
ON CONFLICT (period_id, concept) DO UPDATE SET value = EXCLUDED.value, source_id = EXCLUDED.source_id;
INSERT INTO financial_period (company_id, period_label, period_type, fiscal_year, fiscal_quarter, currency, unit, report_date, source_id) VALUES ('supermax', 'Q1 FY05', 'quarter', 2005, 1, 'MYR', 'MYR millions', '2005-03-31', 'glove-tracker-supermax') ON CONFLICT (company_id, period_label) DO UPDATE SET period_type = EXCLUDED.period_type, fiscal_year = EXCLUDED.fiscal_year, fiscal_quarter = EXCLUDED.fiscal_quarter, currency = EXCLUDED.currency, unit = EXCLUDED.unit, report_date = EXCLUDED.report_date, source_id = EXCLUDED.source_id;
INSERT INTO financial_fact (period_id, concept, value, source_id)
SELECT p.id, v.concept, v.value, 'glove-tracker-supermax'
FROM financial_period p
JOIN (VALUES ('Revenue', 62.2::double precision), ('NetIncome', 7.5::double precision)) AS v(concept, value) ON true
WHERE p.company_id = 'supermax' AND p.period_label = 'Q1 FY05'
ON CONFLICT (period_id, concept) DO UPDATE SET value = EXCLUDED.value, source_id = EXCLUDED.source_id;
INSERT INTO financial_period (company_id, period_label, period_type, fiscal_year, fiscal_quarter, currency, unit, report_date, source_id) VALUES ('supermax', 'Q2 FY05', 'quarter', 2005, 2, 'MYR', 'MYR millions', '2005-06-30', 'glove-tracker-supermax') ON CONFLICT (company_id, period_label) DO UPDATE SET period_type = EXCLUDED.period_type, fiscal_year = EXCLUDED.fiscal_year, fiscal_quarter = EXCLUDED.fiscal_quarter, currency = EXCLUDED.currency, unit = EXCLUDED.unit, report_date = EXCLUDED.report_date, source_id = EXCLUDED.source_id;
INSERT INTO financial_fact (period_id, concept, value, source_id)
SELECT p.id, v.concept, v.value, 'glove-tracker-supermax'
FROM financial_period p
JOIN (VALUES ('Revenue', 66::double precision), ('NetIncome', 10.9::double precision)) AS v(concept, value) ON true
WHERE p.company_id = 'supermax' AND p.period_label = 'Q2 FY05'
ON CONFLICT (period_id, concept) DO UPDATE SET value = EXCLUDED.value, source_id = EXCLUDED.source_id;
INSERT INTO financial_period (company_id, period_label, period_type, fiscal_year, fiscal_quarter, currency, unit, report_date, source_id) VALUES ('supermax', 'Q3 FY05', 'quarter', 2005, 3, 'MYR', 'MYR millions', '2005-09-30', 'glove-tracker-supermax') ON CONFLICT (company_id, period_label) DO UPDATE SET period_type = EXCLUDED.period_type, fiscal_year = EXCLUDED.fiscal_year, fiscal_quarter = EXCLUDED.fiscal_quarter, currency = EXCLUDED.currency, unit = EXCLUDED.unit, report_date = EXCLUDED.report_date, source_id = EXCLUDED.source_id;
INSERT INTO financial_fact (period_id, concept, value, source_id)
SELECT p.id, v.concept, v.value, 'glove-tracker-supermax'
FROM financial_period p
JOIN (VALUES ('Revenue', 73::double precision), ('NetIncome', 9::double precision)) AS v(concept, value) ON true
WHERE p.company_id = 'supermax' AND p.period_label = 'Q3 FY05'
ON CONFLICT (period_id, concept) DO UPDATE SET value = EXCLUDED.value, source_id = EXCLUDED.source_id;
INSERT INTO financial_period (company_id, period_label, period_type, fiscal_year, fiscal_quarter, currency, unit, report_date, source_id) VALUES ('supermax', 'Q4 FY05', 'quarter', 2005, 4, 'MYR', 'MYR millions', '2005-12-31', 'glove-tracker-supermax') ON CONFLICT (company_id, period_label) DO UPDATE SET period_type = EXCLUDED.period_type, fiscal_year = EXCLUDED.fiscal_year, fiscal_quarter = EXCLUDED.fiscal_quarter, currency = EXCLUDED.currency, unit = EXCLUDED.unit, report_date = EXCLUDED.report_date, source_id = EXCLUDED.source_id;
INSERT INTO financial_fact (period_id, concept, value, source_id)
SELECT p.id, v.concept, v.value, 'glove-tracker-supermax'
FROM financial_period p
JOIN (VALUES ('Revenue', 87::double precision), ('NetIncome', 9.6::double precision)) AS v(concept, value) ON true
WHERE p.company_id = 'supermax' AND p.period_label = 'Q4 FY05'
ON CONFLICT (period_id, concept) DO UPDATE SET value = EXCLUDED.value, source_id = EXCLUDED.source_id;
INSERT INTO financial_period (company_id, period_label, period_type, fiscal_year, fiscal_quarter, currency, unit, report_date, source_id) VALUES ('supermax', 'Q1 FY06', 'quarter', 2006, 1, 'MYR', 'MYR millions', '2006-03-31', 'glove-tracker-supermax') ON CONFLICT (company_id, period_label) DO UPDATE SET period_type = EXCLUDED.period_type, fiscal_year = EXCLUDED.fiscal_year, fiscal_quarter = EXCLUDED.fiscal_quarter, currency = EXCLUDED.currency, unit = EXCLUDED.unit, report_date = EXCLUDED.report_date, source_id = EXCLUDED.source_id;
INSERT INTO financial_fact (period_id, concept, value, source_id)
SELECT p.id, v.concept, v.value, 'glove-tracker-supermax'
FROM financial_period p
JOIN (VALUES ('Revenue', 85.7::double precision), ('NetIncome', 9::double precision)) AS v(concept, value) ON true
WHERE p.company_id = 'supermax' AND p.period_label = 'Q1 FY06'
ON CONFLICT (period_id, concept) DO UPDATE SET value = EXCLUDED.value, source_id = EXCLUDED.source_id;
INSERT INTO financial_period (company_id, period_label, period_type, fiscal_year, fiscal_quarter, currency, unit, report_date, source_id) VALUES ('supermax', 'Q2 FY06', 'quarter', 2006, 2, 'MYR', 'MYR millions', '2006-06-30', 'glove-tracker-supermax') ON CONFLICT (company_id, period_label) DO UPDATE SET period_type = EXCLUDED.period_type, fiscal_year = EXCLUDED.fiscal_year, fiscal_quarter = EXCLUDED.fiscal_quarter, currency = EXCLUDED.currency, unit = EXCLUDED.unit, report_date = EXCLUDED.report_date, source_id = EXCLUDED.source_id;
INSERT INTO financial_fact (period_id, concept, value, source_id)
SELECT p.id, v.concept, v.value, 'glove-tracker-supermax'
FROM financial_period p
JOIN (VALUES ('Revenue', 89.4::double precision), ('NetIncome', 10.2::double precision)) AS v(concept, value) ON true
WHERE p.company_id = 'supermax' AND p.period_label = 'Q2 FY06'
ON CONFLICT (period_id, concept) DO UPDATE SET value = EXCLUDED.value, source_id = EXCLUDED.source_id;
INSERT INTO financial_period (company_id, period_label, period_type, fiscal_year, fiscal_quarter, currency, unit, report_date, source_id) VALUES ('supermax', 'Q3 FY06', 'quarter', 2006, 3, 'MYR', 'MYR millions', '2006-09-30', 'glove-tracker-supermax') ON CONFLICT (company_id, period_label) DO UPDATE SET period_type = EXCLUDED.period_type, fiscal_year = EXCLUDED.fiscal_year, fiscal_quarter = EXCLUDED.fiscal_quarter, currency = EXCLUDED.currency, unit = EXCLUDED.unit, report_date = EXCLUDED.report_date, source_id = EXCLUDED.source_id;
INSERT INTO financial_fact (period_id, concept, value, source_id)
SELECT p.id, v.concept, v.value, 'glove-tracker-supermax'
FROM financial_period p
JOIN (VALUES ('Revenue', 102.1::double precision), ('NetIncome', 12::double precision)) AS v(concept, value) ON true
WHERE p.company_id = 'supermax' AND p.period_label = 'Q3 FY06'
ON CONFLICT (period_id, concept) DO UPDATE SET value = EXCLUDED.value, source_id = EXCLUDED.source_id;
INSERT INTO financial_period (company_id, period_label, period_type, fiscal_year, fiscal_quarter, currency, unit, report_date, source_id) VALUES ('supermax', 'Q4 FY06', 'quarter', 2006, 4, 'MYR', 'MYR millions', '2006-12-31', 'glove-tracker-supermax') ON CONFLICT (company_id, period_label) DO UPDATE SET period_type = EXCLUDED.period_type, fiscal_year = EXCLUDED.fiscal_year, fiscal_quarter = EXCLUDED.fiscal_quarter, currency = EXCLUDED.currency, unit = EXCLUDED.unit, report_date = EXCLUDED.report_date, source_id = EXCLUDED.source_id;
INSERT INTO financial_fact (period_id, concept, value, source_id)
SELECT p.id, v.concept, v.value, 'glove-tracker-supermax'
FROM financial_period p
JOIN (VALUES ('Revenue', 112::double precision), ('NetIncome', 9.6::double precision)) AS v(concept, value) ON true
WHERE p.company_id = 'supermax' AND p.period_label = 'Q4 FY06'
ON CONFLICT (period_id, concept) DO UPDATE SET value = EXCLUDED.value, source_id = EXCLUDED.source_id;
INSERT INTO financial_period (company_id, period_label, period_type, fiscal_year, fiscal_quarter, currency, unit, report_date, source_id) VALUES ('supermax', 'Q1 FY07', 'quarter', 2007, 1, 'MYR', 'MYR millions', '2007-03-31', 'glove-tracker-supermax') ON CONFLICT (company_id, period_label) DO UPDATE SET period_type = EXCLUDED.period_type, fiscal_year = EXCLUDED.fiscal_year, fiscal_quarter = EXCLUDED.fiscal_quarter, currency = EXCLUDED.currency, unit = EXCLUDED.unit, report_date = EXCLUDED.report_date, source_id = EXCLUDED.source_id;
INSERT INTO financial_fact (period_id, concept, value, source_id)
SELECT p.id, v.concept, v.value, 'glove-tracker-supermax'
FROM financial_period p
JOIN (VALUES ('Revenue', 115.6::double precision), ('NetIncome', 13.3::double precision)) AS v(concept, value) ON true
WHERE p.company_id = 'supermax' AND p.period_label = 'Q1 FY07'
ON CONFLICT (period_id, concept) DO UPDATE SET value = EXCLUDED.value, source_id = EXCLUDED.source_id;
INSERT INTO financial_period (company_id, period_label, period_type, fiscal_year, fiscal_quarter, currency, unit, report_date, source_id) VALUES ('supermax', 'Q2 FY07', 'quarter', 2007, 2, 'MYR', 'MYR millions', '2007-06-30', 'glove-tracker-supermax') ON CONFLICT (company_id, period_label) DO UPDATE SET period_type = EXCLUDED.period_type, fiscal_year = EXCLUDED.fiscal_year, fiscal_quarter = EXCLUDED.fiscal_quarter, currency = EXCLUDED.currency, unit = EXCLUDED.unit, report_date = EXCLUDED.report_date, source_id = EXCLUDED.source_id;
INSERT INTO financial_fact (period_id, concept, value, source_id)
SELECT p.id, v.concept, v.value, 'glove-tracker-supermax'
FROM financial_period p
JOIN (VALUES ('Revenue', 129.4::double precision), ('NetIncome', 15::double precision)) AS v(concept, value) ON true
WHERE p.company_id = 'supermax' AND p.period_label = 'Q2 FY07'
ON CONFLICT (period_id, concept) DO UPDATE SET value = EXCLUDED.value, source_id = EXCLUDED.source_id;
INSERT INTO financial_period (company_id, period_label, period_type, fiscal_year, fiscal_quarter, currency, unit, report_date, source_id) VALUES ('supermax', 'Q3 FY07', 'quarter', 2007, 3, 'MYR', 'MYR millions', '2007-09-30', 'glove-tracker-supermax') ON CONFLICT (company_id, period_label) DO UPDATE SET period_type = EXCLUDED.period_type, fiscal_year = EXCLUDED.fiscal_year, fiscal_quarter = EXCLUDED.fiscal_quarter, currency = EXCLUDED.currency, unit = EXCLUDED.unit, report_date = EXCLUDED.report_date, source_id = EXCLUDED.source_id;
INSERT INTO financial_fact (period_id, concept, value, source_id)
SELECT p.id, v.concept, v.value, 'glove-tracker-supermax'
FROM financial_period p
JOIN (VALUES ('Revenue', 148.3::double precision), ('NetIncome', 15.2::double precision)) AS v(concept, value) ON true
WHERE p.company_id = 'supermax' AND p.period_label = 'Q3 FY07'
ON CONFLICT (period_id, concept) DO UPDATE SET value = EXCLUDED.value, source_id = EXCLUDED.source_id;
INSERT INTO financial_period (company_id, period_label, period_type, fiscal_year, fiscal_quarter, currency, unit, report_date, source_id) VALUES ('supermax', 'Q4 FY07', 'quarter', 2007, 4, 'MYR', 'MYR millions', '2007-12-31', 'glove-tracker-supermax') ON CONFLICT (company_id, period_label) DO UPDATE SET period_type = EXCLUDED.period_type, fiscal_year = EXCLUDED.fiscal_year, fiscal_quarter = EXCLUDED.fiscal_quarter, currency = EXCLUDED.currency, unit = EXCLUDED.unit, report_date = EXCLUDED.report_date, source_id = EXCLUDED.source_id;
INSERT INTO financial_fact (period_id, concept, value, source_id)
SELECT p.id, v.concept, v.value, 'glove-tracker-supermax'
FROM financial_period p
JOIN (VALUES ('Revenue', 188.8::double precision), ('NetIncome', 15.5::double precision)) AS v(concept, value) ON true
WHERE p.company_id = 'supermax' AND p.period_label = 'Q4 FY07'
ON CONFLICT (period_id, concept) DO UPDATE SET value = EXCLUDED.value, source_id = EXCLUDED.source_id;
INSERT INTO financial_period (company_id, period_label, period_type, fiscal_year, fiscal_quarter, currency, unit, report_date, source_id) VALUES ('supermax', 'Q1 FY08', 'quarter', 2008, 1, 'MYR', 'MYR millions', '2008-03-31', 'glove-tracker-supermax') ON CONFLICT (company_id, period_label) DO UPDATE SET period_type = EXCLUDED.period_type, fiscal_year = EXCLUDED.fiscal_year, fiscal_quarter = EXCLUDED.fiscal_quarter, currency = EXCLUDED.currency, unit = EXCLUDED.unit, report_date = EXCLUDED.report_date, source_id = EXCLUDED.source_id;
INSERT INTO financial_fact (period_id, concept, value, source_id)
SELECT p.id, v.concept, v.value, 'glove-tracker-supermax'
FROM financial_period p
JOIN (VALUES ('Revenue', 191.5::double precision), ('NetIncome', 15.7::double precision)) AS v(concept, value) ON true
WHERE p.company_id = 'supermax' AND p.period_label = 'Q1 FY08'
ON CONFLICT (period_id, concept) DO UPDATE SET value = EXCLUDED.value, source_id = EXCLUDED.source_id;
INSERT INTO financial_period (company_id, period_label, period_type, fiscal_year, fiscal_quarter, currency, unit, report_date, source_id) VALUES ('supermax', 'Q2 FY08', 'quarter', 2008, 2, 'MYR', 'MYR millions', '2008-06-30', 'glove-tracker-supermax') ON CONFLICT (company_id, period_label) DO UPDATE SET period_type = EXCLUDED.period_type, fiscal_year = EXCLUDED.fiscal_year, fiscal_quarter = EXCLUDED.fiscal_quarter, currency = EXCLUDED.currency, unit = EXCLUDED.unit, report_date = EXCLUDED.report_date, source_id = EXCLUDED.source_id;
INSERT INTO financial_fact (period_id, concept, value, source_id)
SELECT p.id, v.concept, v.value, 'glove-tracker-supermax'
FROM financial_period p
JOIN (VALUES ('Revenue', 193.3::double precision), ('NetIncome', 13.8::double precision)) AS v(concept, value) ON true
WHERE p.company_id = 'supermax' AND p.period_label = 'Q2 FY08'
ON CONFLICT (period_id, concept) DO UPDATE SET value = EXCLUDED.value, source_id = EXCLUDED.source_id;
INSERT INTO financial_period (company_id, period_label, period_type, fiscal_year, fiscal_quarter, currency, unit, report_date, source_id) VALUES ('supermax', 'Q3 FY08', 'quarter', 2008, 3, 'MYR', 'MYR millions', '2008-09-30', 'glove-tracker-supermax') ON CONFLICT (company_id, period_label) DO UPDATE SET period_type = EXCLUDED.period_type, fiscal_year = EXCLUDED.fiscal_year, fiscal_quarter = EXCLUDED.fiscal_quarter, currency = EXCLUDED.currency, unit = EXCLUDED.unit, report_date = EXCLUDED.report_date, source_id = EXCLUDED.source_id;
INSERT INTO financial_fact (period_id, concept, value, source_id)
SELECT p.id, v.concept, v.value, 'glove-tracker-supermax'
FROM financial_period p
JOIN (VALUES ('Revenue', 244.3::double precision), ('NetIncome', 15.5::double precision)) AS v(concept, value) ON true
WHERE p.company_id = 'supermax' AND p.period_label = 'Q3 FY08'
ON CONFLICT (period_id, concept) DO UPDATE SET value = EXCLUDED.value, source_id = EXCLUDED.source_id;
INSERT INTO financial_period (company_id, period_label, period_type, fiscal_year, fiscal_quarter, currency, unit, report_date, source_id) VALUES ('supermax', 'Q4 FY08', 'quarter', 2008, 4, 'MYR', 'MYR millions', '2008-12-31', 'glove-tracker-supermax') ON CONFLICT (company_id, period_label) DO UPDATE SET period_type = EXCLUDED.period_type, fiscal_year = EXCLUDED.fiscal_year, fiscal_quarter = EXCLUDED.fiscal_quarter, currency = EXCLUDED.currency, unit = EXCLUDED.unit, report_date = EXCLUDED.report_date, source_id = EXCLUDED.source_id;
INSERT INTO financial_fact (period_id, concept, value, source_id)
SELECT p.id, v.concept, v.value, 'glove-tracker-supermax'
FROM financial_period p
JOIN (VALUES ('Revenue', 204.4::double precision), ('NetIncome', 1.5::double precision)) AS v(concept, value) ON true
WHERE p.company_id = 'supermax' AND p.period_label = 'Q4 FY08'
ON CONFLICT (period_id, concept) DO UPDATE SET value = EXCLUDED.value, source_id = EXCLUDED.source_id;
INSERT INTO financial_period (company_id, period_label, period_type, fiscal_year, fiscal_quarter, currency, unit, report_date, source_id) VALUES ('supermax', 'Q1 FY09', 'quarter', 2009, 1, 'MYR', 'MYR millions', '2009-03-31', 'glove-tracker-supermax') ON CONFLICT (company_id, period_label) DO UPDATE SET period_type = EXCLUDED.period_type, fiscal_year = EXCLUDED.fiscal_year, fiscal_quarter = EXCLUDED.fiscal_quarter, currency = EXCLUDED.currency, unit = EXCLUDED.unit, report_date = EXCLUDED.report_date, source_id = EXCLUDED.source_id;
INSERT INTO financial_fact (period_id, concept, value, source_id)
SELECT p.id, v.concept, v.value, 'glove-tracker-supermax'
FROM financial_period p
JOIN (VALUES ('Revenue', 192.4::double precision), ('NetIncome', 19.7::double precision)) AS v(concept, value) ON true
WHERE p.company_id = 'supermax' AND p.period_label = 'Q1 FY09'
ON CONFLICT (period_id, concept) DO UPDATE SET value = EXCLUDED.value, source_id = EXCLUDED.source_id;
INSERT INTO financial_period (company_id, period_label, period_type, fiscal_year, fiscal_quarter, currency, unit, report_date, source_id) VALUES ('supermax', 'Q2 FY09', 'quarter', 2009, 2, 'MYR', 'MYR millions', '2009-06-30', 'glove-tracker-supermax') ON CONFLICT (company_id, period_label) DO UPDATE SET period_type = EXCLUDED.period_type, fiscal_year = EXCLUDED.fiscal_year, fiscal_quarter = EXCLUDED.fiscal_quarter, currency = EXCLUDED.currency, unit = EXCLUDED.unit, report_date = EXCLUDED.report_date, source_id = EXCLUDED.source_id;
INSERT INTO financial_fact (period_id, concept, value, source_id)
SELECT p.id, v.concept, v.value, 'glove-tracker-supermax'
FROM financial_period p
JOIN (VALUES ('Revenue', 188.5::double precision), ('NetIncome', 25.8::double precision)) AS v(concept, value) ON true
WHERE p.company_id = 'supermax' AND p.period_label = 'Q2 FY09'
ON CONFLICT (period_id, concept) DO UPDATE SET value = EXCLUDED.value, source_id = EXCLUDED.source_id;
INSERT INTO financial_period (company_id, period_label, period_type, fiscal_year, fiscal_quarter, currency, unit, report_date, source_id) VALUES ('supermax', 'Q3 FY09', 'quarter', 2009, 3, 'MYR', 'MYR millions', '2009-09-30', 'glove-tracker-supermax') ON CONFLICT (company_id, period_label) DO UPDATE SET period_type = EXCLUDED.period_type, fiscal_year = EXCLUDED.fiscal_year, fiscal_quarter = EXCLUDED.fiscal_quarter, currency = EXCLUDED.currency, unit = EXCLUDED.unit, report_date = EXCLUDED.report_date, source_id = EXCLUDED.source_id;
INSERT INTO financial_fact (period_id, concept, value, source_id)
SELECT p.id, v.concept, v.value, 'glove-tracker-supermax'
FROM financial_period p
JOIN (VALUES ('Revenue', 237.6::double precision), ('NetIncome', 40.2::double precision)) AS v(concept, value) ON true
WHERE p.company_id = 'supermax' AND p.period_label = 'Q3 FY09'
ON CONFLICT (period_id, concept) DO UPDATE SET value = EXCLUDED.value, source_id = EXCLUDED.source_id;
INSERT INTO financial_period (company_id, period_label, period_type, fiscal_year, fiscal_quarter, currency, unit, report_date, source_id) VALUES ('supermax', 'Q4 FY09', 'quarter', 2009, 4, 'MYR', 'MYR millions', '2009-12-31', 'glove-tracker-supermax') ON CONFLICT (company_id, period_label) DO UPDATE SET period_type = EXCLUDED.period_type, fiscal_year = EXCLUDED.fiscal_year, fiscal_quarter = EXCLUDED.fiscal_quarter, currency = EXCLUDED.currency, unit = EXCLUDED.unit, report_date = EXCLUDED.report_date, source_id = EXCLUDED.source_id;
INSERT INTO financial_fact (period_id, concept, value, source_id)
SELECT p.id, v.concept, v.value, 'glove-tracker-supermax'
FROM financial_period p
JOIN (VALUES ('Revenue', 196.4::double precision), ('NetIncome', 44.1::double precision)) AS v(concept, value) ON true
WHERE p.company_id = 'supermax' AND p.period_label = 'Q4 FY09'
ON CONFLICT (period_id, concept) DO UPDATE SET value = EXCLUDED.value, source_id = EXCLUDED.source_id;
INSERT INTO financial_period (company_id, period_label, period_type, fiscal_year, fiscal_quarter, currency, unit, report_date, source_id) VALUES ('supermax', 'Q1 FY10', 'quarter', 2010, 1, 'MYR', 'MYR millions', '2010-03-31', 'glove-tracker-supermax') ON CONFLICT (company_id, period_label) DO UPDATE SET period_type = EXCLUDED.period_type, fiscal_year = EXCLUDED.fiscal_year, fiscal_quarter = EXCLUDED.fiscal_quarter, currency = EXCLUDED.currency, unit = EXCLUDED.unit, report_date = EXCLUDED.report_date, source_id = EXCLUDED.source_id;
INSERT INTO financial_fact (period_id, concept, value, source_id)
SELECT p.id, v.concept, v.value, 'glove-tracker-supermax'
FROM financial_period p
JOIN (VALUES ('Revenue', 220.7::double precision), ('NetIncome', 51.5::double precision)) AS v(concept, value) ON true
WHERE p.company_id = 'supermax' AND p.period_label = 'Q1 FY10'
ON CONFLICT (period_id, concept) DO UPDATE SET value = EXCLUDED.value, source_id = EXCLUDED.source_id;
INSERT INTO financial_period (company_id, period_label, period_type, fiscal_year, fiscal_quarter, currency, unit, report_date, source_id) VALUES ('supermax', 'Q2 FY10', 'quarter', 2010, 2, 'MYR', 'MYR millions', '2010-06-30', 'glove-tracker-supermax') ON CONFLICT (company_id, period_label) DO UPDATE SET period_type = EXCLUDED.period_type, fiscal_year = EXCLUDED.fiscal_year, fiscal_quarter = EXCLUDED.fiscal_quarter, currency = EXCLUDED.currency, unit = EXCLUDED.unit, report_date = EXCLUDED.report_date, source_id = EXCLUDED.source_id;
INSERT INTO financial_fact (period_id, concept, value, source_id)
SELECT p.id, v.concept, v.value, 'glove-tracker-supermax'
FROM financial_period p
JOIN (VALUES ('Revenue', 234.8::double precision), ('NetIncome', 45.9::double precision)) AS v(concept, value) ON true
WHERE p.company_id = 'supermax' AND p.period_label = 'Q2 FY10'
ON CONFLICT (period_id, concept) DO UPDATE SET value = EXCLUDED.value, source_id = EXCLUDED.source_id;
INSERT INTO financial_period (company_id, period_label, period_type, fiscal_year, fiscal_quarter, currency, unit, report_date, source_id) VALUES ('supermax', 'Q3 FY10', 'quarter', 2010, 3, 'MYR', 'MYR millions', '2010-09-30', 'glove-tracker-supermax') ON CONFLICT (company_id, period_label) DO UPDATE SET period_type = EXCLUDED.period_type, fiscal_year = EXCLUDED.fiscal_year, fiscal_quarter = EXCLUDED.fiscal_quarter, currency = EXCLUDED.currency, unit = EXCLUDED.unit, report_date = EXCLUDED.report_date, source_id = EXCLUDED.source_id;
INSERT INTO financial_fact (period_id, concept, value, source_id)
SELECT p.id, v.concept, v.value, 'glove-tracker-supermax'
FROM financial_period p
JOIN (VALUES ('Revenue', 235.1::double precision), ('NetIncome', 38.1::double precision)) AS v(concept, value) ON true
WHERE p.company_id = 'supermax' AND p.period_label = 'Q3 FY10'
ON CONFLICT (period_id, concept) DO UPDATE SET value = EXCLUDED.value, source_id = EXCLUDED.source_id;
INSERT INTO financial_period (company_id, period_label, period_type, fiscal_year, fiscal_quarter, currency, unit, report_date, source_id) VALUES ('supermax', 'Q4 FY10', 'quarter', 2010, 4, 'MYR', 'MYR millions', '2010-12-31', 'glove-tracker-supermax') ON CONFLICT (company_id, period_label) DO UPDATE SET period_type = EXCLUDED.period_type, fiscal_year = EXCLUDED.fiscal_year, fiscal_quarter = EXCLUDED.fiscal_quarter, currency = EXCLUDED.currency, unit = EXCLUDED.unit, report_date = EXCLUDED.report_date, source_id = EXCLUDED.source_id;
INSERT INTO financial_fact (period_id, concept, value, source_id)
SELECT p.id, v.concept, v.value, 'glove-tracker-supermax'
FROM financial_period p
JOIN (VALUES ('Revenue', 232.7::double precision), ('NetIncome', 32.7::double precision)) AS v(concept, value) ON true
WHERE p.company_id = 'supermax' AND p.period_label = 'Q4 FY10'
ON CONFLICT (period_id, concept) DO UPDATE SET value = EXCLUDED.value, source_id = EXCLUDED.source_id;
INSERT INTO financial_period (company_id, period_label, period_type, fiscal_year, fiscal_quarter, currency, unit, report_date, source_id) VALUES ('supermax', 'Q1 FY11', 'quarter', 2011, 1, 'MYR', 'MYR millions', '2011-03-31', 'glove-tracker-supermax') ON CONFLICT (company_id, period_label) DO UPDATE SET period_type = EXCLUDED.period_type, fiscal_year = EXCLUDED.fiscal_year, fiscal_quarter = EXCLUDED.fiscal_quarter, currency = EXCLUDED.currency, unit = EXCLUDED.unit, report_date = EXCLUDED.report_date, source_id = EXCLUDED.source_id;
INSERT INTO financial_fact (period_id, concept, value, source_id)
SELECT p.id, v.concept, v.value, 'glove-tracker-supermax'
FROM financial_period p
JOIN (VALUES ('Revenue', 241.4::double precision), ('NetIncome', 24.4::double precision)) AS v(concept, value) ON true
WHERE p.company_id = 'supermax' AND p.period_label = 'Q1 FY11'
ON CONFLICT (period_id, concept) DO UPDATE SET value = EXCLUDED.value, source_id = EXCLUDED.source_id;
INSERT INTO financial_period (company_id, period_label, period_type, fiscal_year, fiscal_quarter, currency, unit, report_date, source_id) VALUES ('supermax', 'Q2 FY11', 'quarter', 2011, 2, 'MYR', 'MYR millions', '2011-06-30', 'glove-tracker-supermax') ON CONFLICT (company_id, period_label) DO UPDATE SET period_type = EXCLUDED.period_type, fiscal_year = EXCLUDED.fiscal_year, fiscal_quarter = EXCLUDED.fiscal_quarter, currency = EXCLUDED.currency, unit = EXCLUDED.unit, report_date = EXCLUDED.report_date, source_id = EXCLUDED.source_id;
INSERT INTO financial_fact (period_id, concept, value, source_id)
SELECT p.id, v.concept, v.value, 'glove-tracker-supermax'
FROM financial_period p
JOIN (VALUES ('Revenue', 237.9::double precision), ('NetIncome', 22.6::double precision)) AS v(concept, value) ON true
WHERE p.company_id = 'supermax' AND p.period_label = 'Q2 FY11'
ON CONFLICT (period_id, concept) DO UPDATE SET value = EXCLUDED.value, source_id = EXCLUDED.source_id;
INSERT INTO financial_period (company_id, period_label, period_type, fiscal_year, fiscal_quarter, currency, unit, report_date, source_id) VALUES ('supermax', 'Q3 FY11', 'quarter', 2011, 3, 'MYR', 'MYR millions', '2011-09-30', 'glove-tracker-supermax') ON CONFLICT (company_id, period_label) DO UPDATE SET period_type = EXCLUDED.period_type, fiscal_year = EXCLUDED.fiscal_year, fiscal_quarter = EXCLUDED.fiscal_quarter, currency = EXCLUDED.currency, unit = EXCLUDED.unit, report_date = EXCLUDED.report_date, source_id = EXCLUDED.source_id;
INSERT INTO financial_fact (period_id, concept, value, source_id)
SELECT p.id, v.concept, v.value, 'glove-tracker-supermax'
FROM financial_period p
JOIN (VALUES ('Revenue', 271.4::double precision), ('NetIncome', 30.9::double precision)) AS v(concept, value) ON true
WHERE p.company_id = 'supermax' AND p.period_label = 'Q3 FY11'
ON CONFLICT (period_id, concept) DO UPDATE SET value = EXCLUDED.value, source_id = EXCLUDED.source_id;
INSERT INTO financial_period (company_id, period_label, period_type, fiscal_year, fiscal_quarter, currency, unit, report_date, source_id) VALUES ('supermax', 'Q4 FY11', 'quarter', 2011, 4, 'MYR', 'MYR millions', '2011-12-31', 'glove-tracker-supermax') ON CONFLICT (company_id, period_label) DO UPDATE SET period_type = EXCLUDED.period_type, fiscal_year = EXCLUDED.fiscal_year, fiscal_quarter = EXCLUDED.fiscal_quarter, currency = EXCLUDED.currency, unit = EXCLUDED.unit, report_date = EXCLUDED.report_date, source_id = EXCLUDED.source_id;
INSERT INTO financial_fact (period_id, concept, value, source_id)
SELECT p.id, v.concept, v.value, 'glove-tracker-supermax'
FROM financial_period p
JOIN (VALUES ('Revenue', 276.2::double precision), ('NetIncome', 28.2::double precision)) AS v(concept, value) ON true
WHERE p.company_id = 'supermax' AND p.period_label = 'Q4 FY11'
ON CONFLICT (period_id, concept) DO UPDATE SET value = EXCLUDED.value, source_id = EXCLUDED.source_id;
INSERT INTO financial_period (company_id, period_label, period_type, fiscal_year, fiscal_quarter, currency, unit, report_date, source_id) VALUES ('supermax', 'Q1 FY12', 'quarter', 2012, 1, 'MYR', 'MYR millions', '2012-03-31', 'glove-tracker-supermax') ON CONFLICT (company_id, period_label) DO UPDATE SET period_type = EXCLUDED.period_type, fiscal_year = EXCLUDED.fiscal_year, fiscal_quarter = EXCLUDED.fiscal_quarter, currency = EXCLUDED.currency, unit = EXCLUDED.unit, report_date = EXCLUDED.report_date, source_id = EXCLUDED.source_id;
INSERT INTO financial_fact (period_id, concept, value, source_id)
SELECT p.id, v.concept, v.value, 'glove-tracker-supermax'
FROM financial_period p
JOIN (VALUES ('Revenue', 248.5::double precision), ('NetIncome', 28::double precision)) AS v(concept, value) ON true
WHERE p.company_id = 'supermax' AND p.period_label = 'Q1 FY12'
ON CONFLICT (period_id, concept) DO UPDATE SET value = EXCLUDED.value, source_id = EXCLUDED.source_id;
INSERT INTO financial_period (company_id, period_label, period_type, fiscal_year, fiscal_quarter, currency, unit, report_date, source_id) VALUES ('supermax', 'Q2 FY12', 'quarter', 2012, 2, 'MYR', 'MYR millions', '2012-06-30', 'glove-tracker-supermax') ON CONFLICT (company_id, period_label) DO UPDATE SET period_type = EXCLUDED.period_type, fiscal_year = EXCLUDED.fiscal_year, fiscal_quarter = EXCLUDED.fiscal_quarter, currency = EXCLUDED.currency, unit = EXCLUDED.unit, report_date = EXCLUDED.report_date, source_id = EXCLUDED.source_id;
INSERT INTO financial_fact (period_id, concept, value, source_id)
SELECT p.id, v.concept, v.value, 'glove-tracker-supermax'
FROM financial_period p
JOIN (VALUES ('Revenue', 232.1::double precision), ('NetIncome', 30::double precision)) AS v(concept, value) ON true
WHERE p.company_id = 'supermax' AND p.period_label = 'Q2 FY12'
ON CONFLICT (period_id, concept) DO UPDATE SET value = EXCLUDED.value, source_id = EXCLUDED.source_id;
INSERT INTO financial_period (company_id, period_label, period_type, fiscal_year, fiscal_quarter, currency, unit, report_date, source_id) VALUES ('supermax', 'Q3 FY12', 'quarter', 2012, 3, 'MYR', 'MYR millions', '2012-09-30', 'glove-tracker-supermax') ON CONFLICT (company_id, period_label) DO UPDATE SET period_type = EXCLUDED.period_type, fiscal_year = EXCLUDED.fiscal_year, fiscal_quarter = EXCLUDED.fiscal_quarter, currency = EXCLUDED.currency, unit = EXCLUDED.unit, report_date = EXCLUDED.report_date, source_id = EXCLUDED.source_id;
INSERT INTO financial_fact (period_id, concept, value, source_id)
SELECT p.id, v.concept, v.value, 'glove-tracker-supermax'
FROM financial_period p
JOIN (VALUES ('Revenue', 245.5::double precision), ('NetIncome', 31.6::double precision)) AS v(concept, value) ON true
WHERE p.company_id = 'supermax' AND p.period_label = 'Q3 FY12'
ON CONFLICT (period_id, concept) DO UPDATE SET value = EXCLUDED.value, source_id = EXCLUDED.source_id;
INSERT INTO financial_period (company_id, period_label, period_type, fiscal_year, fiscal_quarter, currency, unit, report_date, source_id) VALUES ('supermax', 'Q4 FY12', 'quarter', 2012, 4, 'MYR', 'MYR millions', '2012-12-31', 'glove-tracker-supermax') ON CONFLICT (company_id, period_label) DO UPDATE SET period_type = EXCLUDED.period_type, fiscal_year = EXCLUDED.fiscal_year, fiscal_quarter = EXCLUDED.fiscal_quarter, currency = EXCLUDED.currency, unit = EXCLUDED.unit, report_date = EXCLUDED.report_date, source_id = EXCLUDED.source_id;
INSERT INTO financial_fact (period_id, concept, value, source_id)
SELECT p.id, v.concept, v.value, 'glove-tracker-supermax'
FROM financial_period p
JOIN (VALUES ('Revenue', 322.3::double precision), ('NetIncome', 32.1::double precision)) AS v(concept, value) ON true
WHERE p.company_id = 'supermax' AND p.period_label = 'Q4 FY12'
ON CONFLICT (period_id, concept) DO UPDATE SET value = EXCLUDED.value, source_id = EXCLUDED.source_id;
INSERT INTO financial_period (company_id, period_label, period_type, fiscal_year, fiscal_quarter, currency, unit, report_date, source_id) VALUES ('supermax', 'Q1 FY13', 'quarter', 2013, 1, 'MYR', 'MYR millions', '2013-03-31', 'glove-tracker-supermax') ON CONFLICT (company_id, period_label) DO UPDATE SET period_type = EXCLUDED.period_type, fiscal_year = EXCLUDED.fiscal_year, fiscal_quarter = EXCLUDED.fiscal_quarter, currency = EXCLUDED.currency, unit = EXCLUDED.unit, report_date = EXCLUDED.report_date, source_id = EXCLUDED.source_id;
INSERT INTO financial_fact (period_id, concept, value, source_id)
SELECT p.id, v.concept, v.value, 'glove-tracker-supermax'
FROM financial_period p
JOIN (VALUES ('Revenue', 320.5::double precision), ('NetIncome', 31.8::double precision)) AS v(concept, value) ON true
WHERE p.company_id = 'supermax' AND p.period_label = 'Q1 FY13'
ON CONFLICT (period_id, concept) DO UPDATE SET value = EXCLUDED.value, source_id = EXCLUDED.source_id;
INSERT INTO financial_period (company_id, period_label, period_type, fiscal_year, fiscal_quarter, currency, unit, report_date, source_id) VALUES ('supermax', 'Q2 FY13', 'quarter', 2013, 2, 'MYR', 'MYR millions', '2013-06-30', 'glove-tracker-supermax') ON CONFLICT (company_id, period_label) DO UPDATE SET period_type = EXCLUDED.period_type, fiscal_year = EXCLUDED.fiscal_year, fiscal_quarter = EXCLUDED.fiscal_quarter, currency = EXCLUDED.currency, unit = EXCLUDED.unit, report_date = EXCLUDED.report_date, source_id = EXCLUDED.source_id;
INSERT INTO financial_fact (period_id, concept, value, source_id)
SELECT p.id, v.concept, v.value, 'glove-tracker-supermax'
FROM financial_period p
JOIN (VALUES ('Revenue', 330::double precision), ('NetIncome', 35.5::double precision)) AS v(concept, value) ON true
WHERE p.company_id = 'supermax' AND p.period_label = 'Q2 FY13'
ON CONFLICT (period_id, concept) DO UPDATE SET value = EXCLUDED.value, source_id = EXCLUDED.source_id;
INSERT INTO financial_period (company_id, period_label, period_type, fiscal_year, fiscal_quarter, currency, unit, report_date, source_id) VALUES ('supermax', 'Q3 FY13', 'quarter', 2013, 3, 'MYR', 'MYR millions', '2013-09-30', 'glove-tracker-supermax') ON CONFLICT (company_id, period_label) DO UPDATE SET period_type = EXCLUDED.period_type, fiscal_year = EXCLUDED.fiscal_year, fiscal_quarter = EXCLUDED.fiscal_quarter, currency = EXCLUDED.currency, unit = EXCLUDED.unit, report_date = EXCLUDED.report_date, source_id = EXCLUDED.source_id;
INSERT INTO financial_fact (period_id, concept, value, source_id)
SELECT p.id, v.concept, v.value, 'glove-tracker-supermax'
FROM financial_period p
JOIN (VALUES ('Revenue', 284.6::double precision), ('NetIncome', 35.8::double precision)) AS v(concept, value) ON true
WHERE p.company_id = 'supermax' AND p.period_label = 'Q3 FY13'
ON CONFLICT (period_id, concept) DO UPDATE SET value = EXCLUDED.value, source_id = EXCLUDED.source_id;
INSERT INTO financial_period (company_id, period_label, period_type, fiscal_year, fiscal_quarter, currency, unit, report_date, source_id) VALUES ('supermax', 'Q4 FY13', 'quarter', 2013, 4, 'MYR', 'MYR millions', '2013-12-31', 'glove-tracker-supermax') ON CONFLICT (company_id, period_label) DO UPDATE SET period_type = EXCLUDED.period_type, fiscal_year = EXCLUDED.fiscal_year, fiscal_quarter = EXCLUDED.fiscal_quarter, currency = EXCLUDED.currency, unit = EXCLUDED.unit, report_date = EXCLUDED.report_date, source_id = EXCLUDED.source_id;
INSERT INTO financial_fact (period_id, concept, value, source_id)
SELECT p.id, v.concept, v.value, 'glove-tracker-supermax'
FROM financial_period p
JOIN (VALUES ('Revenue', 192.2::double precision), ('NetIncome', 25::double precision)) AS v(concept, value) ON true
WHERE p.company_id = 'supermax' AND p.period_label = 'Q4 FY13'
ON CONFLICT (period_id, concept) DO UPDATE SET value = EXCLUDED.value, source_id = EXCLUDED.source_id;
INSERT INTO financial_period (company_id, period_label, period_type, fiscal_year, fiscal_quarter, currency, unit, report_date, source_id) VALUES ('supermax', 'Q1 FY14', 'quarter', 2014, 1, 'MYR', 'MYR millions', '2014-03-31', 'glove-tracker-supermax') ON CONFLICT (company_id, period_label) DO UPDATE SET period_type = EXCLUDED.period_type, fiscal_year = EXCLUDED.fiscal_year, fiscal_quarter = EXCLUDED.fiscal_quarter, currency = EXCLUDED.currency, unit = EXCLUDED.unit, report_date = EXCLUDED.report_date, source_id = EXCLUDED.source_id;
INSERT INTO financial_fact (period_id, concept, value, source_id)
SELECT p.id, v.concept, v.value, 'glove-tracker-supermax'
FROM financial_period p
JOIN (VALUES ('Revenue', 232.3::double precision), ('NetIncome', 26.6::double precision)) AS v(concept, value) ON true
WHERE p.company_id = 'supermax' AND p.period_label = 'Q1 FY14'
ON CONFLICT (period_id, concept) DO UPDATE SET value = EXCLUDED.value, source_id = EXCLUDED.source_id;
INSERT INTO financial_period (company_id, period_label, period_type, fiscal_year, fiscal_quarter, currency, unit, report_date, source_id) VALUES ('supermax', 'Q2 FY14', 'quarter', 2014, 2, 'MYR', 'MYR millions', '2014-06-30', 'glove-tracker-supermax') ON CONFLICT (company_id, period_label) DO UPDATE SET period_type = EXCLUDED.period_type, fiscal_year = EXCLUDED.fiscal_year, fiscal_quarter = EXCLUDED.fiscal_quarter, currency = EXCLUDED.currency, unit = EXCLUDED.unit, report_date = EXCLUDED.report_date, source_id = EXCLUDED.source_id;
INSERT INTO financial_fact (period_id, concept, value, source_id)
SELECT p.id, v.concept, v.value, 'glove-tracker-supermax'
FROM financial_period p
JOIN (VALUES ('Revenue', 238.1::double precision), ('NetIncome', 26.8::double precision)) AS v(concept, value) ON true
WHERE p.company_id = 'supermax' AND p.period_label = 'Q2 FY14'
ON CONFLICT (period_id, concept) DO UPDATE SET value = EXCLUDED.value, source_id = EXCLUDED.source_id;
INSERT INTO financial_period (company_id, period_label, period_type, fiscal_year, fiscal_quarter, currency, unit, report_date, source_id) VALUES ('supermax', 'Q3 FY14', 'quarter', 2014, 3, 'MYR', 'MYR millions', '2014-09-30', 'glove-tracker-supermax') ON CONFLICT (company_id, period_label) DO UPDATE SET period_type = EXCLUDED.period_type, fiscal_year = EXCLUDED.fiscal_year, fiscal_quarter = EXCLUDED.fiscal_quarter, currency = EXCLUDED.currency, unit = EXCLUDED.unit, report_date = EXCLUDED.report_date, source_id = EXCLUDED.source_id;
INSERT INTO financial_fact (period_id, concept, value, source_id)
SELECT p.id, v.concept, v.value, 'glove-tracker-supermax'
FROM financial_period p
JOIN (VALUES ('Revenue', 278.4::double precision), ('NetIncome', 27.8::double precision)) AS v(concept, value) ON true
WHERE p.company_id = 'supermax' AND p.period_label = 'Q3 FY14'
ON CONFLICT (period_id, concept) DO UPDATE SET value = EXCLUDED.value, source_id = EXCLUDED.source_id;
INSERT INTO financial_period (company_id, period_label, period_type, fiscal_year, fiscal_quarter, currency, unit, report_date, source_id) VALUES ('supermax', 'Q4 FY14', 'quarter', 2014, 4, 'MYR', 'MYR millions', '2014-12-31', 'glove-tracker-supermax') ON CONFLICT (company_id, period_label) DO UPDATE SET period_type = EXCLUDED.period_type, fiscal_year = EXCLUDED.fiscal_year, fiscal_quarter = EXCLUDED.fiscal_quarter, currency = EXCLUDED.currency, unit = EXCLUDED.unit, report_date = EXCLUDED.report_date, source_id = EXCLUDED.source_id;
INSERT INTO financial_fact (period_id, concept, value, source_id)
SELECT p.id, v.concept, v.value, 'glove-tracker-supermax'
FROM financial_period p
JOIN (VALUES ('Revenue', 258.8::double precision), ('NetIncome', 20.1::double precision)) AS v(concept, value) ON true
WHERE p.company_id = 'supermax' AND p.period_label = 'Q4 FY14'
ON CONFLICT (period_id, concept) DO UPDATE SET value = EXCLUDED.value, source_id = EXCLUDED.source_id;
INSERT INTO financial_period (company_id, period_label, period_type, fiscal_year, fiscal_quarter, currency, unit, report_date, source_id) VALUES ('supermax', 'Q1 FY17', 'quarter', 2017, 1, 'MYR', 'MYR millions', '2016-09-30', 'glove-tracker-supermax') ON CONFLICT (company_id, period_label) DO UPDATE SET period_type = EXCLUDED.period_type, fiscal_year = EXCLUDED.fiscal_year, fiscal_quarter = EXCLUDED.fiscal_quarter, currency = EXCLUDED.currency, unit = EXCLUDED.unit, report_date = EXCLUDED.report_date, source_id = EXCLUDED.source_id;
INSERT INTO financial_fact (period_id, concept, value, source_id)
SELECT p.id, v.concept, v.value, 'glove-tracker-supermax'
FROM financial_period p
JOIN (VALUES ('Revenue', 269::double precision), ('NetIncome', 19.5::double precision)) AS v(concept, value) ON true
WHERE p.company_id = 'supermax' AND p.period_label = 'Q1 FY17'
ON CONFLICT (period_id, concept) DO UPDATE SET value = EXCLUDED.value, source_id = EXCLUDED.source_id;
INSERT INTO financial_period (company_id, period_label, period_type, fiscal_year, fiscal_quarter, currency, unit, report_date, source_id) VALUES ('supermax', 'Q2 FY17', 'quarter', 2017, 2, 'MYR', 'MYR millions', '2016-12-31', 'glove-tracker-supermax') ON CONFLICT (company_id, period_label) DO UPDATE SET period_type = EXCLUDED.period_type, fiscal_year = EXCLUDED.fiscal_year, fiscal_quarter = EXCLUDED.fiscal_quarter, currency = EXCLUDED.currency, unit = EXCLUDED.unit, report_date = EXCLUDED.report_date, source_id = EXCLUDED.source_id;
INSERT INTO financial_fact (period_id, concept, value, source_id)
SELECT p.id, v.concept, v.value, 'glove-tracker-supermax'
FROM financial_period p
JOIN (VALUES ('Revenue', 236.7::double precision), ('NetIncome', 22.6::double precision)) AS v(concept, value) ON true
WHERE p.company_id = 'supermax' AND p.period_label = 'Q2 FY17'
ON CONFLICT (period_id, concept) DO UPDATE SET value = EXCLUDED.value, source_id = EXCLUDED.source_id;
INSERT INTO financial_period (company_id, period_label, period_type, fiscal_year, fiscal_quarter, currency, unit, report_date, source_id) VALUES ('supermax', 'Q3 FY17', 'quarter', 2017, 3, 'MYR', 'MYR millions', '2017-03-31', 'glove-tracker-supermax') ON CONFLICT (company_id, period_label) DO UPDATE SET period_type = EXCLUDED.period_type, fiscal_year = EXCLUDED.fiscal_year, fiscal_quarter = EXCLUDED.fiscal_quarter, currency = EXCLUDED.currency, unit = EXCLUDED.unit, report_date = EXCLUDED.report_date, source_id = EXCLUDED.source_id;
INSERT INTO financial_fact (period_id, concept, value, source_id)
SELECT p.id, v.concept, v.value, 'glove-tracker-supermax'
FROM financial_period p
JOIN (VALUES ('Revenue', 308.2::double precision), ('NetIncome', 19.8::double precision)) AS v(concept, value) ON true
WHERE p.company_id = 'supermax' AND p.period_label = 'Q3 FY17'
ON CONFLICT (period_id, concept) DO UPDATE SET value = EXCLUDED.value, source_id = EXCLUDED.source_id;
INSERT INTO financial_period (company_id, period_label, period_type, fiscal_year, fiscal_quarter, currency, unit, report_date, source_id) VALUES ('supermax', 'Q4 FY17', 'quarter', 2017, 4, 'MYR', 'MYR millions', '2017-06-30', 'glove-tracker-supermax') ON CONFLICT (company_id, period_label) DO UPDATE SET period_type = EXCLUDED.period_type, fiscal_year = EXCLUDED.fiscal_year, fiscal_quarter = EXCLUDED.fiscal_quarter, currency = EXCLUDED.currency, unit = EXCLUDED.unit, report_date = EXCLUDED.report_date, source_id = EXCLUDED.source_id;
INSERT INTO financial_fact (period_id, concept, value, source_id)
SELECT p.id, v.concept, v.value, 'glove-tracker-supermax'
FROM financial_period p
JOIN (VALUES ('Revenue', 312.6::double precision), ('NetIncome', 8.3::double precision)) AS v(concept, value) ON true
WHERE p.company_id = 'supermax' AND p.period_label = 'Q4 FY17'
ON CONFLICT (period_id, concept) DO UPDATE SET value = EXCLUDED.value, source_id = EXCLUDED.source_id;
INSERT INTO financial_period (company_id, period_label, period_type, fiscal_year, fiscal_quarter, currency, unit, report_date, source_id) VALUES ('supermax', 'Q1 FY18', 'quarter', 2018, 1, 'MYR', 'MYR millions', '2017-09-30', 'glove-tracker-supermax') ON CONFLICT (company_id, period_label) DO UPDATE SET period_type = EXCLUDED.period_type, fiscal_year = EXCLUDED.fiscal_year, fiscal_quarter = EXCLUDED.fiscal_quarter, currency = EXCLUDED.currency, unit = EXCLUDED.unit, report_date = EXCLUDED.report_date, source_id = EXCLUDED.source_id;
INSERT INTO financial_fact (period_id, concept, value, source_id)
SELECT p.id, v.concept, v.value, 'glove-tracker-supermax'
FROM financial_period p
JOIN (VALUES ('Revenue', 312::double precision), ('NetIncome', 27.9::double precision)) AS v(concept, value) ON true
WHERE p.company_id = 'supermax' AND p.period_label = 'Q1 FY18'
ON CONFLICT (period_id, concept) DO UPDATE SET value = EXCLUDED.value, source_id = EXCLUDED.source_id;
INSERT INTO financial_period (company_id, period_label, period_type, fiscal_year, fiscal_quarter, currency, unit, report_date, source_id) VALUES ('supermax', 'Q2 FY18', 'quarter', 2018, 2, 'MYR', 'MYR millions', '2017-12-31', 'glove-tracker-supermax') ON CONFLICT (company_id, period_label) DO UPDATE SET period_type = EXCLUDED.period_type, fiscal_year = EXCLUDED.fiscal_year, fiscal_quarter = EXCLUDED.fiscal_quarter, currency = EXCLUDED.currency, unit = EXCLUDED.unit, report_date = EXCLUDED.report_date, source_id = EXCLUDED.source_id;
INSERT INTO financial_fact (period_id, concept, value, source_id)
SELECT p.id, v.concept, v.value, 'glove-tracker-supermax'
FROM financial_period p
JOIN (VALUES ('Revenue', 335.9::double precision), ('NetIncome', 35.9::double precision)) AS v(concept, value) ON true
WHERE p.company_id = 'supermax' AND p.period_label = 'Q2 FY18'
ON CONFLICT (period_id, concept) DO UPDATE SET value = EXCLUDED.value, source_id = EXCLUDED.source_id;
INSERT INTO financial_period (company_id, period_label, period_type, fiscal_year, fiscal_quarter, currency, unit, report_date, source_id) VALUES ('supermax', 'Q3 FY18', 'quarter', 2018, 3, 'MYR', 'MYR millions', '2018-03-31', 'glove-tracker-supermax') ON CONFLICT (company_id, period_label) DO UPDATE SET period_type = EXCLUDED.period_type, fiscal_year = EXCLUDED.fiscal_year, fiscal_quarter = EXCLUDED.fiscal_quarter, currency = EXCLUDED.currency, unit = EXCLUDED.unit, report_date = EXCLUDED.report_date, source_id = EXCLUDED.source_id;
INSERT INTO financial_fact (period_id, concept, value, source_id)
SELECT p.id, v.concept, v.value, 'glove-tracker-supermax'
FROM financial_period p
JOIN (VALUES ('Revenue', 327.1::double precision), ('NetIncome', 33.4::double precision)) AS v(concept, value) ON true
WHERE p.company_id = 'supermax' AND p.period_label = 'Q3 FY18'
ON CONFLICT (period_id, concept) DO UPDATE SET value = EXCLUDED.value, source_id = EXCLUDED.source_id;
INSERT INTO financial_period (company_id, period_label, period_type, fiscal_year, fiscal_quarter, currency, unit, report_date, source_id) VALUES ('supermax', 'Q4 FY18', 'quarter', 2018, 4, 'MYR', 'MYR millions', '2018-06-30', 'glove-tracker-supermax') ON CONFLICT (company_id, period_label) DO UPDATE SET period_type = EXCLUDED.period_type, fiscal_year = EXCLUDED.fiscal_year, fiscal_quarter = EXCLUDED.fiscal_quarter, currency = EXCLUDED.currency, unit = EXCLUDED.unit, report_date = EXCLUDED.report_date, source_id = EXCLUDED.source_id;
INSERT INTO financial_fact (period_id, concept, value, source_id)
SELECT p.id, v.concept, v.value, 'glove-tracker-supermax'
FROM financial_period p
JOIN (VALUES ('Revenue', 329.5::double precision), ('NetIncome', 9.8::double precision)) AS v(concept, value) ON true
WHERE p.company_id = 'supermax' AND p.period_label = 'Q4 FY18'
ON CONFLICT (period_id, concept) DO UPDATE SET value = EXCLUDED.value, source_id = EXCLUDED.source_id;
INSERT INTO financial_period (company_id, period_label, period_type, fiscal_year, fiscal_quarter, currency, unit, report_date, source_id) VALUES ('supermax', 'Q1 FY19', 'quarter', 2019, 1, 'MYR', 'MYR millions', '2018-09-30', 'glove-tracker-supermax') ON CONFLICT (company_id, period_label) DO UPDATE SET period_type = EXCLUDED.period_type, fiscal_year = EXCLUDED.fiscal_year, fiscal_quarter = EXCLUDED.fiscal_quarter, currency = EXCLUDED.currency, unit = EXCLUDED.unit, report_date = EXCLUDED.report_date, source_id = EXCLUDED.source_id;
INSERT INTO financial_fact (period_id, concept, value, source_id)
SELECT p.id, v.concept, v.value, 'glove-tracker-supermax'
FROM financial_period p
JOIN (VALUES ('Revenue', 367.1::double precision), ('NetIncome', 35.9::double precision)) AS v(concept, value) ON true
WHERE p.company_id = 'supermax' AND p.period_label = 'Q1 FY19'
ON CONFLICT (period_id, concept) DO UPDATE SET value = EXCLUDED.value, source_id = EXCLUDED.source_id;
INSERT INTO financial_period (company_id, period_label, period_type, fiscal_year, fiscal_quarter, currency, unit, report_date, source_id) VALUES ('supermax', 'Q2 FY19', 'quarter', 2019, 2, 'MYR', 'MYR millions', '2018-12-31', 'glove-tracker-supermax') ON CONFLICT (company_id, period_label) DO UPDATE SET period_type = EXCLUDED.period_type, fiscal_year = EXCLUDED.fiscal_year, fiscal_quarter = EXCLUDED.fiscal_quarter, currency = EXCLUDED.currency, unit = EXCLUDED.unit, report_date = EXCLUDED.report_date, source_id = EXCLUDED.source_id;
INSERT INTO financial_fact (period_id, concept, value, source_id)
SELECT p.id, v.concept, v.value, 'glove-tracker-supermax'
FROM financial_period p
JOIN (VALUES ('Revenue', 385.1::double precision), ('NetIncome', 38.1::double precision)) AS v(concept, value) ON true
WHERE p.company_id = 'supermax' AND p.period_label = 'Q2 FY19'
ON CONFLICT (period_id, concept) DO UPDATE SET value = EXCLUDED.value, source_id = EXCLUDED.source_id;
INSERT INTO financial_period (company_id, period_label, period_type, fiscal_year, fiscal_quarter, currency, unit, report_date, source_id) VALUES ('supermax', 'Q3 FY19', 'quarter', 2019, 3, 'MYR', 'MYR millions', '2019-03-31', 'glove-tracker-supermax') ON CONFLICT (company_id, period_label) DO UPDATE SET period_type = EXCLUDED.period_type, fiscal_year = EXCLUDED.fiscal_year, fiscal_quarter = EXCLUDED.fiscal_quarter, currency = EXCLUDED.currency, unit = EXCLUDED.unit, report_date = EXCLUDED.report_date, source_id = EXCLUDED.source_id;
INSERT INTO financial_fact (period_id, concept, value, source_id)
SELECT p.id, v.concept, v.value, 'glove-tracker-supermax'
FROM financial_period p
JOIN (VALUES ('Revenue', 361.2::double precision), ('NetIncome', 34.6::double precision)) AS v(concept, value) ON true
WHERE p.company_id = 'supermax' AND p.period_label = 'Q3 FY19'
ON CONFLICT (period_id, concept) DO UPDATE SET value = EXCLUDED.value, source_id = EXCLUDED.source_id;
INSERT INTO financial_period (company_id, period_label, period_type, fiscal_year, fiscal_quarter, currency, unit, report_date, source_id) VALUES ('supermax', 'Q4 FY19', 'quarter', 2019, 4, 'MYR', 'MYR millions', '2019-06-30', 'glove-tracker-supermax') ON CONFLICT (company_id, period_label) DO UPDATE SET period_type = EXCLUDED.period_type, fiscal_year = EXCLUDED.fiscal_year, fiscal_quarter = EXCLUDED.fiscal_quarter, currency = EXCLUDED.currency, unit = EXCLUDED.unit, report_date = EXCLUDED.report_date, source_id = EXCLUDED.source_id;
INSERT INTO financial_fact (period_id, concept, value, source_id)
SELECT p.id, v.concept, v.value, 'glove-tracker-supermax'
FROM financial_period p
JOIN (VALUES ('Revenue', 376::double precision), ('NetIncome', 15.1::double precision)) AS v(concept, value) ON true
WHERE p.company_id = 'supermax' AND p.period_label = 'Q4 FY19'
ON CONFLICT (period_id, concept) DO UPDATE SET value = EXCLUDED.value, source_id = EXCLUDED.source_id;
INSERT INTO financial_period (company_id, period_label, period_type, fiscal_year, fiscal_quarter, currency, unit, report_date, source_id) VALUES ('supermax', 'Q1 FY20', 'quarter', 2020, 1, 'MYR', 'MYR millions', '2019-09-30', 'glove-tracker-supermax') ON CONFLICT (company_id, period_label) DO UPDATE SET period_type = EXCLUDED.period_type, fiscal_year = EXCLUDED.fiscal_year, fiscal_quarter = EXCLUDED.fiscal_quarter, currency = EXCLUDED.currency, unit = EXCLUDED.unit, report_date = EXCLUDED.report_date, source_id = EXCLUDED.source_id;
INSERT INTO financial_fact (period_id, concept, value, source_id)
SELECT p.id, v.concept, v.value, 'glove-tracker-supermax'
FROM financial_period p
JOIN (VALUES ('Revenue', 369.9::double precision), ('NetIncome', 24.7::double precision)) AS v(concept, value) ON true
WHERE p.company_id = 'supermax' AND p.period_label = 'Q1 FY20'
ON CONFLICT (period_id, concept) DO UPDATE SET value = EXCLUDED.value, source_id = EXCLUDED.source_id;
INSERT INTO financial_period (company_id, period_label, period_type, fiscal_year, fiscal_quarter, currency, unit, report_date, source_id) VALUES ('supermax', 'Q2 FY20', 'quarter', 2020, 2, 'MYR', 'MYR millions', '2019-12-31', 'glove-tracker-supermax') ON CONFLICT (company_id, period_label) DO UPDATE SET period_type = EXCLUDED.period_type, fiscal_year = EXCLUDED.fiscal_year, fiscal_quarter = EXCLUDED.fiscal_quarter, currency = EXCLUDED.currency, unit = EXCLUDED.unit, report_date = EXCLUDED.report_date, source_id = EXCLUDED.source_id;
INSERT INTO financial_fact (period_id, concept, value, source_id)
SELECT p.id, v.concept, v.value, 'glove-tracker-supermax'
FROM financial_period p
JOIN (VALUES ('Revenue', 385.5::double precision), ('NetIncome', 30.2::double precision)) AS v(concept, value) ON true
WHERE p.company_id = 'supermax' AND p.period_label = 'Q2 FY20'
ON CONFLICT (period_id, concept) DO UPDATE SET value = EXCLUDED.value, source_id = EXCLUDED.source_id;
INSERT INTO financial_period (company_id, period_label, period_type, fiscal_year, fiscal_quarter, currency, unit, report_date, source_id) VALUES ('supermax', 'Q3 FY20', 'quarter', 2020, 3, 'MYR', 'MYR millions', '2020-03-31', 'glove-tracker-supermax') ON CONFLICT (company_id, period_label) DO UPDATE SET period_type = EXCLUDED.period_type, fiscal_year = EXCLUDED.fiscal_year, fiscal_quarter = EXCLUDED.fiscal_quarter, currency = EXCLUDED.currency, unit = EXCLUDED.unit, report_date = EXCLUDED.report_date, source_id = EXCLUDED.source_id;
INSERT INTO financial_fact (period_id, concept, value, source_id)
SELECT p.id, v.concept, v.value, 'glove-tracker-supermax'
FROM financial_period p
JOIN (VALUES ('Revenue', 447.2::double precision), ('NetIncome', 71.1::double precision)) AS v(concept, value) ON true
WHERE p.company_id = 'supermax' AND p.period_label = 'Q3 FY20'
ON CONFLICT (period_id, concept) DO UPDATE SET value = EXCLUDED.value, source_id = EXCLUDED.source_id;
INSERT INTO financial_period (company_id, period_label, period_type, fiscal_year, fiscal_quarter, currency, unit, report_date, source_id) VALUES ('supermax', 'Q4 FY20', 'quarter', 2020, 4, 'MYR', 'MYR millions', '2020-06-30', 'glove-tracker-supermax') ON CONFLICT (company_id, period_label) DO UPDATE SET period_type = EXCLUDED.period_type, fiscal_year = EXCLUDED.fiscal_year, fiscal_quarter = EXCLUDED.fiscal_quarter, currency = EXCLUDED.currency, unit = EXCLUDED.unit, report_date = EXCLUDED.report_date, source_id = EXCLUDED.source_id;
INSERT INTO financial_fact (period_id, concept, value, source_id)
SELECT p.id, v.concept, v.value, 'glove-tracker-supermax'
FROM financial_period p
JOIN (VALUES ('Revenue', 929.1::double precision), ('NetIncome', 399.6::double precision)) AS v(concept, value) ON true
WHERE p.company_id = 'supermax' AND p.period_label = 'Q4 FY20'
ON CONFLICT (period_id, concept) DO UPDATE SET value = EXCLUDED.value, source_id = EXCLUDED.source_id;
INSERT INTO financial_period (company_id, period_label, period_type, fiscal_year, fiscal_quarter, currency, unit, report_date, source_id) VALUES ('supermax', 'Q1 FY21', 'quarter', 2021, 1, 'MYR', 'MYR millions', '2020-09-30', 'glove-tracker-supermax') ON CONFLICT (company_id, period_label) DO UPDATE SET period_type = EXCLUDED.period_type, fiscal_year = EXCLUDED.fiscal_year, fiscal_quarter = EXCLUDED.fiscal_quarter, currency = EXCLUDED.currency, unit = EXCLUDED.unit, report_date = EXCLUDED.report_date, source_id = EXCLUDED.source_id;
INSERT INTO financial_fact (period_id, concept, value, source_id)
SELECT p.id, v.concept, v.value, 'glove-tracker-supermax'
FROM financial_period p
JOIN (VALUES ('Revenue', 1400::double precision), ('NetIncome', 789.5::double precision)) AS v(concept, value) ON true
WHERE p.company_id = 'supermax' AND p.period_label = 'Q1 FY21'
ON CONFLICT (period_id, concept) DO UPDATE SET value = EXCLUDED.value, source_id = EXCLUDED.source_id;
INSERT INTO financial_period (company_id, period_label, period_type, fiscal_year, fiscal_quarter, currency, unit, report_date, source_id) VALUES ('supermax', 'Q2 FY21', 'quarter', 2021, 2, 'MYR', 'MYR millions', '2020-12-31', 'glove-tracker-supermax') ON CONFLICT (company_id, period_label) DO UPDATE SET period_type = EXCLUDED.period_type, fiscal_year = EXCLUDED.fiscal_year, fiscal_quarter = EXCLUDED.fiscal_quarter, currency = EXCLUDED.currency, unit = EXCLUDED.unit, report_date = EXCLUDED.report_date, source_id = EXCLUDED.source_id;
INSERT INTO financial_fact (period_id, concept, value, source_id)
SELECT p.id, v.concept, v.value, 'glove-tracker-supermax'
FROM financial_period p
JOIN (VALUES ('Revenue', 2000::double precision), ('NetIncome', 1100::double precision)) AS v(concept, value) ON true
WHERE p.company_id = 'supermax' AND p.period_label = 'Q2 FY21'
ON CONFLICT (period_id, concept) DO UPDATE SET value = EXCLUDED.value, source_id = EXCLUDED.source_id;
INSERT INTO financial_period (company_id, period_label, period_type, fiscal_year, fiscal_quarter, currency, unit, report_date, source_id) VALUES ('supermax', 'Q3 FY21', 'quarter', 2021, 3, 'MYR', 'MYR millions', '2021-03-31', 'glove-tracker-supermax') ON CONFLICT (company_id, period_label) DO UPDATE SET period_type = EXCLUDED.period_type, fiscal_year = EXCLUDED.fiscal_year, fiscal_quarter = EXCLUDED.fiscal_quarter, currency = EXCLUDED.currency, unit = EXCLUDED.unit, report_date = EXCLUDED.report_date, source_id = EXCLUDED.source_id;
INSERT INTO financial_fact (period_id, concept, value, source_id)
SELECT p.id, v.concept, v.value, 'glove-tracker-supermax'
FROM financial_period p
JOIN (VALUES ('Revenue', 1900::double precision), ('NetIncome', 1000::double precision)) AS v(concept, value) ON true
WHERE p.company_id = 'supermax' AND p.period_label = 'Q3 FY21'
ON CONFLICT (period_id, concept) DO UPDATE SET value = EXCLUDED.value, source_id = EXCLUDED.source_id;
INSERT INTO financial_period (company_id, period_label, period_type, fiscal_year, fiscal_quarter, currency, unit, report_date, source_id) VALUES ('supermax', 'Q4 FY21', 'quarter', 2021, 4, 'MYR', 'MYR millions', '2021-06-30', 'glove-tracker-supermax') ON CONFLICT (company_id, period_label) DO UPDATE SET period_type = EXCLUDED.period_type, fiscal_year = EXCLUDED.fiscal_year, fiscal_quarter = EXCLUDED.fiscal_quarter, currency = EXCLUDED.currency, unit = EXCLUDED.unit, report_date = EXCLUDED.report_date, source_id = EXCLUDED.source_id;
INSERT INTO financial_fact (period_id, concept, value, source_id)
SELECT p.id, v.concept, v.value, 'glove-tracker-supermax'
FROM financial_period p
JOIN (VALUES ('Revenue', 1900::double precision), ('NetIncome', 958.7::double precision)) AS v(concept, value) ON true
WHERE p.company_id = 'supermax' AND p.period_label = 'Q4 FY21'
ON CONFLICT (period_id, concept) DO UPDATE SET value = EXCLUDED.value, source_id = EXCLUDED.source_id;
INSERT INTO financial_period (company_id, period_label, period_type, fiscal_year, fiscal_quarter, currency, unit, report_date, source_id) VALUES ('supermax', 'Q1 FY22', 'quarter', 2022, 1, 'MYR', 'MYR millions', '2021-09-30', 'glove-tracker-supermax') ON CONFLICT (company_id, period_label) DO UPDATE SET period_type = EXCLUDED.period_type, fiscal_year = EXCLUDED.fiscal_year, fiscal_quarter = EXCLUDED.fiscal_quarter, currency = EXCLUDED.currency, unit = EXCLUDED.unit, report_date = EXCLUDED.report_date, source_id = EXCLUDED.source_id;
INSERT INTO financial_fact (period_id, concept, value, source_id)
SELECT p.id, v.concept, v.value, 'glove-tracker-supermax'
FROM financial_period p
JOIN (VALUES ('Revenue', 1500::double precision), ('NetIncome', 638.5::double precision)) AS v(concept, value) ON true
WHERE p.company_id = 'supermax' AND p.period_label = 'Q1 FY22'
ON CONFLICT (period_id, concept) DO UPDATE SET value = EXCLUDED.value, source_id = EXCLUDED.source_id;
INSERT INTO financial_period (company_id, period_label, period_type, fiscal_year, fiscal_quarter, currency, unit, report_date, source_id) VALUES ('supermax', 'Q2 FY22', 'quarter', 2022, 2, 'MYR', 'MYR millions', '2021-12-31', 'glove-tracker-supermax') ON CONFLICT (company_id, period_label) DO UPDATE SET period_type = EXCLUDED.period_type, fiscal_year = EXCLUDED.fiscal_year, fiscal_quarter = EXCLUDED.fiscal_quarter, currency = EXCLUDED.currency, unit = EXCLUDED.unit, report_date = EXCLUDED.report_date, source_id = EXCLUDED.source_id;
INSERT INTO financial_fact (period_id, concept, value, source_id)
SELECT p.id, v.concept, v.value, 'glove-tracker-supermax'
FROM financial_period p
JOIN (VALUES ('Revenue', 523.5::double precision), ('NetIncome', 47.8::double precision)) AS v(concept, value) ON true
WHERE p.company_id = 'supermax' AND p.period_label = 'Q2 FY22'
ON CONFLICT (period_id, concept) DO UPDATE SET value = EXCLUDED.value, source_id = EXCLUDED.source_id;
INSERT INTO financial_period (company_id, period_label, period_type, fiscal_year, fiscal_quarter, currency, unit, report_date, source_id) VALUES ('supermax', 'Q3 FY22', 'quarter', 2022, 3, 'MYR', 'MYR millions', '2022-03-31', 'glove-tracker-supermax') ON CONFLICT (company_id, period_label) DO UPDATE SET period_type = EXCLUDED.period_type, fiscal_year = EXCLUDED.fiscal_year, fiscal_quarter = EXCLUDED.fiscal_quarter, currency = EXCLUDED.currency, unit = EXCLUDED.unit, report_date = EXCLUDED.report_date, source_id = EXCLUDED.source_id;
INSERT INTO financial_fact (period_id, concept, value, source_id)
SELECT p.id, v.concept, v.value, 'glove-tracker-supermax'
FROM financial_period p
JOIN (VALUES ('Revenue', 407.8::double precision), ('NetIncome', 13::double precision)) AS v(concept, value) ON true
WHERE p.company_id = 'supermax' AND p.period_label = 'Q3 FY22'
ON CONFLICT (period_id, concept) DO UPDATE SET value = EXCLUDED.value, source_id = EXCLUDED.source_id;
INSERT INTO financial_period (company_id, period_label, period_type, fiscal_year, fiscal_quarter, currency, unit, report_date, source_id) VALUES ('supermax', 'Q4 FY22', 'quarter', 2022, 4, 'MYR', 'MYR millions', '2022-06-30', 'glove-tracker-supermax') ON CONFLICT (company_id, period_label) DO UPDATE SET period_type = EXCLUDED.period_type, fiscal_year = EXCLUDED.fiscal_year, fiscal_quarter = EXCLUDED.fiscal_quarter, currency = EXCLUDED.currency, unit = EXCLUDED.unit, report_date = EXCLUDED.report_date, source_id = EXCLUDED.source_id;
INSERT INTO financial_fact (period_id, concept, value, source_id)
SELECT p.id, v.concept, v.value, 'glove-tracker-supermax'
FROM financial_period p
JOIN (VALUES ('Revenue', 300.2::double precision), ('NetIncome', 33.1::double precision)) AS v(concept, value) ON true
WHERE p.company_id = 'supermax' AND p.period_label = 'Q4 FY22'
ON CONFLICT (period_id, concept) DO UPDATE SET value = EXCLUDED.value, source_id = EXCLUDED.source_id;
INSERT INTO financial_period (company_id, period_label, period_type, fiscal_year, fiscal_quarter, currency, unit, report_date, source_id) VALUES ('supermax', 'Q1 FY23', 'quarter', 2023, 1, 'MYR', 'MYR millions', '2022-09-30', 'glove-tracker-supermax') ON CONFLICT (company_id, period_label) DO UPDATE SET period_type = EXCLUDED.period_type, fiscal_year = EXCLUDED.fiscal_year, fiscal_quarter = EXCLUDED.fiscal_quarter, currency = EXCLUDED.currency, unit = EXCLUDED.unit, report_date = EXCLUDED.report_date, source_id = EXCLUDED.source_id;
INSERT INTO financial_fact (period_id, concept, value, source_id)
SELECT p.id, v.concept, v.value, 'glove-tracker-supermax'
FROM financial_period p
JOIN (VALUES ('Revenue', 248::double precision), ('NetIncome', 5.7::double precision)) AS v(concept, value) ON true
WHERE p.company_id = 'supermax' AND p.period_label = 'Q1 FY23'
ON CONFLICT (period_id, concept) DO UPDATE SET value = EXCLUDED.value, source_id = EXCLUDED.source_id;
INSERT INTO financial_period (company_id, period_label, period_type, fiscal_year, fiscal_quarter, currency, unit, report_date, source_id) VALUES ('supermax', 'Q2 FY23', 'quarter', 2023, 2, 'MYR', 'MYR millions', '2022-12-31', 'glove-tracker-supermax') ON CONFLICT (company_id, period_label) DO UPDATE SET period_type = EXCLUDED.period_type, fiscal_year = EXCLUDED.fiscal_year, fiscal_quarter = EXCLUDED.fiscal_quarter, currency = EXCLUDED.currency, unit = EXCLUDED.unit, report_date = EXCLUDED.report_date, source_id = EXCLUDED.source_id;
INSERT INTO financial_fact (period_id, concept, value, source_id)
SELECT p.id, v.concept, v.value, 'glove-tracker-supermax'
FROM financial_period p
JOIN (VALUES ('Revenue', 174.8::double precision), ('NetIncome', -108.1::double precision)) AS v(concept, value) ON true
WHERE p.company_id = 'supermax' AND p.period_label = 'Q2 FY23'
ON CONFLICT (period_id, concept) DO UPDATE SET value = EXCLUDED.value, source_id = EXCLUDED.source_id;
INSERT INTO financial_period (company_id, period_label, period_type, fiscal_year, fiscal_quarter, currency, unit, report_date, source_id) VALUES ('supermax', 'Q3 FY23', 'quarter', 2023, 3, 'MYR', 'MYR millions', '2023-03-31', 'glove-tracker-supermax') ON CONFLICT (company_id, period_label) DO UPDATE SET period_type = EXCLUDED.period_type, fiscal_year = EXCLUDED.fiscal_year, fiscal_quarter = EXCLUDED.fiscal_quarter, currency = EXCLUDED.currency, unit = EXCLUDED.unit, report_date = EXCLUDED.report_date, source_id = EXCLUDED.source_id;
INSERT INTO financial_fact (period_id, concept, value, source_id)
SELECT p.id, v.concept, v.value, 'glove-tracker-supermax'
FROM financial_period p
JOIN (VALUES ('Revenue', 175.7::double precision), ('NetIncome', -39.9::double precision)) AS v(concept, value) ON true
WHERE p.company_id = 'supermax' AND p.period_label = 'Q3 FY23'
ON CONFLICT (period_id, concept) DO UPDATE SET value = EXCLUDED.value, source_id = EXCLUDED.source_id;
INSERT INTO financial_period (company_id, period_label, period_type, fiscal_year, fiscal_quarter, currency, unit, report_date, source_id) VALUES ('supermax', 'Q4 FY23', 'quarter', 2023, 4, 'MYR', 'MYR millions', '2023-06-30', 'glove-tracker-supermax') ON CONFLICT (company_id, period_label) DO UPDATE SET period_type = EXCLUDED.period_type, fiscal_year = EXCLUDED.fiscal_year, fiscal_quarter = EXCLUDED.fiscal_quarter, currency = EXCLUDED.currency, unit = EXCLUDED.unit, report_date = EXCLUDED.report_date, source_id = EXCLUDED.source_id;
INSERT INTO financial_fact (period_id, concept, value, source_id)
SELECT p.id, v.concept, v.value, 'glove-tracker-supermax'
FROM financial_period p
JOIN (VALUES ('Revenue', 223.4::double precision), ('NetIncome', -7.2::double precision)) AS v(concept, value) ON true
WHERE p.company_id = 'supermax' AND p.period_label = 'Q4 FY23'
ON CONFLICT (period_id, concept) DO UPDATE SET value = EXCLUDED.value, source_id = EXCLUDED.source_id;
INSERT INTO financial_period (company_id, period_label, period_type, fiscal_year, fiscal_quarter, currency, unit, report_date, source_id) VALUES ('supermax', 'Q1 FY24', 'quarter', 2024, 1, 'MYR', 'MYR millions', '2023-09-30', 'glove-tracker-supermax') ON CONFLICT (company_id, period_label) DO UPDATE SET period_type = EXCLUDED.period_type, fiscal_year = EXCLUDED.fiscal_year, fiscal_quarter = EXCLUDED.fiscal_quarter, currency = EXCLUDED.currency, unit = EXCLUDED.unit, report_date = EXCLUDED.report_date, source_id = EXCLUDED.source_id;
INSERT INTO financial_fact (period_id, concept, value, source_id)
SELECT p.id, v.concept, v.value, 'glove-tracker-supermax'
FROM financial_period p
JOIN (VALUES ('Revenue', 178::double precision), ('NetIncome', -2.1::double precision)) AS v(concept, value) ON true
WHERE p.company_id = 'supermax' AND p.period_label = 'Q1 FY24'
ON CONFLICT (period_id, concept) DO UPDATE SET value = EXCLUDED.value, source_id = EXCLUDED.source_id;
INSERT INTO financial_period (company_id, period_label, period_type, fiscal_year, fiscal_quarter, currency, unit, report_date, source_id) VALUES ('supermax', 'Q2 FY24', 'quarter', 2024, 2, 'MYR', 'MYR millions', '2023-12-31', 'glove-tracker-supermax') ON CONFLICT (company_id, period_label) DO UPDATE SET period_type = EXCLUDED.period_type, fiscal_year = EXCLUDED.fiscal_year, fiscal_quarter = EXCLUDED.fiscal_quarter, currency = EXCLUDED.currency, unit = EXCLUDED.unit, report_date = EXCLUDED.report_date, source_id = EXCLUDED.source_id;
INSERT INTO financial_fact (period_id, concept, value, source_id)
SELECT p.id, v.concept, v.value, 'glove-tracker-supermax'
FROM financial_period p
JOIN (VALUES ('Revenue', 145.6::double precision), ('NetIncome', -44.4::double precision)) AS v(concept, value) ON true
WHERE p.company_id = 'supermax' AND p.period_label = 'Q2 FY24'
ON CONFLICT (period_id, concept) DO UPDATE SET value = EXCLUDED.value, source_id = EXCLUDED.source_id;
INSERT INTO financial_period (company_id, period_label, period_type, fiscal_year, fiscal_quarter, currency, unit, report_date, source_id) VALUES ('supermax', 'Q3 FY24', 'quarter', 2024, 3, 'MYR', 'MYR millions', '2024-03-31', 'glove-tracker-supermax') ON CONFLICT (company_id, period_label) DO UPDATE SET period_type = EXCLUDED.period_type, fiscal_year = EXCLUDED.fiscal_year, fiscal_quarter = EXCLUDED.fiscal_quarter, currency = EXCLUDED.currency, unit = EXCLUDED.unit, report_date = EXCLUDED.report_date, source_id = EXCLUDED.source_id;
INSERT INTO financial_fact (period_id, concept, value, source_id)
SELECT p.id, v.concept, v.value, 'glove-tracker-supermax'
FROM financial_period p
JOIN (VALUES ('Revenue', 143.01::double precision), ('OperatingIncome', 679.111::double precision), ('NetIncome', -0.686::double precision)) AS v(concept, value) ON true
WHERE p.company_id = 'supermax' AND p.period_label = 'Q3 FY24'
ON CONFLICT (period_id, concept) DO UPDATE SET value = EXCLUDED.value, source_id = EXCLUDED.source_id;
INSERT INTO financial_period (company_id, period_label, period_type, fiscal_year, fiscal_quarter, currency, unit, report_date, source_id) VALUES ('supermax', 'Q4 FY24', 'quarter', 2024, 4, 'MYR', 'MYR millions', '2024-06-30', 'glove-tracker-supermax') ON CONFLICT (company_id, period_label) DO UPDATE SET period_type = EXCLUDED.period_type, fiscal_year = EXCLUDED.fiscal_year, fiscal_quarter = EXCLUDED.fiscal_quarter, currency = EXCLUDED.currency, unit = EXCLUDED.unit, report_date = EXCLUDED.report_date, source_id = EXCLUDED.source_id;
INSERT INTO financial_fact (period_id, concept, value, source_id)
SELECT p.id, v.concept, v.value, 'glove-tracker-supermax'
FROM financial_period p
JOIN (VALUES ('Revenue', 179.644::double precision), ('OperatingIncome', 679.111::double precision), ('NetIncome', -127.929::double precision)) AS v(concept, value) ON true
WHERE p.company_id = 'supermax' AND p.period_label = 'Q4 FY24'
ON CONFLICT (period_id, concept) DO UPDATE SET value = EXCLUDED.value, source_id = EXCLUDED.source_id;
INSERT INTO financial_period (company_id, period_label, period_type, fiscal_year, fiscal_quarter, currency, unit, report_date, source_id) VALUES ('supermax', 'Q1 FY25', 'quarter', 2025, 1, 'MYR', 'MYR millions', '2024-09-30', 'glove-tracker-supermax') ON CONFLICT (company_id, period_label) DO UPDATE SET period_type = EXCLUDED.period_type, fiscal_year = EXCLUDED.fiscal_year, fiscal_quarter = EXCLUDED.fiscal_quarter, currency = EXCLUDED.currency, unit = EXCLUDED.unit, report_date = EXCLUDED.report_date, source_id = EXCLUDED.source_id;
INSERT INTO financial_fact (period_id, concept, value, source_id)
SELECT p.id, v.concept, v.value, 'glove-tracker-supermax'
FROM financial_period p
JOIN (VALUES ('Revenue', 224.65::double precision), ('OperatingIncome', 4993.056::double precision), ('NetIncome', -64.628::double precision)) AS v(concept, value) ON true
WHERE p.company_id = 'supermax' AND p.period_label = 'Q1 FY25'
ON CONFLICT (period_id, concept) DO UPDATE SET value = EXCLUDED.value, source_id = EXCLUDED.source_id;
INSERT INTO financial_period (company_id, period_label, period_type, fiscal_year, fiscal_quarter, currency, unit, report_date, source_id) VALUES ('supermax', 'Q2 FY25', 'quarter', 2025, 2, 'MYR', 'MYR millions', '2024-12-31', 'glove-tracker-supermax') ON CONFLICT (company_id, period_label) DO UPDATE SET period_type = EXCLUDED.period_type, fiscal_year = EXCLUDED.fiscal_year, fiscal_quarter = EXCLUDED.fiscal_quarter, currency = EXCLUDED.currency, unit = EXCLUDED.unit, report_date = EXCLUDED.report_date, source_id = EXCLUDED.source_id;
INSERT INTO financial_fact (period_id, concept, value, source_id)
SELECT p.id, v.concept, v.value, 'glove-tracker-supermax'
FROM financial_period p
JOIN (VALUES ('Revenue', 198.787::double precision), ('OperatingIncome', 4993.056::double precision), ('NetIncome', -4.922::double precision)) AS v(concept, value) ON true
WHERE p.company_id = 'supermax' AND p.period_label = 'Q2 FY25'
ON CONFLICT (period_id, concept) DO UPDATE SET value = EXCLUDED.value, source_id = EXCLUDED.source_id;
INSERT INTO financial_period (company_id, period_label, period_type, fiscal_year, fiscal_quarter, currency, unit, report_date, source_id) VALUES ('supermax', 'Q3 FY25', 'quarter', 2025, 3, 'MYR', 'MYR millions', '2025-03-31', 'glove-tracker-supermax') ON CONFLICT (company_id, period_label) DO UPDATE SET period_type = EXCLUDED.period_type, fiscal_year = EXCLUDED.fiscal_year, fiscal_quarter = EXCLUDED.fiscal_quarter, currency = EXCLUDED.currency, unit = EXCLUDED.unit, report_date = EXCLUDED.report_date, source_id = EXCLUDED.source_id;
INSERT INTO financial_fact (period_id, concept, value, source_id)
SELECT p.id, v.concept, v.value, 'glove-tracker-supermax'
FROM financial_period p
JOIN (VALUES ('Revenue', 203.668::double precision), ('NetIncome', -23.805::double precision)) AS v(concept, value) ON true
WHERE p.company_id = 'supermax' AND p.period_label = 'Q3 FY25'
ON CONFLICT (period_id, concept) DO UPDATE SET value = EXCLUDED.value, source_id = EXCLUDED.source_id;
INSERT INTO financial_period (company_id, period_label, period_type, fiscal_year, fiscal_quarter, currency, unit, report_date, source_id) VALUES ('supermax', 'Q4 FY25', 'quarter', 2025, 4, 'MYR', 'MYR millions', '2025-06-30', 'glove-tracker-supermax') ON CONFLICT (company_id, period_label) DO UPDATE SET period_type = EXCLUDED.period_type, fiscal_year = EXCLUDED.fiscal_year, fiscal_quarter = EXCLUDED.fiscal_quarter, currency = EXCLUDED.currency, unit = EXCLUDED.unit, report_date = EXCLUDED.report_date, source_id = EXCLUDED.source_id;
INSERT INTO financial_fact (period_id, concept, value, source_id)
SELECT p.id, v.concept, v.value, 'glove-tracker-supermax'
FROM financial_period p
JOIN (VALUES ('Revenue', 154.745::double precision), ('NetIncome', -67.041::double precision)) AS v(concept, value) ON true
WHERE p.company_id = 'supermax' AND p.period_label = 'Q4 FY25'
ON CONFLICT (period_id, concept) DO UPDATE SET value = EXCLUDED.value, source_id = EXCLUDED.source_id;
INSERT INTO financial_period (company_id, period_label, period_type, fiscal_year, fiscal_quarter, currency, unit, report_date, source_id) VALUES ('supermax', 'Q1 FY26', 'quarter', 2026, 1, 'MYR', 'MYR millions', '2025-09-30', 'glove-tracker-supermax') ON CONFLICT (company_id, period_label) DO UPDATE SET period_type = EXCLUDED.period_type, fiscal_year = EXCLUDED.fiscal_year, fiscal_quarter = EXCLUDED.fiscal_quarter, currency = EXCLUDED.currency, unit = EXCLUDED.unit, report_date = EXCLUDED.report_date, source_id = EXCLUDED.source_id;
INSERT INTO financial_fact (period_id, concept, value, source_id)
SELECT p.id, v.concept, v.value, 'glove-tracker-supermax'
FROM financial_period p
JOIN (VALUES ('Revenue', 205.564::double precision), ('NetIncome', -134.612::double precision)) AS v(concept, value) ON true
WHERE p.company_id = 'supermax' AND p.period_label = 'Q1 FY26'
ON CONFLICT (period_id, concept) DO UPDATE SET value = EXCLUDED.value, source_id = EXCLUDED.source_id;
INSERT INTO financial_period (company_id, period_label, period_type, fiscal_year, fiscal_quarter, currency, unit, report_date, source_id) VALUES ('supermax', 'Q2 FY26', 'quarter', 2026, 2, 'MYR', 'MYR millions', '2025-12-31', 'glove-tracker-supermax') ON CONFLICT (company_id, period_label) DO UPDATE SET period_type = EXCLUDED.period_type, fiscal_year = EXCLUDED.fiscal_year, fiscal_quarter = EXCLUDED.fiscal_quarter, currency = EXCLUDED.currency, unit = EXCLUDED.unit, report_date = EXCLUDED.report_date, source_id = EXCLUDED.source_id;
INSERT INTO financial_fact (period_id, concept, value, source_id)
SELECT p.id, v.concept, v.value, 'glove-tracker-supermax'
FROM financial_period p
JOIN (VALUES ('Revenue', 187.436::double precision), ('NetIncome', -58.442::double precision)) AS v(concept, value) ON true
WHERE p.company_id = 'supermax' AND p.period_label = 'Q2 FY26'
ON CONFLICT (period_id, concept) DO UPDATE SET value = EXCLUDED.value, source_id = EXCLUDED.source_id;
INSERT INTO financial_period (company_id, period_label, period_type, fiscal_year, fiscal_quarter, currency, unit, report_date, source_id) VALUES ('supermax', 'FY03', 'annual', 2003, NULL, 'MYR', 'MYR millions', '2003-12-31', 'glove-tracker-supermax') ON CONFLICT (company_id, period_label) DO UPDATE SET period_type = EXCLUDED.period_type, fiscal_year = EXCLUDED.fiscal_year, fiscal_quarter = EXCLUDED.fiscal_quarter, currency = EXCLUDED.currency, unit = EXCLUDED.unit, report_date = EXCLUDED.report_date, source_id = EXCLUDED.source_id;
INSERT INTO financial_fact (period_id, concept, value, source_id)
SELECT p.id, v.concept, v.value, 'glove-tracker-supermax'
FROM financial_period p
JOIN (VALUES ('Revenue', 141.2::double precision), ('NetIncome', 17.1::double precision)) AS v(concept, value) ON true
WHERE p.company_id = 'supermax' AND p.period_label = 'FY03'
ON CONFLICT (period_id, concept) DO UPDATE SET value = EXCLUDED.value, source_id = EXCLUDED.source_id;
INSERT INTO financial_period (company_id, period_label, period_type, fiscal_year, fiscal_quarter, currency, unit, report_date, source_id) VALUES ('supermax', 'FY04', 'annual', 2004, NULL, 'MYR', 'MYR millions', '2004-12-31', 'glove-tracker-supermax') ON CONFLICT (company_id, period_label) DO UPDATE SET period_type = EXCLUDED.period_type, fiscal_year = EXCLUDED.fiscal_year, fiscal_quarter = EXCLUDED.fiscal_quarter, currency = EXCLUDED.currency, unit = EXCLUDED.unit, report_date = EXCLUDED.report_date, source_id = EXCLUDED.source_id;
INSERT INTO financial_fact (period_id, concept, value, source_id)
SELECT p.id, v.concept, v.value, 'glove-tracker-supermax'
FROM financial_period p
JOIN (VALUES ('Revenue', 219.4::double precision), ('NetIncome', 28.5::double precision)) AS v(concept, value) ON true
WHERE p.company_id = 'supermax' AND p.period_label = 'FY04'
ON CONFLICT (period_id, concept) DO UPDATE SET value = EXCLUDED.value, source_id = EXCLUDED.source_id;
INSERT INTO financial_period (company_id, period_label, period_type, fiscal_year, fiscal_quarter, currency, unit, report_date, source_id) VALUES ('supermax', 'FY05', 'annual', 2005, NULL, 'MYR', 'MYR millions', '2005-12-31', 'glove-tracker-supermax') ON CONFLICT (company_id, period_label) DO UPDATE SET period_type = EXCLUDED.period_type, fiscal_year = EXCLUDED.fiscal_year, fiscal_quarter = EXCLUDED.fiscal_quarter, currency = EXCLUDED.currency, unit = EXCLUDED.unit, report_date = EXCLUDED.report_date, source_id = EXCLUDED.source_id;
INSERT INTO financial_fact (period_id, concept, value, source_id)
SELECT p.id, v.concept, v.value, 'glove-tracker-supermax'
FROM financial_period p
JOIN (VALUES ('Revenue', 288.2::double precision), ('NetIncome', 37::double precision)) AS v(concept, value) ON true
WHERE p.company_id = 'supermax' AND p.period_label = 'FY05'
ON CONFLICT (period_id, concept) DO UPDATE SET value = EXCLUDED.value, source_id = EXCLUDED.source_id;
INSERT INTO financial_period (company_id, period_label, period_type, fiscal_year, fiscal_quarter, currency, unit, report_date, source_id) VALUES ('supermax', 'FY06', 'annual', 2006, NULL, 'MYR', 'MYR millions', '2006-12-31', 'glove-tracker-supermax') ON CONFLICT (company_id, period_label) DO UPDATE SET period_type = EXCLUDED.period_type, fiscal_year = EXCLUDED.fiscal_year, fiscal_quarter = EXCLUDED.fiscal_quarter, currency = EXCLUDED.currency, unit = EXCLUDED.unit, report_date = EXCLUDED.report_date, source_id = EXCLUDED.source_id;
INSERT INTO financial_fact (period_id, concept, value, source_id)
SELECT p.id, v.concept, v.value, 'glove-tracker-supermax'
FROM financial_period p
JOIN (VALUES ('Revenue', 389.2::double precision), ('NetIncome', 40.8::double precision)) AS v(concept, value) ON true
WHERE p.company_id = 'supermax' AND p.period_label = 'FY06'
ON CONFLICT (period_id, concept) DO UPDATE SET value = EXCLUDED.value, source_id = EXCLUDED.source_id;
INSERT INTO financial_period (company_id, period_label, period_type, fiscal_year, fiscal_quarter, currency, unit, report_date, source_id) VALUES ('supermax', 'FY07', 'annual', 2007, NULL, 'MYR', 'MYR millions', '2007-12-31', 'glove-tracker-supermax') ON CONFLICT (company_id, period_label) DO UPDATE SET period_type = EXCLUDED.period_type, fiscal_year = EXCLUDED.fiscal_year, fiscal_quarter = EXCLUDED.fiscal_quarter, currency = EXCLUDED.currency, unit = EXCLUDED.unit, report_date = EXCLUDED.report_date, source_id = EXCLUDED.source_id;
INSERT INTO financial_fact (period_id, concept, value, source_id)
SELECT p.id, v.concept, v.value, 'glove-tracker-supermax'
FROM financial_period p
JOIN (VALUES ('Revenue', 582.1::double precision), ('NetIncome', 59::double precision)) AS v(concept, value) ON true
WHERE p.company_id = 'supermax' AND p.period_label = 'FY07'
ON CONFLICT (period_id, concept) DO UPDATE SET value = EXCLUDED.value, source_id = EXCLUDED.source_id;
INSERT INTO financial_period (company_id, period_label, period_type, fiscal_year, fiscal_quarter, currency, unit, report_date, source_id) VALUES ('supermax', 'FY08', 'annual', 2008, NULL, 'MYR', 'MYR millions', '2008-12-31', 'glove-tracker-supermax') ON CONFLICT (company_id, period_label) DO UPDATE SET period_type = EXCLUDED.period_type, fiscal_year = EXCLUDED.fiscal_year, fiscal_quarter = EXCLUDED.fiscal_quarter, currency = EXCLUDED.currency, unit = EXCLUDED.unit, report_date = EXCLUDED.report_date, source_id = EXCLUDED.source_id;
INSERT INTO financial_fact (period_id, concept, value, source_id)
SELECT p.id, v.concept, v.value, 'glove-tracker-supermax'
FROM financial_period p
JOIN (VALUES ('Revenue', 833.5::double precision), ('NetIncome', 46.5::double precision)) AS v(concept, value) ON true
WHERE p.company_id = 'supermax' AND p.period_label = 'FY08'
ON CONFLICT (period_id, concept) DO UPDATE SET value = EXCLUDED.value, source_id = EXCLUDED.source_id;
INSERT INTO financial_period (company_id, period_label, period_type, fiscal_year, fiscal_quarter, currency, unit, report_date, source_id) VALUES ('supermax', 'FY09', 'annual', 2009, NULL, 'MYR', 'MYR millions', '2009-12-31', 'glove-tracker-supermax') ON CONFLICT (company_id, period_label) DO UPDATE SET period_type = EXCLUDED.period_type, fiscal_year = EXCLUDED.fiscal_year, fiscal_quarter = EXCLUDED.fiscal_quarter, currency = EXCLUDED.currency, unit = EXCLUDED.unit, report_date = EXCLUDED.report_date, source_id = EXCLUDED.source_id;
INSERT INTO financial_fact (period_id, concept, value, source_id)
SELECT p.id, v.concept, v.value, 'glove-tracker-supermax'
FROM financial_period p
JOIN (VALUES ('Revenue', 814.9::double precision), ('NetIncome', 129.8::double precision)) AS v(concept, value) ON true
WHERE p.company_id = 'supermax' AND p.period_label = 'FY09'
ON CONFLICT (period_id, concept) DO UPDATE SET value = EXCLUDED.value, source_id = EXCLUDED.source_id;
INSERT INTO financial_period (company_id, period_label, period_type, fiscal_year, fiscal_quarter, currency, unit, report_date, source_id) VALUES ('supermax', 'FY10', 'annual', 2010, NULL, 'MYR', 'MYR millions', '2010-12-31', 'glove-tracker-supermax') ON CONFLICT (company_id, period_label) DO UPDATE SET period_type = EXCLUDED.period_type, fiscal_year = EXCLUDED.fiscal_year, fiscal_quarter = EXCLUDED.fiscal_quarter, currency = EXCLUDED.currency, unit = EXCLUDED.unit, report_date = EXCLUDED.report_date, source_id = EXCLUDED.source_id;
INSERT INTO financial_fact (period_id, concept, value, source_id)
SELECT p.id, v.concept, v.value, 'glove-tracker-supermax'
FROM financial_period p
JOIN (VALUES ('Revenue', 923.3::double precision), ('NetIncome', 168.2::double precision)) AS v(concept, value) ON true
WHERE p.company_id = 'supermax' AND p.period_label = 'FY10'
ON CONFLICT (period_id, concept) DO UPDATE SET value = EXCLUDED.value, source_id = EXCLUDED.source_id;
INSERT INTO financial_period (company_id, period_label, period_type, fiscal_year, fiscal_quarter, currency, unit, report_date, source_id) VALUES ('supermax', 'FY11', 'annual', 2011, NULL, 'MYR', 'MYR millions', '2011-12-31', 'glove-tracker-supermax') ON CONFLICT (company_id, period_label) DO UPDATE SET period_type = EXCLUDED.period_type, fiscal_year = EXCLUDED.fiscal_year, fiscal_quarter = EXCLUDED.fiscal_quarter, currency = EXCLUDED.currency, unit = EXCLUDED.unit, report_date = EXCLUDED.report_date, source_id = EXCLUDED.source_id;
INSERT INTO financial_fact (period_id, concept, value, source_id)
SELECT p.id, v.concept, v.value, 'glove-tracker-supermax'
FROM financial_period p
JOIN (VALUES ('Revenue', 1026.9::double precision), ('NetIncome', 106.1::double precision)) AS v(concept, value) ON true
WHERE p.company_id = 'supermax' AND p.period_label = 'FY11'
ON CONFLICT (period_id, concept) DO UPDATE SET value = EXCLUDED.value, source_id = EXCLUDED.source_id;
INSERT INTO financial_period (company_id, period_label, period_type, fiscal_year, fiscal_quarter, currency, unit, report_date, source_id) VALUES ('supermax', 'FY12', 'annual', 2012, NULL, 'MYR', 'MYR millions', '2012-12-31', 'glove-tracker-supermax') ON CONFLICT (company_id, period_label) DO UPDATE SET period_type = EXCLUDED.period_type, fiscal_year = EXCLUDED.fiscal_year, fiscal_quarter = EXCLUDED.fiscal_quarter, currency = EXCLUDED.currency, unit = EXCLUDED.unit, report_date = EXCLUDED.report_date, source_id = EXCLUDED.source_id;
INSERT INTO financial_fact (period_id, concept, value, source_id)
SELECT p.id, v.concept, v.value, 'glove-tracker-supermax'
FROM financial_period p
JOIN (VALUES ('Revenue', 1048.4::double precision), ('NetIncome', 121.7::double precision)) AS v(concept, value) ON true
WHERE p.company_id = 'supermax' AND p.period_label = 'FY12'
ON CONFLICT (period_id, concept) DO UPDATE SET value = EXCLUDED.value, source_id = EXCLUDED.source_id;
INSERT INTO financial_period (company_id, period_label, period_type, fiscal_year, fiscal_quarter, currency, unit, report_date, source_id) VALUES ('supermax', 'FY13', 'annual', 2013, NULL, 'MYR', 'MYR millions', '2013-12-31', 'glove-tracker-supermax') ON CONFLICT (company_id, period_label) DO UPDATE SET period_type = EXCLUDED.period_type, fiscal_year = EXCLUDED.fiscal_year, fiscal_quarter = EXCLUDED.fiscal_quarter, currency = EXCLUDED.currency, unit = EXCLUDED.unit, report_date = EXCLUDED.report_date, source_id = EXCLUDED.source_id;
INSERT INTO financial_fact (period_id, concept, value, source_id)
SELECT p.id, v.concept, v.value, 'glove-tracker-supermax'
FROM financial_period p
JOIN (VALUES ('Revenue', 1127.3::double precision), ('NetIncome', 128.1::double precision)) AS v(concept, value) ON true
WHERE p.company_id = 'supermax' AND p.period_label = 'FY13'
ON CONFLICT (period_id, concept) DO UPDATE SET value = EXCLUDED.value, source_id = EXCLUDED.source_id;
INSERT INTO financial_period (company_id, period_label, period_type, fiscal_year, fiscal_quarter, currency, unit, report_date, source_id) VALUES ('supermax', 'FY14', 'annual', 2014, NULL, 'MYR', 'MYR millions', '2014-12-31', 'glove-tracker-supermax') ON CONFLICT (company_id, period_label) DO UPDATE SET period_type = EXCLUDED.period_type, fiscal_year = EXCLUDED.fiscal_year, fiscal_quarter = EXCLUDED.fiscal_quarter, currency = EXCLUDED.currency, unit = EXCLUDED.unit, report_date = EXCLUDED.report_date, source_id = EXCLUDED.source_id;
INSERT INTO financial_fact (period_id, concept, value, source_id)
SELECT p.id, v.concept, v.value, 'glove-tracker-supermax'
FROM financial_period p
JOIN (VALUES ('Revenue', 1007.6::double precision), ('NetIncome', 101.3::double precision)) AS v(concept, value) ON true
WHERE p.company_id = 'supermax' AND p.period_label = 'FY14'
ON CONFLICT (period_id, concept) DO UPDATE SET value = EXCLUDED.value, source_id = EXCLUDED.source_id;
INSERT INTO financial_period (company_id, period_label, period_type, fiscal_year, fiscal_quarter, currency, unit, report_date, source_id) VALUES ('supermax', 'FY17', 'annual', 2017, NULL, 'MYR', 'MYR millions', '2017-06-30', 'glove-tracker-supermax') ON CONFLICT (company_id, period_label) DO UPDATE SET period_type = EXCLUDED.period_type, fiscal_year = EXCLUDED.fiscal_year, fiscal_quarter = EXCLUDED.fiscal_quarter, currency = EXCLUDED.currency, unit = EXCLUDED.unit, report_date = EXCLUDED.report_date, source_id = EXCLUDED.source_id;
INSERT INTO financial_fact (period_id, concept, value, source_id)
SELECT p.id, v.concept, v.value, 'glove-tracker-supermax'
FROM financial_period p
JOIN (VALUES ('Revenue', 1126.5::double precision), ('NetIncome', 70.2::double precision)) AS v(concept, value) ON true
WHERE p.company_id = 'supermax' AND p.period_label = 'FY17'
ON CONFLICT (period_id, concept) DO UPDATE SET value = EXCLUDED.value, source_id = EXCLUDED.source_id;
INSERT INTO financial_period (company_id, period_label, period_type, fiscal_year, fiscal_quarter, currency, unit, report_date, source_id) VALUES ('supermax', 'FY18', 'annual', 2018, NULL, 'MYR', 'MYR millions', '2018-06-30', 'glove-tracker-supermax') ON CONFLICT (company_id, period_label) DO UPDATE SET period_type = EXCLUDED.period_type, fiscal_year = EXCLUDED.fiscal_year, fiscal_quarter = EXCLUDED.fiscal_quarter, currency = EXCLUDED.currency, unit = EXCLUDED.unit, report_date = EXCLUDED.report_date, source_id = EXCLUDED.source_id;
INSERT INTO financial_fact (period_id, concept, value, source_id)
SELECT p.id, v.concept, v.value, 'glove-tracker-supermax'
FROM financial_period p
JOIN (VALUES ('Revenue', 1304.5::double precision), ('NetIncome', 107::double precision)) AS v(concept, value) ON true
WHERE p.company_id = 'supermax' AND p.period_label = 'FY18'
ON CONFLICT (period_id, concept) DO UPDATE SET value = EXCLUDED.value, source_id = EXCLUDED.source_id;
INSERT INTO financial_period (company_id, period_label, period_type, fiscal_year, fiscal_quarter, currency, unit, report_date, source_id) VALUES ('supermax', 'FY19', 'annual', 2019, NULL, 'MYR', 'MYR millions', '2019-06-30', 'glove-tracker-supermax') ON CONFLICT (company_id, period_label) DO UPDATE SET period_type = EXCLUDED.period_type, fiscal_year = EXCLUDED.fiscal_year, fiscal_quarter = EXCLUDED.fiscal_quarter, currency = EXCLUDED.currency, unit = EXCLUDED.unit, report_date = EXCLUDED.report_date, source_id = EXCLUDED.source_id;
INSERT INTO financial_fact (period_id, concept, value, source_id)
SELECT p.id, v.concept, v.value, 'glove-tracker-supermax'
FROM financial_period p
JOIN (VALUES ('Revenue', 1489.4::double precision), ('NetIncome', 123.7::double precision)) AS v(concept, value) ON true
WHERE p.company_id = 'supermax' AND p.period_label = 'FY19'
ON CONFLICT (period_id, concept) DO UPDATE SET value = EXCLUDED.value, source_id = EXCLUDED.source_id;
INSERT INTO financial_period (company_id, period_label, period_type, fiscal_year, fiscal_quarter, currency, unit, report_date, source_id) VALUES ('supermax', 'FY20', 'annual', 2020, NULL, 'MYR', 'MYR millions', '2020-06-30', 'glove-tracker-supermax') ON CONFLICT (company_id, period_label) DO UPDATE SET period_type = EXCLUDED.period_type, fiscal_year = EXCLUDED.fiscal_year, fiscal_quarter = EXCLUDED.fiscal_quarter, currency = EXCLUDED.currency, unit = EXCLUDED.unit, report_date = EXCLUDED.report_date, source_id = EXCLUDED.source_id;
INSERT INTO financial_fact (period_id, concept, value, source_id)
SELECT p.id, v.concept, v.value, 'glove-tracker-supermax'
FROM financial_period p
JOIN (VALUES ('Revenue', 2131.7::double precision), ('NetIncome', 525.6::double precision)) AS v(concept, value) ON true
WHERE p.company_id = 'supermax' AND p.period_label = 'FY20'
ON CONFLICT (period_id, concept) DO UPDATE SET value = EXCLUDED.value, source_id = EXCLUDED.source_id;
INSERT INTO financial_period (company_id, period_label, period_type, fiscal_year, fiscal_quarter, currency, unit, report_date, source_id) VALUES ('supermax', 'FY21', 'annual', 2021, NULL, 'MYR', 'MYR millions', '2021-06-30', 'glove-tracker-supermax') ON CONFLICT (company_id, period_label) DO UPDATE SET period_type = EXCLUDED.period_type, fiscal_year = EXCLUDED.fiscal_year, fiscal_quarter = EXCLUDED.fiscal_quarter, currency = EXCLUDED.currency, unit = EXCLUDED.unit, report_date = EXCLUDED.report_date, source_id = EXCLUDED.source_id;
INSERT INTO financial_fact (period_id, concept, value, source_id)
SELECT p.id, v.concept, v.value, 'glove-tracker-supermax'
FROM financial_period p
JOIN (VALUES ('Revenue', 7200::double precision), ('NetIncome', 3848.2::double precision)) AS v(concept, value) ON true
WHERE p.company_id = 'supermax' AND p.period_label = 'FY21'
ON CONFLICT (period_id, concept) DO UPDATE SET value = EXCLUDED.value, source_id = EXCLUDED.source_id;
INSERT INTO financial_period (company_id, period_label, period_type, fiscal_year, fiscal_quarter, currency, unit, report_date, source_id) VALUES ('supermax', 'FY22', 'annual', 2022, NULL, 'MYR', 'MYR millions', '2022-06-30', 'glove-tracker-supermax') ON CONFLICT (company_id, period_label) DO UPDATE SET period_type = EXCLUDED.period_type, fiscal_year = EXCLUDED.fiscal_year, fiscal_quarter = EXCLUDED.fiscal_quarter, currency = EXCLUDED.currency, unit = EXCLUDED.unit, report_date = EXCLUDED.report_date, source_id = EXCLUDED.source_id;
INSERT INTO financial_fact (period_id, concept, value, source_id)
SELECT p.id, v.concept, v.value, 'glove-tracker-supermax'
FROM financial_period p
JOIN (VALUES ('Revenue', 2731.5::double precision), ('NetIncome', 732.4::double precision)) AS v(concept, value) ON true
WHERE p.company_id = 'supermax' AND p.period_label = 'FY22'
ON CONFLICT (period_id, concept) DO UPDATE SET value = EXCLUDED.value, source_id = EXCLUDED.source_id;
INSERT INTO financial_period (company_id, period_label, period_type, fiscal_year, fiscal_quarter, currency, unit, report_date, source_id) VALUES ('supermax', 'FY23', 'annual', 2023, NULL, 'MYR', 'MYR millions', '2023-06-30', 'glove-tracker-supermax') ON CONFLICT (company_id, period_label) DO UPDATE SET period_type = EXCLUDED.period_type, fiscal_year = EXCLUDED.fiscal_year, fiscal_quarter = EXCLUDED.fiscal_quarter, currency = EXCLUDED.currency, unit = EXCLUDED.unit, report_date = EXCLUDED.report_date, source_id = EXCLUDED.source_id;
INSERT INTO financial_fact (period_id, concept, value, source_id)
SELECT p.id, v.concept, v.value, 'glove-tracker-supermax'
FROM financial_period p
JOIN (VALUES ('Revenue', 821.9::double precision), ('NetIncome', -149.5::double precision)) AS v(concept, value) ON true
WHERE p.company_id = 'supermax' AND p.period_label = 'FY23'
ON CONFLICT (period_id, concept) DO UPDATE SET value = EXCLUDED.value, source_id = EXCLUDED.source_id;
INSERT INTO financial_period (company_id, period_label, period_type, fiscal_year, fiscal_quarter, currency, unit, report_date, source_id) VALUES ('supermax', 'FY24', 'annual', 2024, NULL, 'MYR', 'MYR millions', '2024-06-30', 'glove-tracker-supermax') ON CONFLICT (company_id, period_label) DO UPDATE SET period_type = EXCLUDED.period_type, fiscal_year = EXCLUDED.fiscal_year, fiscal_quarter = EXCLUDED.fiscal_quarter, currency = EXCLUDED.currency, unit = EXCLUDED.unit, report_date = EXCLUDED.report_date, source_id = EXCLUDED.source_id;
INSERT INTO financial_fact (period_id, concept, value, source_id)
SELECT p.id, v.concept, v.value, 'glove-tracker-supermax'
FROM financial_period p
JOIN (VALUES ('Revenue', 646.254::double precision), ('NetIncome', -175.115::double precision)) AS v(concept, value) ON true
WHERE p.company_id = 'supermax' AND p.period_label = 'FY24'
ON CONFLICT (period_id, concept) DO UPDATE SET value = EXCLUDED.value, source_id = EXCLUDED.source_id;
INSERT INTO financial_period (company_id, period_label, period_type, fiscal_year, fiscal_quarter, currency, unit, report_date, source_id) VALUES ('supermax', 'FY25', 'annual', 2025, NULL, 'MYR', 'MYR millions', '2025-06-30', 'glove-tracker-supermax') ON CONFLICT (company_id, period_label) DO UPDATE SET period_type = EXCLUDED.period_type, fiscal_year = EXCLUDED.fiscal_year, fiscal_quarter = EXCLUDED.fiscal_quarter, currency = EXCLUDED.currency, unit = EXCLUDED.unit, report_date = EXCLUDED.report_date, source_id = EXCLUDED.source_id;
INSERT INTO financial_fact (period_id, concept, value, source_id)
SELECT p.id, v.concept, v.value, 'glove-tracker-supermax'
FROM financial_period p
JOIN (VALUES ('Revenue', 781.85::double precision), ('NetIncome', -160.396::double precision)) AS v(concept, value) ON true
WHERE p.company_id = 'supermax' AND p.period_label = 'FY25'
ON CONFLICT (period_id, concept) DO UPDATE SET value = EXCLUDED.value, source_id = EXCLUDED.source_id;
INSERT INTO source (id, kind, name, url, retrieved_at, note) VALUES ('glove-tracker-careplus', 'glove-tracker', 'glove-tracker import — Careplus Group Bursa quarterly reports', 'https://www.bursamalaysia.com', '2026-04-20', 'Imported from weisiang329-eng/glove-tracker (data/fund.json, is_mock=0 rows only). Original source: Bursa Malaysia quarterly report PDFs, auto-parsed. See apps/api/seed/glove/fundamentals.json for per-row provenance.') ON CONFLICT (id) DO UPDATE SET kind = EXCLUDED.kind, name = EXCLUDED.name, url = EXCLUDED.url, retrieved_at = EXCLUDED.retrieved_at, note = EXCLUDED.note;
INSERT INTO company (id, name, ticker, exchange, segment, country, industry_id, description, reporting_currency, fiscal_year_end_month) VALUES ('careplus', 'Careplus Group', 'CAREPLS', 'Bursa Malaysia', 'Rubber Gloves', 'Malaysia', 'rubber-gloves', 'Small-cap OEM glove manufacturer.', 'MYR', NULL) ON CONFLICT (id) DO UPDATE SET name = EXCLUDED.name, ticker = EXCLUDED.ticker, exchange = EXCLUDED.exchange, segment = EXCLUDED.segment, country = EXCLUDED.country, industry_id = EXCLUDED.industry_id, description = EXCLUDED.description, reporting_currency = EXCLUDED.reporting_currency, fiscal_year_end_month = EXCLUDED.fiscal_year_end_month;
INSERT INTO financial_period (company_id, period_label, period_type, fiscal_year, fiscal_quarter, currency, unit, report_date, source_id) VALUES ('careplus', 'Q3 FY11', 'quarter', 2011, 3, 'MYR', 'MYR millions', '2010-10-31', 'glove-tracker-careplus') ON CONFLICT (company_id, period_label) DO UPDATE SET period_type = EXCLUDED.period_type, fiscal_year = EXCLUDED.fiscal_year, fiscal_quarter = EXCLUDED.fiscal_quarter, currency = EXCLUDED.currency, unit = EXCLUDED.unit, report_date = EXCLUDED.report_date, source_id = EXCLUDED.source_id;
INSERT INTO financial_fact (period_id, concept, value, source_id)
SELECT p.id, v.concept, v.value, 'glove-tracker-careplus'
FROM financial_period p
JOIN (VALUES ('Revenue', 12.4::double precision), ('NetIncome', 0.675::double precision)) AS v(concept, value) ON true
WHERE p.company_id = 'careplus' AND p.period_label = 'Q3 FY11'
ON CONFLICT (period_id, concept) DO UPDATE SET value = EXCLUDED.value, source_id = EXCLUDED.source_id;
INSERT INTO financial_period (company_id, period_label, period_type, fiscal_year, fiscal_quarter, currency, unit, report_date, source_id) VALUES ('careplus', 'Q4 FY11', 'quarter', 2011, 4, 'MYR', 'MYR millions', '2011-01-31', 'glove-tracker-careplus') ON CONFLICT (company_id, period_label) DO UPDATE SET period_type = EXCLUDED.period_type, fiscal_year = EXCLUDED.fiscal_year, fiscal_quarter = EXCLUDED.fiscal_quarter, currency = EXCLUDED.currency, unit = EXCLUDED.unit, report_date = EXCLUDED.report_date, source_id = EXCLUDED.source_id;
INSERT INTO financial_fact (period_id, concept, value, source_id)
SELECT p.id, v.concept, v.value, 'glove-tracker-careplus'
FROM financial_period p
JOIN (VALUES ('Revenue', 11.5::double precision), ('NetIncome', -0.378::double precision)) AS v(concept, value) ON true
WHERE p.company_id = 'careplus' AND p.period_label = 'Q4 FY11'
ON CONFLICT (period_id, concept) DO UPDATE SET value = EXCLUDED.value, source_id = EXCLUDED.source_id;
INSERT INTO financial_period (company_id, period_label, period_type, fiscal_year, fiscal_quarter, currency, unit, report_date, source_id) VALUES ('careplus', 'Q1 FY12', 'quarter', 2012, 1, 'MYR', 'MYR millions', '2011-04-30', 'glove-tracker-careplus') ON CONFLICT (company_id, period_label) DO UPDATE SET period_type = EXCLUDED.period_type, fiscal_year = EXCLUDED.fiscal_year, fiscal_quarter = EXCLUDED.fiscal_quarter, currency = EXCLUDED.currency, unit = EXCLUDED.unit, report_date = EXCLUDED.report_date, source_id = EXCLUDED.source_id;
INSERT INTO financial_fact (period_id, concept, value, source_id)
SELECT p.id, v.concept, v.value, 'glove-tracker-careplus'
FROM financial_period p
JOIN (VALUES ('Revenue', 10.6::double precision), ('NetIncome', 0.429::double precision)) AS v(concept, value) ON true
WHERE p.company_id = 'careplus' AND p.period_label = 'Q1 FY12'
ON CONFLICT (period_id, concept) DO UPDATE SET value = EXCLUDED.value, source_id = EXCLUDED.source_id;
INSERT INTO financial_period (company_id, period_label, period_type, fiscal_year, fiscal_quarter, currency, unit, report_date, source_id) VALUES ('careplus', 'Q2 FY12', 'quarter', 2012, 2, 'MYR', 'MYR millions', '2011-07-31', 'glove-tracker-careplus') ON CONFLICT (company_id, period_label) DO UPDATE SET period_type = EXCLUDED.period_type, fiscal_year = EXCLUDED.fiscal_year, fiscal_quarter = EXCLUDED.fiscal_quarter, currency = EXCLUDED.currency, unit = EXCLUDED.unit, report_date = EXCLUDED.report_date, source_id = EXCLUDED.source_id;
INSERT INTO financial_fact (period_id, concept, value, source_id)
SELECT p.id, v.concept, v.value, 'glove-tracker-careplus'
FROM financial_period p
JOIN (VALUES ('Revenue', 12.4::double precision), ('NetIncome', 2.3::double precision)) AS v(concept, value) ON true
WHERE p.company_id = 'careplus' AND p.period_label = 'Q2 FY12'
ON CONFLICT (period_id, concept) DO UPDATE SET value = EXCLUDED.value, source_id = EXCLUDED.source_id;
INSERT INTO financial_period (company_id, period_label, period_type, fiscal_year, fiscal_quarter, currency, unit, report_date, source_id) VALUES ('careplus', 'Q3 FY12', 'quarter', 2012, 3, 'MYR', 'MYR millions', '2011-10-31', 'glove-tracker-careplus') ON CONFLICT (company_id, period_label) DO UPDATE SET period_type = EXCLUDED.period_type, fiscal_year = EXCLUDED.fiscal_year, fiscal_quarter = EXCLUDED.fiscal_quarter, currency = EXCLUDED.currency, unit = EXCLUDED.unit, report_date = EXCLUDED.report_date, source_id = EXCLUDED.source_id;
INSERT INTO financial_fact (period_id, concept, value, source_id)
SELECT p.id, v.concept, v.value, 'glove-tracker-careplus'
FROM financial_period p
JOIN (VALUES ('Revenue', 13.5::double precision), ('NetIncome', -0.082::double precision)) AS v(concept, value) ON true
WHERE p.company_id = 'careplus' AND p.period_label = 'Q3 FY12'
ON CONFLICT (period_id, concept) DO UPDATE SET value = EXCLUDED.value, source_id = EXCLUDED.source_id;
INSERT INTO financial_period (company_id, period_label, period_type, fiscal_year, fiscal_quarter, currency, unit, report_date, source_id) VALUES ('careplus', 'Q4 FY12', 'quarter', 2012, 4, 'MYR', 'MYR millions', '2012-01-31', 'glove-tracker-careplus') ON CONFLICT (company_id, period_label) DO UPDATE SET period_type = EXCLUDED.period_type, fiscal_year = EXCLUDED.fiscal_year, fiscal_quarter = EXCLUDED.fiscal_quarter, currency = EXCLUDED.currency, unit = EXCLUDED.unit, report_date = EXCLUDED.report_date, source_id = EXCLUDED.source_id;
INSERT INTO financial_fact (period_id, concept, value, source_id)
SELECT p.id, v.concept, v.value, 'glove-tracker-careplus'
FROM financial_period p
JOIN (VALUES ('Revenue', 19.1::double precision), ('NetIncome', -0.663::double precision)) AS v(concept, value) ON true
WHERE p.company_id = 'careplus' AND p.period_label = 'Q4 FY12'
ON CONFLICT (period_id, concept) DO UPDATE SET value = EXCLUDED.value, source_id = EXCLUDED.source_id;
INSERT INTO financial_period (company_id, period_label, period_type, fiscal_year, fiscal_quarter, currency, unit, report_date, source_id) VALUES ('careplus', 'Q1 FY13', 'quarter', 2013, 1, 'MYR', 'MYR millions', '2012-04-30', 'glove-tracker-careplus') ON CONFLICT (company_id, period_label) DO UPDATE SET period_type = EXCLUDED.period_type, fiscal_year = EXCLUDED.fiscal_year, fiscal_quarter = EXCLUDED.fiscal_quarter, currency = EXCLUDED.currency, unit = EXCLUDED.unit, report_date = EXCLUDED.report_date, source_id = EXCLUDED.source_id;
INSERT INTO financial_fact (period_id, concept, value, source_id)
SELECT p.id, v.concept, v.value, 'glove-tracker-careplus'
FROM financial_period p
JOIN (VALUES ('Revenue', 20.4::double precision), ('NetIncome', 0.246::double precision)) AS v(concept, value) ON true
WHERE p.company_id = 'careplus' AND p.period_label = 'Q1 FY13'
ON CONFLICT (period_id, concept) DO UPDATE SET value = EXCLUDED.value, source_id = EXCLUDED.source_id;
INSERT INTO financial_period (company_id, period_label, period_type, fiscal_year, fiscal_quarter, currency, unit, report_date, source_id) VALUES ('careplus', 'Q2 FY13', 'quarter', 2013, 2, 'MYR', 'MYR millions', '2012-07-31', 'glove-tracker-careplus') ON CONFLICT (company_id, period_label) DO UPDATE SET period_type = EXCLUDED.period_type, fiscal_year = EXCLUDED.fiscal_year, fiscal_quarter = EXCLUDED.fiscal_quarter, currency = EXCLUDED.currency, unit = EXCLUDED.unit, report_date = EXCLUDED.report_date, source_id = EXCLUDED.source_id;
INSERT INTO financial_fact (period_id, concept, value, source_id)
SELECT p.id, v.concept, v.value, 'glove-tracker-careplus'
FROM financial_period p
JOIN (VALUES ('Revenue', 22.7::double precision), ('NetIncome', 0.638::double precision)) AS v(concept, value) ON true
WHERE p.company_id = 'careplus' AND p.period_label = 'Q2 FY13'
ON CONFLICT (period_id, concept) DO UPDATE SET value = EXCLUDED.value, source_id = EXCLUDED.source_id;
INSERT INTO financial_period (company_id, period_label, period_type, fiscal_year, fiscal_quarter, currency, unit, report_date, source_id) VALUES ('careplus', 'Q3 FY13', 'quarter', 2013, 3, 'MYR', 'MYR millions', '2012-10-31', 'glove-tracker-careplus') ON CONFLICT (company_id, period_label) DO UPDATE SET period_type = EXCLUDED.period_type, fiscal_year = EXCLUDED.fiscal_year, fiscal_quarter = EXCLUDED.fiscal_quarter, currency = EXCLUDED.currency, unit = EXCLUDED.unit, report_date = EXCLUDED.report_date, source_id = EXCLUDED.source_id;
INSERT INTO financial_fact (period_id, concept, value, source_id)
SELECT p.id, v.concept, v.value, 'glove-tracker-careplus'
FROM financial_period p
JOIN (VALUES ('Revenue', 24.2::double precision), ('NetIncome', 0.424::double precision)) AS v(concept, value) ON true
WHERE p.company_id = 'careplus' AND p.period_label = 'Q3 FY13'
ON CONFLICT (period_id, concept) DO UPDATE SET value = EXCLUDED.value, source_id = EXCLUDED.source_id;
INSERT INTO financial_period (company_id, period_label, period_type, fiscal_year, fiscal_quarter, currency, unit, report_date, source_id) VALUES ('careplus', 'Q4 FY13', 'quarter', 2013, 4, 'MYR', 'MYR millions', '2013-01-31', 'glove-tracker-careplus') ON CONFLICT (company_id, period_label) DO UPDATE SET period_type = EXCLUDED.period_type, fiscal_year = EXCLUDED.fiscal_year, fiscal_quarter = EXCLUDED.fiscal_quarter, currency = EXCLUDED.currency, unit = EXCLUDED.unit, report_date = EXCLUDED.report_date, source_id = EXCLUDED.source_id;
INSERT INTO financial_fact (period_id, concept, value, source_id)
SELECT p.id, v.concept, v.value, 'glove-tracker-careplus'
FROM financial_period p
JOIN (VALUES ('Revenue', 30.1::double precision), ('NetIncome', 1.7::double precision)) AS v(concept, value) ON true
WHERE p.company_id = 'careplus' AND p.period_label = 'Q4 FY13'
ON CONFLICT (period_id, concept) DO UPDATE SET value = EXCLUDED.value, source_id = EXCLUDED.source_id;
INSERT INTO financial_period (company_id, period_label, period_type, fiscal_year, fiscal_quarter, currency, unit, report_date, source_id) VALUES ('careplus', 'Q1 FY14', 'quarter', 2014, 1, 'MYR', 'MYR millions', '2013-04-30', 'glove-tracker-careplus') ON CONFLICT (company_id, period_label) DO UPDATE SET period_type = EXCLUDED.period_type, fiscal_year = EXCLUDED.fiscal_year, fiscal_quarter = EXCLUDED.fiscal_quarter, currency = EXCLUDED.currency, unit = EXCLUDED.unit, report_date = EXCLUDED.report_date, source_id = EXCLUDED.source_id;
INSERT INTO financial_fact (period_id, concept, value, source_id)
SELECT p.id, v.concept, v.value, 'glove-tracker-careplus'
FROM financial_period p
JOIN (VALUES ('Revenue', 36.5::double precision), ('NetIncome', 1.2::double precision)) AS v(concept, value) ON true
WHERE p.company_id = 'careplus' AND p.period_label = 'Q1 FY14'
ON CONFLICT (period_id, concept) DO UPDATE SET value = EXCLUDED.value, source_id = EXCLUDED.source_id;
INSERT INTO financial_period (company_id, period_label, period_type, fiscal_year, fiscal_quarter, currency, unit, report_date, source_id) VALUES ('careplus', 'Q1 FY15', 'quarter', 2015, 1, 'MYR', 'MYR millions', '2015-03-31', 'glove-tracker-careplus') ON CONFLICT (company_id, period_label) DO UPDATE SET period_type = EXCLUDED.period_type, fiscal_year = EXCLUDED.fiscal_year, fiscal_quarter = EXCLUDED.fiscal_quarter, currency = EXCLUDED.currency, unit = EXCLUDED.unit, report_date = EXCLUDED.report_date, source_id = EXCLUDED.source_id;
INSERT INTO financial_fact (period_id, concept, value, source_id)
SELECT p.id, v.concept, v.value, 'glove-tracker-careplus'
FROM financial_period p
JOIN (VALUES ('Revenue', 44.6::double precision), ('NetIncome', 2.5::double precision)) AS v(concept, value) ON true
WHERE p.company_id = 'careplus' AND p.period_label = 'Q1 FY15'
ON CONFLICT (period_id, concept) DO UPDATE SET value = EXCLUDED.value, source_id = EXCLUDED.source_id;
INSERT INTO financial_period (company_id, period_label, period_type, fiscal_year, fiscal_quarter, currency, unit, report_date, source_id) VALUES ('careplus', 'Q2 FY15', 'quarter', 2015, 2, 'MYR', 'MYR millions', '2015-06-30', 'glove-tracker-careplus') ON CONFLICT (company_id, period_label) DO UPDATE SET period_type = EXCLUDED.period_type, fiscal_year = EXCLUDED.fiscal_year, fiscal_quarter = EXCLUDED.fiscal_quarter, currency = EXCLUDED.currency, unit = EXCLUDED.unit, report_date = EXCLUDED.report_date, source_id = EXCLUDED.source_id;
INSERT INTO financial_fact (period_id, concept, value, source_id)
SELECT p.id, v.concept, v.value, 'glove-tracker-careplus'
FROM financial_period p
JOIN (VALUES ('Revenue', 45.2::double precision), ('NetIncome', 1.7::double precision)) AS v(concept, value) ON true
WHERE p.company_id = 'careplus' AND p.period_label = 'Q2 FY15'
ON CONFLICT (period_id, concept) DO UPDATE SET value = EXCLUDED.value, source_id = EXCLUDED.source_id;
INSERT INTO financial_period (company_id, period_label, period_type, fiscal_year, fiscal_quarter, currency, unit, report_date, source_id) VALUES ('careplus', 'Q3 FY15', 'quarter', 2015, 3, 'MYR', 'MYR millions', '2015-09-30', 'glove-tracker-careplus') ON CONFLICT (company_id, period_label) DO UPDATE SET period_type = EXCLUDED.period_type, fiscal_year = EXCLUDED.fiscal_year, fiscal_quarter = EXCLUDED.fiscal_quarter, currency = EXCLUDED.currency, unit = EXCLUDED.unit, report_date = EXCLUDED.report_date, source_id = EXCLUDED.source_id;
INSERT INTO financial_fact (period_id, concept, value, source_id)
SELECT p.id, v.concept, v.value, 'glove-tracker-careplus'
FROM financial_period p
JOIN (VALUES ('Revenue', 50.2::double precision), ('NetIncome', 0.323::double precision)) AS v(concept, value) ON true
WHERE p.company_id = 'careplus' AND p.period_label = 'Q3 FY15'
ON CONFLICT (period_id, concept) DO UPDATE SET value = EXCLUDED.value, source_id = EXCLUDED.source_id;
INSERT INTO financial_period (company_id, period_label, period_type, fiscal_year, fiscal_quarter, currency, unit, report_date, source_id) VALUES ('careplus', 'Q4 FY15', 'quarter', 2015, 4, 'MYR', 'MYR millions', '2015-12-31', 'glove-tracker-careplus') ON CONFLICT (company_id, period_label) DO UPDATE SET period_type = EXCLUDED.period_type, fiscal_year = EXCLUDED.fiscal_year, fiscal_quarter = EXCLUDED.fiscal_quarter, currency = EXCLUDED.currency, unit = EXCLUDED.unit, report_date = EXCLUDED.report_date, source_id = EXCLUDED.source_id;
INSERT INTO financial_fact (period_id, concept, value, source_id)
SELECT p.id, v.concept, v.value, 'glove-tracker-careplus'
FROM financial_period p
JOIN (VALUES ('Revenue', 50.3::double precision), ('NetIncome', 1.5::double precision)) AS v(concept, value) ON true
WHERE p.company_id = 'careplus' AND p.period_label = 'Q4 FY15'
ON CONFLICT (period_id, concept) DO UPDATE SET value = EXCLUDED.value, source_id = EXCLUDED.source_id;
INSERT INTO financial_period (company_id, period_label, period_type, fiscal_year, fiscal_quarter, currency, unit, report_date, source_id) VALUES ('careplus', 'Q1 FY16', 'quarter', 2016, 1, 'MYR', 'MYR millions', '2016-03-31', 'glove-tracker-careplus') ON CONFLICT (company_id, period_label) DO UPDATE SET period_type = EXCLUDED.period_type, fiscal_year = EXCLUDED.fiscal_year, fiscal_quarter = EXCLUDED.fiscal_quarter, currency = EXCLUDED.currency, unit = EXCLUDED.unit, report_date = EXCLUDED.report_date, source_id = EXCLUDED.source_id;
INSERT INTO financial_fact (period_id, concept, value, source_id)
SELECT p.id, v.concept, v.value, 'glove-tracker-careplus'
FROM financial_period p
JOIN (VALUES ('Revenue', 49.1::double precision), ('NetIncome', 0.798::double precision)) AS v(concept, value) ON true
WHERE p.company_id = 'careplus' AND p.period_label = 'Q1 FY16'
ON CONFLICT (period_id, concept) DO UPDATE SET value = EXCLUDED.value, source_id = EXCLUDED.source_id;
INSERT INTO financial_period (company_id, period_label, period_type, fiscal_year, fiscal_quarter, currency, unit, report_date, source_id) VALUES ('careplus', 'Q2 FY16', 'quarter', 2016, 2, 'MYR', 'MYR millions', '2016-06-30', 'glove-tracker-careplus') ON CONFLICT (company_id, period_label) DO UPDATE SET period_type = EXCLUDED.period_type, fiscal_year = EXCLUDED.fiscal_year, fiscal_quarter = EXCLUDED.fiscal_quarter, currency = EXCLUDED.currency, unit = EXCLUDED.unit, report_date = EXCLUDED.report_date, source_id = EXCLUDED.source_id;
INSERT INTO financial_fact (period_id, concept, value, source_id)
SELECT p.id, v.concept, v.value, 'glove-tracker-careplus'
FROM financial_period p
JOIN (VALUES ('Revenue', 53.3::double precision), ('NetIncome', 0.06::double precision)) AS v(concept, value) ON true
WHERE p.company_id = 'careplus' AND p.period_label = 'Q2 FY16'
ON CONFLICT (period_id, concept) DO UPDATE SET value = EXCLUDED.value, source_id = EXCLUDED.source_id;
INSERT INTO financial_period (company_id, period_label, period_type, fiscal_year, fiscal_quarter, currency, unit, report_date, source_id) VALUES ('careplus', 'Q3 FY16', 'quarter', 2016, 3, 'MYR', 'MYR millions', '2016-09-30', 'glove-tracker-careplus') ON CONFLICT (company_id, period_label) DO UPDATE SET period_type = EXCLUDED.period_type, fiscal_year = EXCLUDED.fiscal_year, fiscal_quarter = EXCLUDED.fiscal_quarter, currency = EXCLUDED.currency, unit = EXCLUDED.unit, report_date = EXCLUDED.report_date, source_id = EXCLUDED.source_id;
INSERT INTO financial_fact (period_id, concept, value, source_id)
SELECT p.id, v.concept, v.value, 'glove-tracker-careplus'
FROM financial_period p
JOIN (VALUES ('Revenue', 57.6::double precision), ('NetIncome', -2.5::double precision)) AS v(concept, value) ON true
WHERE p.company_id = 'careplus' AND p.period_label = 'Q3 FY16'
ON CONFLICT (period_id, concept) DO UPDATE SET value = EXCLUDED.value, source_id = EXCLUDED.source_id;
INSERT INTO financial_period (company_id, period_label, period_type, fiscal_year, fiscal_quarter, currency, unit, report_date, source_id) VALUES ('careplus', 'Q4 FY16', 'quarter', 2016, 4, 'MYR', 'MYR millions', '2016-12-31', 'glove-tracker-careplus') ON CONFLICT (company_id, period_label) DO UPDATE SET period_type = EXCLUDED.period_type, fiscal_year = EXCLUDED.fiscal_year, fiscal_quarter = EXCLUDED.fiscal_quarter, currency = EXCLUDED.currency, unit = EXCLUDED.unit, report_date = EXCLUDED.report_date, source_id = EXCLUDED.source_id;
INSERT INTO financial_fact (period_id, concept, value, source_id)
SELECT p.id, v.concept, v.value, 'glove-tracker-careplus'
FROM financial_period p
JOIN (VALUES ('Revenue', 69.4::double precision), ('NetIncome', 1.8::double precision)) AS v(concept, value) ON true
WHERE p.company_id = 'careplus' AND p.period_label = 'Q4 FY16'
ON CONFLICT (period_id, concept) DO UPDATE SET value = EXCLUDED.value, source_id = EXCLUDED.source_id;
INSERT INTO financial_period (company_id, period_label, period_type, fiscal_year, fiscal_quarter, currency, unit, report_date, source_id) VALUES ('careplus', 'Q1 FY17', 'quarter', 2017, 1, 'MYR', 'MYR millions', '2017-03-31', 'glove-tracker-careplus') ON CONFLICT (company_id, period_label) DO UPDATE SET period_type = EXCLUDED.period_type, fiscal_year = EXCLUDED.fiscal_year, fiscal_quarter = EXCLUDED.fiscal_quarter, currency = EXCLUDED.currency, unit = EXCLUDED.unit, report_date = EXCLUDED.report_date, source_id = EXCLUDED.source_id;
INSERT INTO financial_fact (period_id, concept, value, source_id)
SELECT p.id, v.concept, v.value, 'glove-tracker-careplus'
FROM financial_period p
JOIN (VALUES ('Revenue', 87::double precision), ('NetIncome', 3.8::double precision)) AS v(concept, value) ON true
WHERE p.company_id = 'careplus' AND p.period_label = 'Q1 FY17'
ON CONFLICT (period_id, concept) DO UPDATE SET value = EXCLUDED.value, source_id = EXCLUDED.source_id;
INSERT INTO financial_period (company_id, period_label, period_type, fiscal_year, fiscal_quarter, currency, unit, report_date, source_id) VALUES ('careplus', 'Q2 FY17', 'quarter', 2017, 2, 'MYR', 'MYR millions', '2017-06-30', 'glove-tracker-careplus') ON CONFLICT (company_id, period_label) DO UPDATE SET period_type = EXCLUDED.period_type, fiscal_year = EXCLUDED.fiscal_year, fiscal_quarter = EXCLUDED.fiscal_quarter, currency = EXCLUDED.currency, unit = EXCLUDED.unit, report_date = EXCLUDED.report_date, source_id = EXCLUDED.source_id;
INSERT INTO financial_fact (period_id, concept, value, source_id)
SELECT p.id, v.concept, v.value, 'glove-tracker-careplus'
FROM financial_period p
JOIN (VALUES ('Revenue', 80.6::double precision), ('NetIncome', -3.4::double precision)) AS v(concept, value) ON true
WHERE p.company_id = 'careplus' AND p.period_label = 'Q2 FY17'
ON CONFLICT (period_id, concept) DO UPDATE SET value = EXCLUDED.value, source_id = EXCLUDED.source_id;
INSERT INTO financial_period (company_id, period_label, period_type, fiscal_year, fiscal_quarter, currency, unit, report_date, source_id) VALUES ('careplus', 'Q3 FY17', 'quarter', 2017, 3, 'MYR', 'MYR millions', '2017-09-30', 'glove-tracker-careplus') ON CONFLICT (company_id, period_label) DO UPDATE SET period_type = EXCLUDED.period_type, fiscal_year = EXCLUDED.fiscal_year, fiscal_quarter = EXCLUDED.fiscal_quarter, currency = EXCLUDED.currency, unit = EXCLUDED.unit, report_date = EXCLUDED.report_date, source_id = EXCLUDED.source_id;
INSERT INTO financial_fact (period_id, concept, value, source_id)
SELECT p.id, v.concept, v.value, 'glove-tracker-careplus'
FROM financial_period p
JOIN (VALUES ('Revenue', 79::double precision), ('NetIncome', -1.4::double precision)) AS v(concept, value) ON true
WHERE p.company_id = 'careplus' AND p.period_label = 'Q3 FY17'
ON CONFLICT (period_id, concept) DO UPDATE SET value = EXCLUDED.value, source_id = EXCLUDED.source_id;
INSERT INTO financial_period (company_id, period_label, period_type, fiscal_year, fiscal_quarter, currency, unit, report_date, source_id) VALUES ('careplus', 'Q4 FY17', 'quarter', 2017, 4, 'MYR', 'MYR millions', '2017-12-31', 'glove-tracker-careplus') ON CONFLICT (company_id, period_label) DO UPDATE SET period_type = EXCLUDED.period_type, fiscal_year = EXCLUDED.fiscal_year, fiscal_quarter = EXCLUDED.fiscal_quarter, currency = EXCLUDED.currency, unit = EXCLUDED.unit, report_date = EXCLUDED.report_date, source_id = EXCLUDED.source_id;
INSERT INTO financial_fact (period_id, concept, value, source_id)
SELECT p.id, v.concept, v.value, 'glove-tracker-careplus'
FROM financial_period p
JOIN (VALUES ('Revenue', 76::double precision), ('NetIncome', -0.822::double precision)) AS v(concept, value) ON true
WHERE p.company_id = 'careplus' AND p.period_label = 'Q4 FY17'
ON CONFLICT (period_id, concept) DO UPDATE SET value = EXCLUDED.value, source_id = EXCLUDED.source_id;
INSERT INTO financial_period (company_id, period_label, period_type, fiscal_year, fiscal_quarter, currency, unit, report_date, source_id) VALUES ('careplus', 'Q1 FY18', 'quarter', 2018, 1, 'MYR', 'MYR millions', '2018-03-31', 'glove-tracker-careplus') ON CONFLICT (company_id, period_label) DO UPDATE SET period_type = EXCLUDED.period_type, fiscal_year = EXCLUDED.fiscal_year, fiscal_quarter = EXCLUDED.fiscal_quarter, currency = EXCLUDED.currency, unit = EXCLUDED.unit, report_date = EXCLUDED.report_date, source_id = EXCLUDED.source_id;
INSERT INTO financial_fact (period_id, concept, value, source_id)
SELECT p.id, v.concept, v.value, 'glove-tracker-careplus'
FROM financial_period p
JOIN (VALUES ('Revenue', 78.8::double precision), ('NetIncome', -0.225::double precision)) AS v(concept, value) ON true
WHERE p.company_id = 'careplus' AND p.period_label = 'Q1 FY18'
ON CONFLICT (period_id, concept) DO UPDATE SET value = EXCLUDED.value, source_id = EXCLUDED.source_id;
INSERT INTO financial_period (company_id, period_label, period_type, fiscal_year, fiscal_quarter, currency, unit, report_date, source_id) VALUES ('careplus', 'Q2 FY18', 'quarter', 2018, 2, 'MYR', 'MYR millions', '2018-06-30', 'glove-tracker-careplus') ON CONFLICT (company_id, period_label) DO UPDATE SET period_type = EXCLUDED.period_type, fiscal_year = EXCLUDED.fiscal_year, fiscal_quarter = EXCLUDED.fiscal_quarter, currency = EXCLUDED.currency, unit = EXCLUDED.unit, report_date = EXCLUDED.report_date, source_id = EXCLUDED.source_id;
INSERT INTO financial_fact (period_id, concept, value, source_id)
SELECT p.id, v.concept, v.value, 'glove-tracker-careplus'
FROM financial_period p
JOIN (VALUES ('Revenue', 80.5::double precision), ('NetIncome', -0.684::double precision)) AS v(concept, value) ON true
WHERE p.company_id = 'careplus' AND p.period_label = 'Q2 FY18'
ON CONFLICT (period_id, concept) DO UPDATE SET value = EXCLUDED.value, source_id = EXCLUDED.source_id;
INSERT INTO financial_period (company_id, period_label, period_type, fiscal_year, fiscal_quarter, currency, unit, report_date, source_id) VALUES ('careplus', 'Q3 FY18', 'quarter', 2018, 3, 'MYR', 'MYR millions', '2018-09-30', 'glove-tracker-careplus') ON CONFLICT (company_id, period_label) DO UPDATE SET period_type = EXCLUDED.period_type, fiscal_year = EXCLUDED.fiscal_year, fiscal_quarter = EXCLUDED.fiscal_quarter, currency = EXCLUDED.currency, unit = EXCLUDED.unit, report_date = EXCLUDED.report_date, source_id = EXCLUDED.source_id;
INSERT INTO financial_fact (period_id, concept, value, source_id)
SELECT p.id, v.concept, v.value, 'glove-tracker-careplus'
FROM financial_period p
JOIN (VALUES ('Revenue', 89.4::double precision), ('NetIncome', 1.2::double precision)) AS v(concept, value) ON true
WHERE p.company_id = 'careplus' AND p.period_label = 'Q3 FY18'
ON CONFLICT (period_id, concept) DO UPDATE SET value = EXCLUDED.value, source_id = EXCLUDED.source_id;
INSERT INTO financial_period (company_id, period_label, period_type, fiscal_year, fiscal_quarter, currency, unit, report_date, source_id) VALUES ('careplus', 'Q4 FY18', 'quarter', 2018, 4, 'MYR', 'MYR millions', '2018-12-31', 'glove-tracker-careplus') ON CONFLICT (company_id, period_label) DO UPDATE SET period_type = EXCLUDED.period_type, fiscal_year = EXCLUDED.fiscal_year, fiscal_quarter = EXCLUDED.fiscal_quarter, currency = EXCLUDED.currency, unit = EXCLUDED.unit, report_date = EXCLUDED.report_date, source_id = EXCLUDED.source_id;
INSERT INTO financial_fact (period_id, concept, value, source_id)
SELECT p.id, v.concept, v.value, 'glove-tracker-careplus'
FROM financial_period p
JOIN (VALUES ('Revenue', 90::double precision), ('NetIncome', -1.7::double precision)) AS v(concept, value) ON true
WHERE p.company_id = 'careplus' AND p.period_label = 'Q4 FY18'
ON CONFLICT (period_id, concept) DO UPDATE SET value = EXCLUDED.value, source_id = EXCLUDED.source_id;
INSERT INTO financial_period (company_id, period_label, period_type, fiscal_year, fiscal_quarter, currency, unit, report_date, source_id) VALUES ('careplus', 'Q1 FY19', 'quarter', 2019, 1, 'MYR', 'MYR millions', '2019-03-31', 'glove-tracker-careplus') ON CONFLICT (company_id, period_label) DO UPDATE SET period_type = EXCLUDED.period_type, fiscal_year = EXCLUDED.fiscal_year, fiscal_quarter = EXCLUDED.fiscal_quarter, currency = EXCLUDED.currency, unit = EXCLUDED.unit, report_date = EXCLUDED.report_date, source_id = EXCLUDED.source_id;
INSERT INTO financial_fact (period_id, concept, value, source_id)
SELECT p.id, v.concept, v.value, 'glove-tracker-careplus'
FROM financial_period p
JOIN (VALUES ('Revenue', 85.1::double precision), ('NetIncome', 0.363::double precision)) AS v(concept, value) ON true
WHERE p.company_id = 'careplus' AND p.period_label = 'Q1 FY19'
ON CONFLICT (period_id, concept) DO UPDATE SET value = EXCLUDED.value, source_id = EXCLUDED.source_id;
INSERT INTO financial_period (company_id, period_label, period_type, fiscal_year, fiscal_quarter, currency, unit, report_date, source_id) VALUES ('careplus', 'Q2 FY19', 'quarter', 2019, 2, 'MYR', 'MYR millions', '2019-06-30', 'glove-tracker-careplus') ON CONFLICT (company_id, period_label) DO UPDATE SET period_type = EXCLUDED.period_type, fiscal_year = EXCLUDED.fiscal_year, fiscal_quarter = EXCLUDED.fiscal_quarter, currency = EXCLUDED.currency, unit = EXCLUDED.unit, report_date = EXCLUDED.report_date, source_id = EXCLUDED.source_id;
INSERT INTO financial_fact (period_id, concept, value, source_id)
SELECT p.id, v.concept, v.value, 'glove-tracker-careplus'
FROM financial_period p
JOIN (VALUES ('Revenue', 86.9::double precision), ('NetIncome', -2::double precision)) AS v(concept, value) ON true
WHERE p.company_id = 'careplus' AND p.period_label = 'Q2 FY19'
ON CONFLICT (period_id, concept) DO UPDATE SET value = EXCLUDED.value, source_id = EXCLUDED.source_id;
INSERT INTO financial_period (company_id, period_label, period_type, fiscal_year, fiscal_quarter, currency, unit, report_date, source_id) VALUES ('careplus', 'Q3 FY19', 'quarter', 2019, 3, 'MYR', 'MYR millions', '2019-09-30', 'glove-tracker-careplus') ON CONFLICT (company_id, period_label) DO UPDATE SET period_type = EXCLUDED.period_type, fiscal_year = EXCLUDED.fiscal_year, fiscal_quarter = EXCLUDED.fiscal_quarter, currency = EXCLUDED.currency, unit = EXCLUDED.unit, report_date = EXCLUDED.report_date, source_id = EXCLUDED.source_id;
INSERT INTO financial_fact (period_id, concept, value, source_id)
SELECT p.id, v.concept, v.value, 'glove-tracker-careplus'
FROM financial_period p
JOIN (VALUES ('Revenue', 84.3::double precision), ('NetIncome', -4.9::double precision)) AS v(concept, value) ON true
WHERE p.company_id = 'careplus' AND p.period_label = 'Q3 FY19'
ON CONFLICT (period_id, concept) DO UPDATE SET value = EXCLUDED.value, source_id = EXCLUDED.source_id;
INSERT INTO financial_period (company_id, period_label, period_type, fiscal_year, fiscal_quarter, currency, unit, report_date, source_id) VALUES ('careplus', 'Q4 FY19', 'quarter', 2019, 4, 'MYR', 'MYR millions', '2019-12-31', 'glove-tracker-careplus') ON CONFLICT (company_id, period_label) DO UPDATE SET period_type = EXCLUDED.period_type, fiscal_year = EXCLUDED.fiscal_year, fiscal_quarter = EXCLUDED.fiscal_quarter, currency = EXCLUDED.currency, unit = EXCLUDED.unit, report_date = EXCLUDED.report_date, source_id = EXCLUDED.source_id;
INSERT INTO financial_fact (period_id, concept, value, source_id)
SELECT p.id, v.concept, v.value, 'glove-tracker-careplus'
FROM financial_period p
JOIN (VALUES ('Revenue', 108.7::double precision), ('NetIncome', 0.783::double precision)) AS v(concept, value) ON true
WHERE p.company_id = 'careplus' AND p.period_label = 'Q4 FY19'
ON CONFLICT (period_id, concept) DO UPDATE SET value = EXCLUDED.value, source_id = EXCLUDED.source_id;
INSERT INTO financial_period (company_id, period_label, period_type, fiscal_year, fiscal_quarter, currency, unit, report_date, source_id) VALUES ('careplus', 'Q1 FY20', 'quarter', 2020, 1, 'MYR', 'MYR millions', '2020-03-31', 'glove-tracker-careplus') ON CONFLICT (company_id, period_label) DO UPDATE SET period_type = EXCLUDED.period_type, fiscal_year = EXCLUDED.fiscal_year, fiscal_quarter = EXCLUDED.fiscal_quarter, currency = EXCLUDED.currency, unit = EXCLUDED.unit, report_date = EXCLUDED.report_date, source_id = EXCLUDED.source_id;
INSERT INTO financial_fact (period_id, concept, value, source_id)
SELECT p.id, v.concept, v.value, 'glove-tracker-careplus'
FROM financial_period p
JOIN (VALUES ('Revenue', 104.7::double precision), ('NetIncome', 1.1::double precision)) AS v(concept, value) ON true
WHERE p.company_id = 'careplus' AND p.period_label = 'Q1 FY20'
ON CONFLICT (period_id, concept) DO UPDATE SET value = EXCLUDED.value, source_id = EXCLUDED.source_id;
INSERT INTO financial_period (company_id, period_label, period_type, fiscal_year, fiscal_quarter, currency, unit, report_date, source_id) VALUES ('careplus', 'Q2 FY20', 'quarter', 2020, 2, 'MYR', 'MYR millions', '2020-06-30', 'glove-tracker-careplus') ON CONFLICT (company_id, period_label) DO UPDATE SET period_type = EXCLUDED.period_type, fiscal_year = EXCLUDED.fiscal_year, fiscal_quarter = EXCLUDED.fiscal_quarter, currency = EXCLUDED.currency, unit = EXCLUDED.unit, report_date = EXCLUDED.report_date, source_id = EXCLUDED.source_id;
INSERT INTO financial_fact (period_id, concept, value, source_id)
SELECT p.id, v.concept, v.value, 'glove-tracker-careplus'
FROM financial_period p
JOIN (VALUES ('Revenue', 118.9::double precision), ('NetIncome', 36.2::double precision)) AS v(concept, value) ON true
WHERE p.company_id = 'careplus' AND p.period_label = 'Q2 FY20'
ON CONFLICT (period_id, concept) DO UPDATE SET value = EXCLUDED.value, source_id = EXCLUDED.source_id;
INSERT INTO financial_period (company_id, period_label, period_type, fiscal_year, fiscal_quarter, currency, unit, report_date, source_id) VALUES ('careplus', 'Q3 FY20', 'quarter', 2020, 3, 'MYR', 'MYR millions', '2020-09-30', 'glove-tracker-careplus') ON CONFLICT (company_id, period_label) DO UPDATE SET period_type = EXCLUDED.period_type, fiscal_year = EXCLUDED.fiscal_year, fiscal_quarter = EXCLUDED.fiscal_quarter, currency = EXCLUDED.currency, unit = EXCLUDED.unit, report_date = EXCLUDED.report_date, source_id = EXCLUDED.source_id;
INSERT INTO financial_fact (period_id, concept, value, source_id)
SELECT p.id, v.concept, v.value, 'glove-tracker-careplus'
FROM financial_period p
JOIN (VALUES ('Revenue', 122.7::double precision), ('NetIncome', 42.9::double precision)) AS v(concept, value) ON true
WHERE p.company_id = 'careplus' AND p.period_label = 'Q3 FY20'
ON CONFLICT (period_id, concept) DO UPDATE SET value = EXCLUDED.value, source_id = EXCLUDED.source_id;
INSERT INTO financial_period (company_id, period_label, period_type, fiscal_year, fiscal_quarter, currency, unit, report_date, source_id) VALUES ('careplus', 'Q4 FY20', 'quarter', 2020, 4, 'MYR', 'MYR millions', '2020-12-31', 'glove-tracker-careplus') ON CONFLICT (company_id, period_label) DO UPDATE SET period_type = EXCLUDED.period_type, fiscal_year = EXCLUDED.fiscal_year, fiscal_quarter = EXCLUDED.fiscal_quarter, currency = EXCLUDED.currency, unit = EXCLUDED.unit, report_date = EXCLUDED.report_date, source_id = EXCLUDED.source_id;
INSERT INTO financial_fact (period_id, concept, value, source_id)
SELECT p.id, v.concept, v.value, 'glove-tracker-careplus'
FROM financial_period p
JOIN (VALUES ('Revenue', 129.3::double precision), ('NetIncome', 42.3::double precision)) AS v(concept, value) ON true
WHERE p.company_id = 'careplus' AND p.period_label = 'Q4 FY20'
ON CONFLICT (period_id, concept) DO UPDATE SET value = EXCLUDED.value, source_id = EXCLUDED.source_id;
INSERT INTO financial_period (company_id, period_label, period_type, fiscal_year, fiscal_quarter, currency, unit, report_date, source_id) VALUES ('careplus', 'Q1 FY21', 'quarter', 2021, 1, 'MYR', 'MYR millions', '2021-03-31', 'glove-tracker-careplus') ON CONFLICT (company_id, period_label) DO UPDATE SET period_type = EXCLUDED.period_type, fiscal_year = EXCLUDED.fiscal_year, fiscal_quarter = EXCLUDED.fiscal_quarter, currency = EXCLUDED.currency, unit = EXCLUDED.unit, report_date = EXCLUDED.report_date, source_id = EXCLUDED.source_id;
INSERT INTO financial_fact (period_id, concept, value, source_id)
SELECT p.id, v.concept, v.value, 'glove-tracker-careplus'
FROM financial_period p
JOIN (VALUES ('Revenue', 241.3::double precision), ('NetIncome', 123.5::double precision)) AS v(concept, value) ON true
WHERE p.company_id = 'careplus' AND p.period_label = 'Q1 FY21'
ON CONFLICT (period_id, concept) DO UPDATE SET value = EXCLUDED.value, source_id = EXCLUDED.source_id;
INSERT INTO financial_period (company_id, period_label, period_type, fiscal_year, fiscal_quarter, currency, unit, report_date, source_id) VALUES ('careplus', 'Q2 FY21', 'quarter', 2021, 2, 'MYR', 'MYR millions', '2021-06-30', 'glove-tracker-careplus') ON CONFLICT (company_id, period_label) DO UPDATE SET period_type = EXCLUDED.period_type, fiscal_year = EXCLUDED.fiscal_year, fiscal_quarter = EXCLUDED.fiscal_quarter, currency = EXCLUDED.currency, unit = EXCLUDED.unit, report_date = EXCLUDED.report_date, source_id = EXCLUDED.source_id;
INSERT INTO financial_fact (period_id, concept, value, source_id)
SELECT p.id, v.concept, v.value, 'glove-tracker-careplus'
FROM financial_period p
JOIN (VALUES ('Revenue', 249::double precision), ('NetIncome', 105.1::double precision)) AS v(concept, value) ON true
WHERE p.company_id = 'careplus' AND p.period_label = 'Q2 FY21'
ON CONFLICT (period_id, concept) DO UPDATE SET value = EXCLUDED.value, source_id = EXCLUDED.source_id;
INSERT INTO financial_period (company_id, period_label, period_type, fiscal_year, fiscal_quarter, currency, unit, report_date, source_id) VALUES ('careplus', 'Q3 FY21', 'quarter', 2021, 3, 'MYR', 'MYR millions', '2021-09-30', 'glove-tracker-careplus') ON CONFLICT (company_id, period_label) DO UPDATE SET period_type = EXCLUDED.period_type, fiscal_year = EXCLUDED.fiscal_year, fiscal_quarter = EXCLUDED.fiscal_quarter, currency = EXCLUDED.currency, unit = EXCLUDED.unit, report_date = EXCLUDED.report_date, source_id = EXCLUDED.source_id;
INSERT INTO financial_fact (period_id, concept, value, source_id)
SELECT p.id, v.concept, v.value, 'glove-tracker-careplus'
FROM financial_period p
JOIN (VALUES ('Revenue', 100.8::double precision), ('NetIncome', 8.4::double precision)) AS v(concept, value) ON true
WHERE p.company_id = 'careplus' AND p.period_label = 'Q3 FY21'
ON CONFLICT (period_id, concept) DO UPDATE SET value = EXCLUDED.value, source_id = EXCLUDED.source_id;
INSERT INTO financial_period (company_id, period_label, period_type, fiscal_year, fiscal_quarter, currency, unit, report_date, source_id) VALUES ('careplus', 'Q4 FY21', 'quarter', 2021, 4, 'MYR', 'MYR millions', '2021-12-31', 'glove-tracker-careplus') ON CONFLICT (company_id, period_label) DO UPDATE SET period_type = EXCLUDED.period_type, fiscal_year = EXCLUDED.fiscal_year, fiscal_quarter = EXCLUDED.fiscal_quarter, currency = EXCLUDED.currency, unit = EXCLUDED.unit, report_date = EXCLUDED.report_date, source_id = EXCLUDED.source_id;
INSERT INTO financial_fact (period_id, concept, value, source_id)
SELECT p.id, v.concept, v.value, 'glove-tracker-careplus'
FROM financial_period p
JOIN (VALUES ('Revenue', 109.1::double precision), ('NetIncome', -16::double precision)) AS v(concept, value) ON true
WHERE p.company_id = 'careplus' AND p.period_label = 'Q4 FY21'
ON CONFLICT (period_id, concept) DO UPDATE SET value = EXCLUDED.value, source_id = EXCLUDED.source_id;
INSERT INTO financial_period (company_id, period_label, period_type, fiscal_year, fiscal_quarter, currency, unit, report_date, source_id) VALUES ('careplus', 'Q1 FY22', 'quarter', 2022, 1, 'MYR', 'MYR millions', '2022-03-31', 'glove-tracker-careplus') ON CONFLICT (company_id, period_label) DO UPDATE SET period_type = EXCLUDED.period_type, fiscal_year = EXCLUDED.fiscal_year, fiscal_quarter = EXCLUDED.fiscal_quarter, currency = EXCLUDED.currency, unit = EXCLUDED.unit, report_date = EXCLUDED.report_date, source_id = EXCLUDED.source_id;
INSERT INTO financial_fact (period_id, concept, value, source_id)
SELECT p.id, v.concept, v.value, 'glove-tracker-careplus'
FROM financial_period p
JOIN (VALUES ('Revenue', 82.3::double precision), ('NetIncome', -37.7::double precision)) AS v(concept, value) ON true
WHERE p.company_id = 'careplus' AND p.period_label = 'Q1 FY22'
ON CONFLICT (period_id, concept) DO UPDATE SET value = EXCLUDED.value, source_id = EXCLUDED.source_id;
INSERT INTO financial_period (company_id, period_label, period_type, fiscal_year, fiscal_quarter, currency, unit, report_date, source_id) VALUES ('careplus', 'Q2 FY22', 'quarter', 2022, 2, 'MYR', 'MYR millions', '2022-06-30', 'glove-tracker-careplus') ON CONFLICT (company_id, period_label) DO UPDATE SET period_type = EXCLUDED.period_type, fiscal_year = EXCLUDED.fiscal_year, fiscal_quarter = EXCLUDED.fiscal_quarter, currency = EXCLUDED.currency, unit = EXCLUDED.unit, report_date = EXCLUDED.report_date, source_id = EXCLUDED.source_id;
INSERT INTO financial_fact (period_id, concept, value, source_id)
SELECT p.id, v.concept, v.value, 'glove-tracker-careplus'
FROM financial_period p
JOIN (VALUES ('Revenue', 85.5::double precision), ('NetIncome', -35.3::double precision)) AS v(concept, value) ON true
WHERE p.company_id = 'careplus' AND p.period_label = 'Q2 FY22'
ON CONFLICT (period_id, concept) DO UPDATE SET value = EXCLUDED.value, source_id = EXCLUDED.source_id;
INSERT INTO financial_period (company_id, period_label, period_type, fiscal_year, fiscal_quarter, currency, unit, report_date, source_id) VALUES ('careplus', 'Q3 FY22', 'quarter', 2022, 3, 'MYR', 'MYR millions', '2022-09-30', 'glove-tracker-careplus') ON CONFLICT (company_id, period_label) DO UPDATE SET period_type = EXCLUDED.period_type, fiscal_year = EXCLUDED.fiscal_year, fiscal_quarter = EXCLUDED.fiscal_quarter, currency = EXCLUDED.currency, unit = EXCLUDED.unit, report_date = EXCLUDED.report_date, source_id = EXCLUDED.source_id;
INSERT INTO financial_fact (period_id, concept, value, source_id)
SELECT p.id, v.concept, v.value, 'glove-tracker-careplus'
FROM financial_period p
JOIN (VALUES ('Revenue', 48.3::double precision), ('NetIncome', -30.2::double precision)) AS v(concept, value) ON true
WHERE p.company_id = 'careplus' AND p.period_label = 'Q3 FY22'
ON CONFLICT (period_id, concept) DO UPDATE SET value = EXCLUDED.value, source_id = EXCLUDED.source_id;
INSERT INTO financial_period (company_id, period_label, period_type, fiscal_year, fiscal_quarter, currency, unit, report_date, source_id) VALUES ('careplus', 'Q1 FY24', 'quarter', 2024, 1, 'MYR', 'MYR millions', '2023-09-30', 'glove-tracker-careplus') ON CONFLICT (company_id, period_label) DO UPDATE SET period_type = EXCLUDED.period_type, fiscal_year = EXCLUDED.fiscal_year, fiscal_quarter = EXCLUDED.fiscal_quarter, currency = EXCLUDED.currency, unit = EXCLUDED.unit, report_date = EXCLUDED.report_date, source_id = EXCLUDED.source_id;
INSERT INTO financial_fact (period_id, concept, value, source_id)
SELECT p.id, v.concept, v.value, 'glove-tracker-careplus'
FROM financial_period p
JOIN (VALUES ('Revenue', 13.9::double precision), ('NetIncome', -9.3::double precision)) AS v(concept, value) ON true
WHERE p.company_id = 'careplus' AND p.period_label = 'Q1 FY24'
ON CONFLICT (period_id, concept) DO UPDATE SET value = EXCLUDED.value, source_id = EXCLUDED.source_id;
INSERT INTO financial_period (company_id, period_label, period_type, fiscal_year, fiscal_quarter, currency, unit, report_date, source_id) VALUES ('careplus', 'Q2 FY24', 'quarter', 2024, 2, 'MYR', 'MYR millions', '2023-12-31', 'glove-tracker-careplus') ON CONFLICT (company_id, period_label) DO UPDATE SET period_type = EXCLUDED.period_type, fiscal_year = EXCLUDED.fiscal_year, fiscal_quarter = EXCLUDED.fiscal_quarter, currency = EXCLUDED.currency, unit = EXCLUDED.unit, report_date = EXCLUDED.report_date, source_id = EXCLUDED.source_id;
INSERT INTO financial_fact (period_id, concept, value, source_id)
SELECT p.id, v.concept, v.value, 'glove-tracker-careplus'
FROM financial_period p
JOIN (VALUES ('Revenue', 21.5::double precision), ('NetIncome', -7.4::double precision)) AS v(concept, value) ON true
WHERE p.company_id = 'careplus' AND p.period_label = 'Q2 FY24'
ON CONFLICT (period_id, concept) DO UPDATE SET value = EXCLUDED.value, source_id = EXCLUDED.source_id;
INSERT INTO financial_period (company_id, period_label, period_type, fiscal_year, fiscal_quarter, currency, unit, report_date, source_id) VALUES ('careplus', 'Q3 FY24', 'quarter', 2024, 3, 'MYR', 'MYR millions', '2024-03-31', 'glove-tracker-careplus') ON CONFLICT (company_id, period_label) DO UPDATE SET period_type = EXCLUDED.period_type, fiscal_year = EXCLUDED.fiscal_year, fiscal_quarter = EXCLUDED.fiscal_quarter, currency = EXCLUDED.currency, unit = EXCLUDED.unit, report_date = EXCLUDED.report_date, source_id = EXCLUDED.source_id;
INSERT INTO financial_fact (period_id, concept, value, source_id)
SELECT p.id, v.concept, v.value, 'glove-tracker-careplus'
FROM financial_period p
JOIN (VALUES ('Revenue', 33.684::double precision), ('NetIncome', -8.9::double precision)) AS v(concept, value) ON true
WHERE p.company_id = 'careplus' AND p.period_label = 'Q3 FY24'
ON CONFLICT (period_id, concept) DO UPDATE SET value = EXCLUDED.value, source_id = EXCLUDED.source_id;
INSERT INTO financial_period (company_id, period_label, period_type, fiscal_year, fiscal_quarter, currency, unit, report_date, source_id) VALUES ('careplus', 'Q4 FY24', 'quarter', 2024, 4, 'MYR', 'MYR millions', '2024-06-30', 'glove-tracker-careplus') ON CONFLICT (company_id, period_label) DO UPDATE SET period_type = EXCLUDED.period_type, fiscal_year = EXCLUDED.fiscal_year, fiscal_quarter = EXCLUDED.fiscal_quarter, currency = EXCLUDED.currency, unit = EXCLUDED.unit, report_date = EXCLUDED.report_date, source_id = EXCLUDED.source_id;
INSERT INTO financial_fact (period_id, concept, value, source_id)
SELECT p.id, v.concept, v.value, 'glove-tracker-careplus'
FROM financial_period p
JOIN (VALUES ('Revenue', 26.572::double precision), ('NetIncome', -0.938::double precision)) AS v(concept, value) ON true
WHERE p.company_id = 'careplus' AND p.period_label = 'Q4 FY24'
ON CONFLICT (period_id, concept) DO UPDATE SET value = EXCLUDED.value, source_id = EXCLUDED.source_id;
INSERT INTO financial_period (company_id, period_label, period_type, fiscal_year, fiscal_quarter, currency, unit, report_date, source_id) VALUES ('careplus', 'Q1 FY25', 'quarter', 2025, 1, 'MYR', 'MYR millions', '2024-09-30', 'glove-tracker-careplus') ON CONFLICT (company_id, period_label) DO UPDATE SET period_type = EXCLUDED.period_type, fiscal_year = EXCLUDED.fiscal_year, fiscal_quarter = EXCLUDED.fiscal_quarter, currency = EXCLUDED.currency, unit = EXCLUDED.unit, report_date = EXCLUDED.report_date, source_id = EXCLUDED.source_id;
INSERT INTO financial_fact (period_id, concept, value, source_id)
SELECT p.id, v.concept, v.value, 'glove-tracker-careplus'
FROM financial_period p
JOIN (VALUES ('Revenue', 26.968::double precision), ('NetIncome', -7.395::double precision)) AS v(concept, value) ON true
WHERE p.company_id = 'careplus' AND p.period_label = 'Q1 FY25'
ON CONFLICT (period_id, concept) DO UPDATE SET value = EXCLUDED.value, source_id = EXCLUDED.source_id;
INSERT INTO financial_period (company_id, period_label, period_type, fiscal_year, fiscal_quarter, currency, unit, report_date, source_id) VALUES ('careplus', 'Q2 FY25', 'quarter', 2025, 2, 'MYR', 'MYR millions', '2024-12-31', 'glove-tracker-careplus') ON CONFLICT (company_id, period_label) DO UPDATE SET period_type = EXCLUDED.period_type, fiscal_year = EXCLUDED.fiscal_year, fiscal_quarter = EXCLUDED.fiscal_quarter, currency = EXCLUDED.currency, unit = EXCLUDED.unit, report_date = EXCLUDED.report_date, source_id = EXCLUDED.source_id;
INSERT INTO financial_fact (period_id, concept, value, source_id)
SELECT p.id, v.concept, v.value, 'glove-tracker-careplus'
FROM financial_period p
JOIN (VALUES ('Revenue', 22.508::double precision), ('NetIncome', -10.642::double precision)) AS v(concept, value) ON true
WHERE p.company_id = 'careplus' AND p.period_label = 'Q2 FY25'
ON CONFLICT (period_id, concept) DO UPDATE SET value = EXCLUDED.value, source_id = EXCLUDED.source_id;
INSERT INTO financial_period (company_id, period_label, period_type, fiscal_year, fiscal_quarter, currency, unit, report_date, source_id) VALUES ('careplus', 'Q3 FY25', 'quarter', 2025, 3, 'MYR', 'MYR millions', '2025-03-31', 'glove-tracker-careplus') ON CONFLICT (company_id, period_label) DO UPDATE SET period_type = EXCLUDED.period_type, fiscal_year = EXCLUDED.fiscal_year, fiscal_quarter = EXCLUDED.fiscal_quarter, currency = EXCLUDED.currency, unit = EXCLUDED.unit, report_date = EXCLUDED.report_date, source_id = EXCLUDED.source_id;
INSERT INTO financial_fact (period_id, concept, value, source_id)
SELECT p.id, v.concept, v.value, 'glove-tracker-careplus'
FROM financial_period p
JOIN (VALUES ('Revenue', 30.579::double precision), ('NetIncome', -5.853::double precision)) AS v(concept, value) ON true
WHERE p.company_id = 'careplus' AND p.period_label = 'Q3 FY25'
ON CONFLICT (period_id, concept) DO UPDATE SET value = EXCLUDED.value, source_id = EXCLUDED.source_id;
INSERT INTO financial_period (company_id, period_label, period_type, fiscal_year, fiscal_quarter, currency, unit, report_date, source_id) VALUES ('careplus', 'Q4 FY25', 'quarter', 2025, 4, 'MYR', 'MYR millions', '2025-06-30', 'glove-tracker-careplus') ON CONFLICT (company_id, period_label) DO UPDATE SET period_type = EXCLUDED.period_type, fiscal_year = EXCLUDED.fiscal_year, fiscal_quarter = EXCLUDED.fiscal_quarter, currency = EXCLUDED.currency, unit = EXCLUDED.unit, report_date = EXCLUDED.report_date, source_id = EXCLUDED.source_id;
INSERT INTO financial_fact (period_id, concept, value, source_id)
SELECT p.id, v.concept, v.value, 'glove-tracker-careplus'
FROM financial_period p
JOIN (VALUES ('Revenue', 18.657::double precision), ('NetIncome', -59.111::double precision)) AS v(concept, value) ON true
WHERE p.company_id = 'careplus' AND p.period_label = 'Q4 FY25'
ON CONFLICT (period_id, concept) DO UPDATE SET value = EXCLUDED.value, source_id = EXCLUDED.source_id;
INSERT INTO financial_period (company_id, period_label, period_type, fiscal_year, fiscal_quarter, currency, unit, report_date, source_id) VALUES ('careplus', 'Q1 FY26', 'quarter', 2026, 1, 'MYR', 'MYR millions', '2025-09-30', 'glove-tracker-careplus') ON CONFLICT (company_id, period_label) DO UPDATE SET period_type = EXCLUDED.period_type, fiscal_year = EXCLUDED.fiscal_year, fiscal_quarter = EXCLUDED.fiscal_quarter, currency = EXCLUDED.currency, unit = EXCLUDED.unit, report_date = EXCLUDED.report_date, source_id = EXCLUDED.source_id;
INSERT INTO financial_fact (period_id, concept, value, source_id)
SELECT p.id, v.concept, v.value, 'glove-tracker-careplus'
FROM financial_period p
JOIN (VALUES ('Revenue', 28.479::double precision), ('NetIncome', -2.563::double precision)) AS v(concept, value) ON true
WHERE p.company_id = 'careplus' AND p.period_label = 'Q1 FY26'
ON CONFLICT (period_id, concept) DO UPDATE SET value = EXCLUDED.value, source_id = EXCLUDED.source_id;
INSERT INTO financial_period (company_id, period_label, period_type, fiscal_year, fiscal_quarter, currency, unit, report_date, source_id) VALUES ('careplus', 'Q2 FY26', 'quarter', 2026, 2, 'MYR', 'MYR millions', '2025-12-31', 'glove-tracker-careplus') ON CONFLICT (company_id, period_label) DO UPDATE SET period_type = EXCLUDED.period_type, fiscal_year = EXCLUDED.fiscal_year, fiscal_quarter = EXCLUDED.fiscal_quarter, currency = EXCLUDED.currency, unit = EXCLUDED.unit, report_date = EXCLUDED.report_date, source_id = EXCLUDED.source_id;
INSERT INTO financial_fact (period_id, concept, value, source_id)
SELECT p.id, v.concept, v.value, 'glove-tracker-careplus'
FROM financial_period p
JOIN (VALUES ('Revenue', 27.44::double precision), ('NetIncome', -0.682::double precision)) AS v(concept, value) ON true
WHERE p.company_id = 'careplus' AND p.period_label = 'Q2 FY26'
ON CONFLICT (period_id, concept) DO UPDATE SET value = EXCLUDED.value, source_id = EXCLUDED.source_id;
INSERT INTO financial_period (company_id, period_label, period_type, fiscal_year, fiscal_quarter, currency, unit, report_date, source_id) VALUES ('careplus', 'FY12', 'annual', 2012, NULL, 'MYR', 'MYR millions', '2012-01-31', 'glove-tracker-careplus') ON CONFLICT (company_id, period_label) DO UPDATE SET period_type = EXCLUDED.period_type, fiscal_year = EXCLUDED.fiscal_year, fiscal_quarter = EXCLUDED.fiscal_quarter, currency = EXCLUDED.currency, unit = EXCLUDED.unit, report_date = EXCLUDED.report_date, source_id = EXCLUDED.source_id;
INSERT INTO financial_fact (period_id, concept, value, source_id)
SELECT p.id, v.concept, v.value, 'glove-tracker-careplus'
FROM financial_period p
JOIN (VALUES ('Revenue', 55.6::double precision), ('NetIncome', 1.984::double precision)) AS v(concept, value) ON true
WHERE p.company_id = 'careplus' AND p.period_label = 'FY12'
ON CONFLICT (period_id, concept) DO UPDATE SET value = EXCLUDED.value, source_id = EXCLUDED.source_id;
INSERT INTO financial_period (company_id, period_label, period_type, fiscal_year, fiscal_quarter, currency, unit, report_date, source_id) VALUES ('careplus', 'FY13', 'annual', 2013, NULL, 'MYR', 'MYR millions', '2013-01-31', 'glove-tracker-careplus') ON CONFLICT (company_id, period_label) DO UPDATE SET period_type = EXCLUDED.period_type, fiscal_year = EXCLUDED.fiscal_year, fiscal_quarter = EXCLUDED.fiscal_quarter, currency = EXCLUDED.currency, unit = EXCLUDED.unit, report_date = EXCLUDED.report_date, source_id = EXCLUDED.source_id;
INSERT INTO financial_fact (period_id, concept, value, source_id)
SELECT p.id, v.concept, v.value, 'glove-tracker-careplus'
FROM financial_period p
JOIN (VALUES ('Revenue', 97.4::double precision), ('NetIncome', 3.008::double precision)) AS v(concept, value) ON true
WHERE p.company_id = 'careplus' AND p.period_label = 'FY13'
ON CONFLICT (period_id, concept) DO UPDATE SET value = EXCLUDED.value, source_id = EXCLUDED.source_id;
INSERT INTO financial_period (company_id, period_label, period_type, fiscal_year, fiscal_quarter, currency, unit, report_date, source_id) VALUES ('careplus', 'FY15', 'annual', 2015, NULL, 'MYR', 'MYR millions', '2015-12-31', 'glove-tracker-careplus') ON CONFLICT (company_id, period_label) DO UPDATE SET period_type = EXCLUDED.period_type, fiscal_year = EXCLUDED.fiscal_year, fiscal_quarter = EXCLUDED.fiscal_quarter, currency = EXCLUDED.currency, unit = EXCLUDED.unit, report_date = EXCLUDED.report_date, source_id = EXCLUDED.source_id;
INSERT INTO financial_fact (period_id, concept, value, source_id)
SELECT p.id, v.concept, v.value, 'glove-tracker-careplus'
FROM financial_period p
JOIN (VALUES ('Revenue', 190.3::double precision), ('NetIncome', 6.023::double precision)) AS v(concept, value) ON true
WHERE p.company_id = 'careplus' AND p.period_label = 'FY15'
ON CONFLICT (period_id, concept) DO UPDATE SET value = EXCLUDED.value, source_id = EXCLUDED.source_id;
INSERT INTO financial_period (company_id, period_label, period_type, fiscal_year, fiscal_quarter, currency, unit, report_date, source_id) VALUES ('careplus', 'FY16', 'annual', 2016, NULL, 'MYR', 'MYR millions', '2016-12-31', 'glove-tracker-careplus') ON CONFLICT (company_id, period_label) DO UPDATE SET period_type = EXCLUDED.period_type, fiscal_year = EXCLUDED.fiscal_year, fiscal_quarter = EXCLUDED.fiscal_quarter, currency = EXCLUDED.currency, unit = EXCLUDED.unit, report_date = EXCLUDED.report_date, source_id = EXCLUDED.source_id;
INSERT INTO financial_fact (period_id, concept, value, source_id)
SELECT p.id, v.concept, v.value, 'glove-tracker-careplus'
FROM financial_period p
JOIN (VALUES ('Revenue', 229.4::double precision), ('NetIncome', 0.158::double precision)) AS v(concept, value) ON true
WHERE p.company_id = 'careplus' AND p.period_label = 'FY16'
ON CONFLICT (period_id, concept) DO UPDATE SET value = EXCLUDED.value, source_id = EXCLUDED.source_id;
INSERT INTO financial_period (company_id, period_label, period_type, fiscal_year, fiscal_quarter, currency, unit, report_date, source_id) VALUES ('careplus', 'FY17', 'annual', 2017, NULL, 'MYR', 'MYR millions', '2017-12-31', 'glove-tracker-careplus') ON CONFLICT (company_id, period_label) DO UPDATE SET period_type = EXCLUDED.period_type, fiscal_year = EXCLUDED.fiscal_year, fiscal_quarter = EXCLUDED.fiscal_quarter, currency = EXCLUDED.currency, unit = EXCLUDED.unit, report_date = EXCLUDED.report_date, source_id = EXCLUDED.source_id;
INSERT INTO financial_fact (period_id, concept, value, source_id)
SELECT p.id, v.concept, v.value, 'glove-tracker-careplus'
FROM financial_period p
JOIN (VALUES ('Revenue', 322.6::double precision), ('NetIncome', -1.822::double precision)) AS v(concept, value) ON true
WHERE p.company_id = 'careplus' AND p.period_label = 'FY17'
ON CONFLICT (period_id, concept) DO UPDATE SET value = EXCLUDED.value, source_id = EXCLUDED.source_id;
INSERT INTO financial_period (company_id, period_label, period_type, fiscal_year, fiscal_quarter, currency, unit, report_date, source_id) VALUES ('careplus', 'FY18', 'annual', 2018, NULL, 'MYR', 'MYR millions', '2018-12-31', 'glove-tracker-careplus') ON CONFLICT (company_id, period_label) DO UPDATE SET period_type = EXCLUDED.period_type, fiscal_year = EXCLUDED.fiscal_year, fiscal_quarter = EXCLUDED.fiscal_quarter, currency = EXCLUDED.currency, unit = EXCLUDED.unit, report_date = EXCLUDED.report_date, source_id = EXCLUDED.source_id;
INSERT INTO financial_fact (period_id, concept, value, source_id)
SELECT p.id, v.concept, v.value, 'glove-tracker-careplus'
FROM financial_period p
JOIN (VALUES ('Revenue', 338.7::double precision), ('NetIncome', -1.409::double precision)) AS v(concept, value) ON true
WHERE p.company_id = 'careplus' AND p.period_label = 'FY18'
ON CONFLICT (period_id, concept) DO UPDATE SET value = EXCLUDED.value, source_id = EXCLUDED.source_id;
INSERT INTO financial_period (company_id, period_label, period_type, fiscal_year, fiscal_quarter, currency, unit, report_date, source_id) VALUES ('careplus', 'FY19', 'annual', 2019, NULL, 'MYR', 'MYR millions', '2019-12-31', 'glove-tracker-careplus') ON CONFLICT (company_id, period_label) DO UPDATE SET period_type = EXCLUDED.period_type, fiscal_year = EXCLUDED.fiscal_year, fiscal_quarter = EXCLUDED.fiscal_quarter, currency = EXCLUDED.currency, unit = EXCLUDED.unit, report_date = EXCLUDED.report_date, source_id = EXCLUDED.source_id;
INSERT INTO financial_fact (period_id, concept, value, source_id)
SELECT p.id, v.concept, v.value, 'glove-tracker-careplus'
FROM financial_period p
JOIN (VALUES ('Revenue', 365::double precision), ('NetIncome', -5.754::double precision)) AS v(concept, value) ON true
WHERE p.company_id = 'careplus' AND p.period_label = 'FY19'
ON CONFLICT (period_id, concept) DO UPDATE SET value = EXCLUDED.value, source_id = EXCLUDED.source_id;
INSERT INTO financial_period (company_id, period_label, period_type, fiscal_year, fiscal_quarter, currency, unit, report_date, source_id) VALUES ('careplus', 'FY20', 'annual', 2020, NULL, 'MYR', 'MYR millions', '2020-12-31', 'glove-tracker-careplus') ON CONFLICT (company_id, period_label) DO UPDATE SET period_type = EXCLUDED.period_type, fiscal_year = EXCLUDED.fiscal_year, fiscal_quarter = EXCLUDED.fiscal_quarter, currency = EXCLUDED.currency, unit = EXCLUDED.unit, report_date = EXCLUDED.report_date, source_id = EXCLUDED.source_id;
INSERT INTO financial_fact (period_id, concept, value, source_id)
SELECT p.id, v.concept, v.value, 'glove-tracker-careplus'
FROM financial_period p
JOIN (VALUES ('Revenue', 475.6::double precision), ('NetIncome', 122.5::double precision)) AS v(concept, value) ON true
WHERE p.company_id = 'careplus' AND p.period_label = 'FY20'
ON CONFLICT (period_id, concept) DO UPDATE SET value = EXCLUDED.value, source_id = EXCLUDED.source_id;
INSERT INTO financial_period (company_id, period_label, period_type, fiscal_year, fiscal_quarter, currency, unit, report_date, source_id) VALUES ('careplus', 'FY21', 'annual', 2021, NULL, 'MYR', 'MYR millions', '2021-12-31', 'glove-tracker-careplus') ON CONFLICT (company_id, period_label) DO UPDATE SET period_type = EXCLUDED.period_type, fiscal_year = EXCLUDED.fiscal_year, fiscal_quarter = EXCLUDED.fiscal_quarter, currency = EXCLUDED.currency, unit = EXCLUDED.unit, report_date = EXCLUDED.report_date, source_id = EXCLUDED.source_id;
INSERT INTO financial_fact (period_id, concept, value, source_id)
SELECT p.id, v.concept, v.value, 'glove-tracker-careplus'
FROM financial_period p
JOIN (VALUES ('Revenue', 700.2::double precision), ('NetIncome', 221::double precision)) AS v(concept, value) ON true
WHERE p.company_id = 'careplus' AND p.period_label = 'FY21'
ON CONFLICT (period_id, concept) DO UPDATE SET value = EXCLUDED.value, source_id = EXCLUDED.source_id;
INSERT INTO financial_period (company_id, period_label, period_type, fiscal_year, fiscal_quarter, currency, unit, report_date, source_id) VALUES ('careplus', 'FY24', 'annual', 2024, NULL, 'MYR', 'MYR millions', '2024-06-30', 'glove-tracker-careplus') ON CONFLICT (company_id, period_label) DO UPDATE SET period_type = EXCLUDED.period_type, fiscal_year = EXCLUDED.fiscal_year, fiscal_quarter = EXCLUDED.fiscal_quarter, currency = EXCLUDED.currency, unit = EXCLUDED.unit, report_date = EXCLUDED.report_date, source_id = EXCLUDED.source_id;
INSERT INTO financial_fact (period_id, concept, value, source_id)
SELECT p.id, v.concept, v.value, 'glove-tracker-careplus'
FROM financial_period p
JOIN (VALUES ('Revenue', 95.656::double precision), ('NetIncome', -26.538::double precision)) AS v(concept, value) ON true
WHERE p.company_id = 'careplus' AND p.period_label = 'FY24'
ON CONFLICT (period_id, concept) DO UPDATE SET value = EXCLUDED.value, source_id = EXCLUDED.source_id;
INSERT INTO financial_period (company_id, period_label, period_type, fiscal_year, fiscal_quarter, currency, unit, report_date, source_id) VALUES ('careplus', 'FY25', 'annual', 2025, NULL, 'MYR', 'MYR millions', '2025-06-30', 'glove-tracker-careplus') ON CONFLICT (company_id, period_label) DO UPDATE SET period_type = EXCLUDED.period_type, fiscal_year = EXCLUDED.fiscal_year, fiscal_quarter = EXCLUDED.fiscal_quarter, currency = EXCLUDED.currency, unit = EXCLUDED.unit, report_date = EXCLUDED.report_date, source_id = EXCLUDED.source_id;
INSERT INTO financial_fact (period_id, concept, value, source_id)
SELECT p.id, v.concept, v.value, 'glove-tracker-careplus'
FROM financial_period p
JOIN (VALUES ('Revenue', 98.712::double precision), ('NetIncome', -83.001::double precision)) AS v(concept, value) ON true
WHERE p.company_id = 'careplus' AND p.period_label = 'FY25'
ON CONFLICT (period_id, concept) DO UPDATE SET value = EXCLUDED.value, source_id = EXCLUDED.source_id;
INSERT INTO source (id, kind, name, url, retrieved_at, note) VALUES ('glove-tracker-comfort-gloves', 'glove-tracker', 'glove-tracker import — Comfort Gloves Bursa quarterly reports', 'https://www.bursamalaysia.com', '2026-04-20', 'Imported from weisiang329-eng/glove-tracker (data/fund.json, is_mock=0 rows only). Original source: Bursa Malaysia quarterly report PDFs, auto-parsed. See apps/api/seed/glove/fundamentals.json for per-row provenance.') ON CONFLICT (id) DO UPDATE SET kind = EXCLUDED.kind, name = EXCLUDED.name, url = EXCLUDED.url, retrieved_at = EXCLUDED.retrieved_at, note = EXCLUDED.note;
INSERT INTO company (id, name, ticker, exchange, segment, country, industry_id, description, reporting_currency, fiscal_year_end_month) VALUES ('comfort-gloves', 'Comfort Gloves', 'COMFORT', 'Bursa Malaysia', 'Rubber Gloves', 'Malaysia', 'rubber-gloves', 'Mid-cap nitrile glove manufacturer.', 'MYR', NULL) ON CONFLICT (id) DO UPDATE SET name = EXCLUDED.name, ticker = EXCLUDED.ticker, exchange = EXCLUDED.exchange, segment = EXCLUDED.segment, country = EXCLUDED.country, industry_id = EXCLUDED.industry_id, description = EXCLUDED.description, reporting_currency = EXCLUDED.reporting_currency, fiscal_year_end_month = EXCLUDED.fiscal_year_end_month;
INSERT INTO financial_period (company_id, period_label, period_type, fiscal_year, fiscal_quarter, currency, unit, report_date, source_id) VALUES ('comfort-gloves', 'Q2 FY03', 'quarter', 2003, 2, 'MYR', 'MYR millions', '2002-10-31', 'glove-tracker-comfort-gloves') ON CONFLICT (company_id, period_label) DO UPDATE SET period_type = EXCLUDED.period_type, fiscal_year = EXCLUDED.fiscal_year, fiscal_quarter = EXCLUDED.fiscal_quarter, currency = EXCLUDED.currency, unit = EXCLUDED.unit, report_date = EXCLUDED.report_date, source_id = EXCLUDED.source_id;
INSERT INTO financial_fact (period_id, concept, value, source_id)
SELECT p.id, v.concept, v.value, 'glove-tracker-comfort-gloves'
FROM financial_period p
JOIN (VALUES ('Revenue', 0::double precision), ('NetIncome', -0.316::double precision)) AS v(concept, value) ON true
WHERE p.company_id = 'comfort-gloves' AND p.period_label = 'Q2 FY03'
ON CONFLICT (period_id, concept) DO UPDATE SET value = EXCLUDED.value, source_id = EXCLUDED.source_id;
INSERT INTO financial_period (company_id, period_label, period_type, fiscal_year, fiscal_quarter, currency, unit, report_date, source_id) VALUES ('comfort-gloves', 'Q3 FY03', 'quarter', 2003, 3, 'MYR', 'MYR millions', '2003-01-31', 'glove-tracker-comfort-gloves') ON CONFLICT (company_id, period_label) DO UPDATE SET period_type = EXCLUDED.period_type, fiscal_year = EXCLUDED.fiscal_year, fiscal_quarter = EXCLUDED.fiscal_quarter, currency = EXCLUDED.currency, unit = EXCLUDED.unit, report_date = EXCLUDED.report_date, source_id = EXCLUDED.source_id;
INSERT INTO financial_fact (period_id, concept, value, source_id)
SELECT p.id, v.concept, v.value, 'glove-tracker-comfort-gloves'
FROM financial_period p
JOIN (VALUES ('Revenue', 0::double precision), ('NetIncome', -1.2::double precision)) AS v(concept, value) ON true
WHERE p.company_id = 'comfort-gloves' AND p.period_label = 'Q3 FY03'
ON CONFLICT (period_id, concept) DO UPDATE SET value = EXCLUDED.value, source_id = EXCLUDED.source_id;
INSERT INTO financial_period (company_id, period_label, period_type, fiscal_year, fiscal_quarter, currency, unit, report_date, source_id) VALUES ('comfort-gloves', 'Q4 FY03', 'quarter', 2003, 4, 'MYR', 'MYR millions', '2003-04-30', 'glove-tracker-comfort-gloves') ON CONFLICT (company_id, period_label) DO UPDATE SET period_type = EXCLUDED.period_type, fiscal_year = EXCLUDED.fiscal_year, fiscal_quarter = EXCLUDED.fiscal_quarter, currency = EXCLUDED.currency, unit = EXCLUDED.unit, report_date = EXCLUDED.report_date, source_id = EXCLUDED.source_id;
INSERT INTO financial_fact (period_id, concept, value, source_id)
SELECT p.id, v.concept, v.value, 'glove-tracker-comfort-gloves'
FROM financial_period p
JOIN (VALUES ('Revenue', 0::double precision), ('NetIncome', -0.509::double precision)) AS v(concept, value) ON true
WHERE p.company_id = 'comfort-gloves' AND p.period_label = 'Q4 FY03'
ON CONFLICT (period_id, concept) DO UPDATE SET value = EXCLUDED.value, source_id = EXCLUDED.source_id;
INSERT INTO financial_period (company_id, period_label, period_type, fiscal_year, fiscal_quarter, currency, unit, report_date, source_id) VALUES ('comfort-gloves', 'Q1 FY04', 'quarter', 2004, 1, 'MYR', 'MYR millions', '2003-07-31', 'glove-tracker-comfort-gloves') ON CONFLICT (company_id, period_label) DO UPDATE SET period_type = EXCLUDED.period_type, fiscal_year = EXCLUDED.fiscal_year, fiscal_quarter = EXCLUDED.fiscal_quarter, currency = EXCLUDED.currency, unit = EXCLUDED.unit, report_date = EXCLUDED.report_date, source_id = EXCLUDED.source_id;
INSERT INTO financial_fact (period_id, concept, value, source_id)
SELECT p.id, v.concept, v.value, 'glove-tracker-comfort-gloves'
FROM financial_period p
JOIN (VALUES ('Revenue', 0::double precision), ('NetIncome', -0.791::double precision)) AS v(concept, value) ON true
WHERE p.company_id = 'comfort-gloves' AND p.period_label = 'Q1 FY04'
ON CONFLICT (period_id, concept) DO UPDATE SET value = EXCLUDED.value, source_id = EXCLUDED.source_id;
INSERT INTO financial_period (company_id, period_label, period_type, fiscal_year, fiscal_quarter, currency, unit, report_date, source_id) VALUES ('comfort-gloves', 'Q2 FY04', 'quarter', 2004, 2, 'MYR', 'MYR millions', '2003-10-31', 'glove-tracker-comfort-gloves') ON CONFLICT (company_id, period_label) DO UPDATE SET period_type = EXCLUDED.period_type, fiscal_year = EXCLUDED.fiscal_year, fiscal_quarter = EXCLUDED.fiscal_quarter, currency = EXCLUDED.currency, unit = EXCLUDED.unit, report_date = EXCLUDED.report_date, source_id = EXCLUDED.source_id;
INSERT INTO financial_fact (period_id, concept, value, source_id)
SELECT p.id, v.concept, v.value, 'glove-tracker-comfort-gloves'
FROM financial_period p
JOIN (VALUES ('Revenue', 0::double precision), ('NetIncome', -0.071::double precision)) AS v(concept, value) ON true
WHERE p.company_id = 'comfort-gloves' AND p.period_label = 'Q2 FY04'
ON CONFLICT (period_id, concept) DO UPDATE SET value = EXCLUDED.value, source_id = EXCLUDED.source_id;
INSERT INTO financial_period (company_id, period_label, period_type, fiscal_year, fiscal_quarter, currency, unit, report_date, source_id) VALUES ('comfort-gloves', 'Q3 FY04', 'quarter', 2004, 3, 'MYR', 'MYR millions', '2004-01-31', 'glove-tracker-comfort-gloves') ON CONFLICT (company_id, period_label) DO UPDATE SET period_type = EXCLUDED.period_type, fiscal_year = EXCLUDED.fiscal_year, fiscal_quarter = EXCLUDED.fiscal_quarter, currency = EXCLUDED.currency, unit = EXCLUDED.unit, report_date = EXCLUDED.report_date, source_id = EXCLUDED.source_id;
INSERT INTO financial_fact (period_id, concept, value, source_id)
SELECT p.id, v.concept, v.value, 'glove-tracker-comfort-gloves'
FROM financial_period p
JOIN (VALUES ('Revenue', 0::double precision), ('NetIncome', -0.34::double precision)) AS v(concept, value) ON true
WHERE p.company_id = 'comfort-gloves' AND p.period_label = 'Q3 FY04'
ON CONFLICT (period_id, concept) DO UPDATE SET value = EXCLUDED.value, source_id = EXCLUDED.source_id;
INSERT INTO financial_period (company_id, period_label, period_type, fiscal_year, fiscal_quarter, currency, unit, report_date, source_id) VALUES ('comfort-gloves', 'Q4 FY04', 'quarter', 2004, 4, 'MYR', 'MYR millions', '2004-04-30', 'glove-tracker-comfort-gloves') ON CONFLICT (company_id, period_label) DO UPDATE SET period_type = EXCLUDED.period_type, fiscal_year = EXCLUDED.fiscal_year, fiscal_quarter = EXCLUDED.fiscal_quarter, currency = EXCLUDED.currency, unit = EXCLUDED.unit, report_date = EXCLUDED.report_date, source_id = EXCLUDED.source_id;
INSERT INTO financial_fact (period_id, concept, value, source_id)
SELECT p.id, v.concept, v.value, 'glove-tracker-comfort-gloves'
FROM financial_period p
JOIN (VALUES ('Revenue', 0::double precision), ('NetIncome', -0.313::double precision)) AS v(concept, value) ON true
WHERE p.company_id = 'comfort-gloves' AND p.period_label = 'Q4 FY04'
ON CONFLICT (period_id, concept) DO UPDATE SET value = EXCLUDED.value, source_id = EXCLUDED.source_id;
INSERT INTO financial_period (company_id, period_label, period_type, fiscal_year, fiscal_quarter, currency, unit, report_date, source_id) VALUES ('comfort-gloves', 'Q1 FY05', 'quarter', 2005, 1, 'MYR', 'MYR millions', '2004-07-31', 'glove-tracker-comfort-gloves') ON CONFLICT (company_id, period_label) DO UPDATE SET period_type = EXCLUDED.period_type, fiscal_year = EXCLUDED.fiscal_year, fiscal_quarter = EXCLUDED.fiscal_quarter, currency = EXCLUDED.currency, unit = EXCLUDED.unit, report_date = EXCLUDED.report_date, source_id = EXCLUDED.source_id;
INSERT INTO financial_fact (period_id, concept, value, source_id)
SELECT p.id, v.concept, v.value, 'glove-tracker-comfort-gloves'
FROM financial_period p
JOIN (VALUES ('Revenue', 9.5::double precision), ('NetIncome', 1.2::double precision)) AS v(concept, value) ON true
WHERE p.company_id = 'comfort-gloves' AND p.period_label = 'Q1 FY05'
ON CONFLICT (period_id, concept) DO UPDATE SET value = EXCLUDED.value, source_id = EXCLUDED.source_id;
INSERT INTO financial_period (company_id, period_label, period_type, fiscal_year, fiscal_quarter, currency, unit, report_date, source_id) VALUES ('comfort-gloves', 'Q2 FY05', 'quarter', 2005, 2, 'MYR', 'MYR millions', '2004-10-31', 'glove-tracker-comfort-gloves') ON CONFLICT (company_id, period_label) DO UPDATE SET period_type = EXCLUDED.period_type, fiscal_year = EXCLUDED.fiscal_year, fiscal_quarter = EXCLUDED.fiscal_quarter, currency = EXCLUDED.currency, unit = EXCLUDED.unit, report_date = EXCLUDED.report_date, source_id = EXCLUDED.source_id;
INSERT INTO financial_fact (period_id, concept, value, source_id)
SELECT p.id, v.concept, v.value, 'glove-tracker-comfort-gloves'
FROM financial_period p
JOIN (VALUES ('Revenue', 25.4::double precision), ('NetIncome', 1.5::double precision)) AS v(concept, value) ON true
WHERE p.company_id = 'comfort-gloves' AND p.period_label = 'Q2 FY05'
ON CONFLICT (period_id, concept) DO UPDATE SET value = EXCLUDED.value, source_id = EXCLUDED.source_id;
INSERT INTO financial_period (company_id, period_label, period_type, fiscal_year, fiscal_quarter, currency, unit, report_date, source_id) VALUES ('comfort-gloves', 'Q3 FY05', 'quarter', 2005, 3, 'MYR', 'MYR millions', '2005-01-31', 'glove-tracker-comfort-gloves') ON CONFLICT (company_id, period_label) DO UPDATE SET period_type = EXCLUDED.period_type, fiscal_year = EXCLUDED.fiscal_year, fiscal_quarter = EXCLUDED.fiscal_quarter, currency = EXCLUDED.currency, unit = EXCLUDED.unit, report_date = EXCLUDED.report_date, source_id = EXCLUDED.source_id;
INSERT INTO financial_fact (period_id, concept, value, source_id)
SELECT p.id, v.concept, v.value, 'glove-tracker-comfort-gloves'
FROM financial_period p
JOIN (VALUES ('Revenue', 18.4::double precision), ('NetIncome', 3.5::double precision)) AS v(concept, value) ON true
WHERE p.company_id = 'comfort-gloves' AND p.period_label = 'Q3 FY05'
ON CONFLICT (period_id, concept) DO UPDATE SET value = EXCLUDED.value, source_id = EXCLUDED.source_id;
INSERT INTO financial_period (company_id, period_label, period_type, fiscal_year, fiscal_quarter, currency, unit, report_date, source_id) VALUES ('comfort-gloves', 'Q1 FY06', 'quarter', 2006, 1, 'MYR', 'MYR millions', '2005-04-30', 'glove-tracker-comfort-gloves') ON CONFLICT (company_id, period_label) DO UPDATE SET period_type = EXCLUDED.period_type, fiscal_year = EXCLUDED.fiscal_year, fiscal_quarter = EXCLUDED.fiscal_quarter, currency = EXCLUDED.currency, unit = EXCLUDED.unit, report_date = EXCLUDED.report_date, source_id = EXCLUDED.source_id;
INSERT INTO financial_fact (period_id, concept, value, source_id)
SELECT p.id, v.concept, v.value, 'glove-tracker-comfort-gloves'
FROM financial_period p
JOIN (VALUES ('Revenue', 22.5::double precision), ('NetIncome', 0.164::double precision)) AS v(concept, value) ON true
WHERE p.company_id = 'comfort-gloves' AND p.period_label = 'Q1 FY06'
ON CONFLICT (period_id, concept) DO UPDATE SET value = EXCLUDED.value, source_id = EXCLUDED.source_id;
INSERT INTO financial_period (company_id, period_label, period_type, fiscal_year, fiscal_quarter, currency, unit, report_date, source_id) VALUES ('comfort-gloves', 'Q2 FY06', 'quarter', 2006, 2, 'MYR', 'MYR millions', '2005-07-31', 'glove-tracker-comfort-gloves') ON CONFLICT (company_id, period_label) DO UPDATE SET period_type = EXCLUDED.period_type, fiscal_year = EXCLUDED.fiscal_year, fiscal_quarter = EXCLUDED.fiscal_quarter, currency = EXCLUDED.currency, unit = EXCLUDED.unit, report_date = EXCLUDED.report_date, source_id = EXCLUDED.source_id;
INSERT INTO financial_fact (period_id, concept, value, source_id)
SELECT p.id, v.concept, v.value, 'glove-tracker-comfort-gloves'
FROM financial_period p
JOIN (VALUES ('Revenue', 22.4::double precision), ('NetIncome', 0.119::double precision)) AS v(concept, value) ON true
WHERE p.company_id = 'comfort-gloves' AND p.period_label = 'Q2 FY06'
ON CONFLICT (period_id, concept) DO UPDATE SET value = EXCLUDED.value, source_id = EXCLUDED.source_id;
INSERT INTO financial_period (company_id, period_label, period_type, fiscal_year, fiscal_quarter, currency, unit, report_date, source_id) VALUES ('comfort-gloves', 'Q3 FY06', 'quarter', 2006, 3, 'MYR', 'MYR millions', '2005-10-31', 'glove-tracker-comfort-gloves') ON CONFLICT (company_id, period_label) DO UPDATE SET period_type = EXCLUDED.period_type, fiscal_year = EXCLUDED.fiscal_year, fiscal_quarter = EXCLUDED.fiscal_quarter, currency = EXCLUDED.currency, unit = EXCLUDED.unit, report_date = EXCLUDED.report_date, source_id = EXCLUDED.source_id;
INSERT INTO financial_fact (period_id, concept, value, source_id)
SELECT p.id, v.concept, v.value, 'glove-tracker-comfort-gloves'
FROM financial_period p
JOIN (VALUES ('Revenue', 22.6::double precision), ('NetIncome', 0.236::double precision)) AS v(concept, value) ON true
WHERE p.company_id = 'comfort-gloves' AND p.period_label = 'Q3 FY06'
ON CONFLICT (period_id, concept) DO UPDATE SET value = EXCLUDED.value, source_id = EXCLUDED.source_id;
INSERT INTO financial_period (company_id, period_label, period_type, fiscal_year, fiscal_quarter, currency, unit, report_date, source_id) VALUES ('comfort-gloves', 'Q4 FY06', 'quarter', 2006, 4, 'MYR', 'MYR millions', '2006-01-31', 'glove-tracker-comfort-gloves') ON CONFLICT (company_id, period_label) DO UPDATE SET period_type = EXCLUDED.period_type, fiscal_year = EXCLUDED.fiscal_year, fiscal_quarter = EXCLUDED.fiscal_quarter, currency = EXCLUDED.currency, unit = EXCLUDED.unit, report_date = EXCLUDED.report_date, source_id = EXCLUDED.source_id;
INSERT INTO financial_fact (period_id, concept, value, source_id)
SELECT p.id, v.concept, v.value, 'glove-tracker-comfort-gloves'
FROM financial_period p
JOIN (VALUES ('Revenue', 23.8::double precision), ('NetIncome', -0.38::double precision)) AS v(concept, value) ON true
WHERE p.company_id = 'comfort-gloves' AND p.period_label = 'Q4 FY06'
ON CONFLICT (period_id, concept) DO UPDATE SET value = EXCLUDED.value, source_id = EXCLUDED.source_id;
INSERT INTO financial_period (company_id, period_label, period_type, fiscal_year, fiscal_quarter, currency, unit, report_date, source_id) VALUES ('comfort-gloves', 'Q1 FY07', 'quarter', 2007, 1, 'MYR', 'MYR millions', '2006-04-30', 'glove-tracker-comfort-gloves') ON CONFLICT (company_id, period_label) DO UPDATE SET period_type = EXCLUDED.period_type, fiscal_year = EXCLUDED.fiscal_year, fiscal_quarter = EXCLUDED.fiscal_quarter, currency = EXCLUDED.currency, unit = EXCLUDED.unit, report_date = EXCLUDED.report_date, source_id = EXCLUDED.source_id;
INSERT INTO financial_fact (period_id, concept, value, source_id)
SELECT p.id, v.concept, v.value, 'glove-tracker-comfort-gloves'
FROM financial_period p
JOIN (VALUES ('Revenue', 19.9::double precision), ('NetIncome', -2.6::double precision)) AS v(concept, value) ON true
WHERE p.company_id = 'comfort-gloves' AND p.period_label = 'Q1 FY07'
ON CONFLICT (period_id, concept) DO UPDATE SET value = EXCLUDED.value, source_id = EXCLUDED.source_id;
INSERT INTO financial_period (company_id, period_label, period_type, fiscal_year, fiscal_quarter, currency, unit, report_date, source_id) VALUES ('comfort-gloves', 'Q2 FY07', 'quarter', 2007, 2, 'MYR', 'MYR millions', '2006-07-31', 'glove-tracker-comfort-gloves') ON CONFLICT (company_id, period_label) DO UPDATE SET period_type = EXCLUDED.period_type, fiscal_year = EXCLUDED.fiscal_year, fiscal_quarter = EXCLUDED.fiscal_quarter, currency = EXCLUDED.currency, unit = EXCLUDED.unit, report_date = EXCLUDED.report_date, source_id = EXCLUDED.source_id;
INSERT INTO financial_fact (period_id, concept, value, source_id)
SELECT p.id, v.concept, v.value, 'glove-tracker-comfort-gloves'
FROM financial_period p
JOIN (VALUES ('Revenue', 28.3::double precision), ('NetIncome', -0.697::double precision)) AS v(concept, value) ON true
WHERE p.company_id = 'comfort-gloves' AND p.period_label = 'Q2 FY07'
ON CONFLICT (period_id, concept) DO UPDATE SET value = EXCLUDED.value, source_id = EXCLUDED.source_id;
INSERT INTO financial_period (company_id, period_label, period_type, fiscal_year, fiscal_quarter, currency, unit, report_date, source_id) VALUES ('comfort-gloves', 'Q3 FY07', 'quarter', 2007, 3, 'MYR', 'MYR millions', '2006-10-31', 'glove-tracker-comfort-gloves') ON CONFLICT (company_id, period_label) DO UPDATE SET period_type = EXCLUDED.period_type, fiscal_year = EXCLUDED.fiscal_year, fiscal_quarter = EXCLUDED.fiscal_quarter, currency = EXCLUDED.currency, unit = EXCLUDED.unit, report_date = EXCLUDED.report_date, source_id = EXCLUDED.source_id;
INSERT INTO financial_fact (period_id, concept, value, source_id)
SELECT p.id, v.concept, v.value, 'glove-tracker-comfort-gloves'
FROM financial_period p
JOIN (VALUES ('Revenue', 29.7::double precision), ('NetIncome', -1.7::double precision)) AS v(concept, value) ON true
WHERE p.company_id = 'comfort-gloves' AND p.period_label = 'Q3 FY07'
ON CONFLICT (period_id, concept) DO UPDATE SET value = EXCLUDED.value, source_id = EXCLUDED.source_id;
INSERT INTO financial_period (company_id, period_label, period_type, fiscal_year, fiscal_quarter, currency, unit, report_date, source_id) VALUES ('comfort-gloves', 'Q4 FY07', 'quarter', 2007, 4, 'MYR', 'MYR millions', '2007-01-31', 'glove-tracker-comfort-gloves') ON CONFLICT (company_id, period_label) DO UPDATE SET period_type = EXCLUDED.period_type, fiscal_year = EXCLUDED.fiscal_year, fiscal_quarter = EXCLUDED.fiscal_quarter, currency = EXCLUDED.currency, unit = EXCLUDED.unit, report_date = EXCLUDED.report_date, source_id = EXCLUDED.source_id;
INSERT INTO financial_fact (period_id, concept, value, source_id)
SELECT p.id, v.concept, v.value, 'glove-tracker-comfort-gloves'
FROM financial_period p
JOIN (VALUES ('Revenue', 27.1::double precision), ('NetIncome', -0.668::double precision)) AS v(concept, value) ON true
WHERE p.company_id = 'comfort-gloves' AND p.period_label = 'Q4 FY07'
ON CONFLICT (period_id, concept) DO UPDATE SET value = EXCLUDED.value, source_id = EXCLUDED.source_id;
INSERT INTO financial_period (company_id, period_label, period_type, fiscal_year, fiscal_quarter, currency, unit, report_date, source_id) VALUES ('comfort-gloves', 'Q1 FY08', 'quarter', 2008, 1, 'MYR', 'MYR millions', '2007-04-30', 'glove-tracker-comfort-gloves') ON CONFLICT (company_id, period_label) DO UPDATE SET period_type = EXCLUDED.period_type, fiscal_year = EXCLUDED.fiscal_year, fiscal_quarter = EXCLUDED.fiscal_quarter, currency = EXCLUDED.currency, unit = EXCLUDED.unit, report_date = EXCLUDED.report_date, source_id = EXCLUDED.source_id;
INSERT INTO financial_fact (period_id, concept, value, source_id)
SELECT p.id, v.concept, v.value, 'glove-tracker-comfort-gloves'
FROM financial_period p
JOIN (VALUES ('Revenue', 22.6::double precision), ('NetIncome', -0.956::double precision)) AS v(concept, value) ON true
WHERE p.company_id = 'comfort-gloves' AND p.period_label = 'Q1 FY08'
ON CONFLICT (period_id, concept) DO UPDATE SET value = EXCLUDED.value, source_id = EXCLUDED.source_id;
INSERT INTO financial_period (company_id, period_label, period_type, fiscal_year, fiscal_quarter, currency, unit, report_date, source_id) VALUES ('comfort-gloves', 'Q2 FY08', 'quarter', 2008, 2, 'MYR', 'MYR millions', '2007-07-31', 'glove-tracker-comfort-gloves') ON CONFLICT (company_id, period_label) DO UPDATE SET period_type = EXCLUDED.period_type, fiscal_year = EXCLUDED.fiscal_year, fiscal_quarter = EXCLUDED.fiscal_quarter, currency = EXCLUDED.currency, unit = EXCLUDED.unit, report_date = EXCLUDED.report_date, source_id = EXCLUDED.source_id;
INSERT INTO financial_fact (period_id, concept, value, source_id)
SELECT p.id, v.concept, v.value, 'glove-tracker-comfort-gloves'
FROM financial_period p
JOIN (VALUES ('Revenue', 26.2::double precision), ('NetIncome', 0.542::double precision)) AS v(concept, value) ON true
WHERE p.company_id = 'comfort-gloves' AND p.period_label = 'Q2 FY08'
ON CONFLICT (period_id, concept) DO UPDATE SET value = EXCLUDED.value, source_id = EXCLUDED.source_id;
INSERT INTO financial_period (company_id, period_label, period_type, fiscal_year, fiscal_quarter, currency, unit, report_date, source_id) VALUES ('comfort-gloves', 'Q3 FY08', 'quarter', 2008, 3, 'MYR', 'MYR millions', '2007-10-31', 'glove-tracker-comfort-gloves') ON CONFLICT (company_id, period_label) DO UPDATE SET period_type = EXCLUDED.period_type, fiscal_year = EXCLUDED.fiscal_year, fiscal_quarter = EXCLUDED.fiscal_quarter, currency = EXCLUDED.currency, unit = EXCLUDED.unit, report_date = EXCLUDED.report_date, source_id = EXCLUDED.source_id;
INSERT INTO financial_fact (period_id, concept, value, source_id)
SELECT p.id, v.concept, v.value, 'glove-tracker-comfort-gloves'
FROM financial_period p
JOIN (VALUES ('Revenue', 30.3::double precision), ('NetIncome', -3.4::double precision)) AS v(concept, value) ON true
WHERE p.company_id = 'comfort-gloves' AND p.period_label = 'Q3 FY08'
ON CONFLICT (period_id, concept) DO UPDATE SET value = EXCLUDED.value, source_id = EXCLUDED.source_id;
INSERT INTO financial_period (company_id, period_label, period_type, fiscal_year, fiscal_quarter, currency, unit, report_date, source_id) VALUES ('comfort-gloves', 'Q4 FY08', 'quarter', 2008, 4, 'MYR', 'MYR millions', '2008-01-31', 'glove-tracker-comfort-gloves') ON CONFLICT (company_id, period_label) DO UPDATE SET period_type = EXCLUDED.period_type, fiscal_year = EXCLUDED.fiscal_year, fiscal_quarter = EXCLUDED.fiscal_quarter, currency = EXCLUDED.currency, unit = EXCLUDED.unit, report_date = EXCLUDED.report_date, source_id = EXCLUDED.source_id;
INSERT INTO financial_fact (period_id, concept, value, source_id)
SELECT p.id, v.concept, v.value, 'glove-tracker-comfort-gloves'
FROM financial_period p
JOIN (VALUES ('Revenue', 22.2::double precision), ('NetIncome', -12.5::double precision)) AS v(concept, value) ON true
WHERE p.company_id = 'comfort-gloves' AND p.period_label = 'Q4 FY08'
ON CONFLICT (period_id, concept) DO UPDATE SET value = EXCLUDED.value, source_id = EXCLUDED.source_id;
INSERT INTO financial_period (company_id, period_label, period_type, fiscal_year, fiscal_quarter, currency, unit, report_date, source_id) VALUES ('comfort-gloves', 'Q1 FY09', 'quarter', 2009, 1, 'MYR', 'MYR millions', '2008-04-30', 'glove-tracker-comfort-gloves') ON CONFLICT (company_id, period_label) DO UPDATE SET period_type = EXCLUDED.period_type, fiscal_year = EXCLUDED.fiscal_year, fiscal_quarter = EXCLUDED.fiscal_quarter, currency = EXCLUDED.currency, unit = EXCLUDED.unit, report_date = EXCLUDED.report_date, source_id = EXCLUDED.source_id;
INSERT INTO financial_fact (period_id, concept, value, source_id)
SELECT p.id, v.concept, v.value, 'glove-tracker-comfort-gloves'
FROM financial_period p
JOIN (VALUES ('Revenue', 27.1::double precision), ('NetIncome', -3.2::double precision)) AS v(concept, value) ON true
WHERE p.company_id = 'comfort-gloves' AND p.period_label = 'Q1 FY09'
ON CONFLICT (period_id, concept) DO UPDATE SET value = EXCLUDED.value, source_id = EXCLUDED.source_id;
INSERT INTO financial_period (company_id, period_label, period_type, fiscal_year, fiscal_quarter, currency, unit, report_date, source_id) VALUES ('comfort-gloves', 'Q2 FY09', 'quarter', 2009, 2, 'MYR', 'MYR millions', '2008-07-31', 'glove-tracker-comfort-gloves') ON CONFLICT (company_id, period_label) DO UPDATE SET period_type = EXCLUDED.period_type, fiscal_year = EXCLUDED.fiscal_year, fiscal_quarter = EXCLUDED.fiscal_quarter, currency = EXCLUDED.currency, unit = EXCLUDED.unit, report_date = EXCLUDED.report_date, source_id = EXCLUDED.source_id;
INSERT INTO financial_fact (period_id, concept, value, source_id)
SELECT p.id, v.concept, v.value, 'glove-tracker-comfort-gloves'
FROM financial_period p
JOIN (VALUES ('Revenue', 36.8::double precision), ('NetIncome', -2.5::double precision)) AS v(concept, value) ON true
WHERE p.company_id = 'comfort-gloves' AND p.period_label = 'Q2 FY09'
ON CONFLICT (period_id, concept) DO UPDATE SET value = EXCLUDED.value, source_id = EXCLUDED.source_id;
INSERT INTO financial_period (company_id, period_label, period_type, fiscal_year, fiscal_quarter, currency, unit, report_date, source_id) VALUES ('comfort-gloves', 'Q3 FY09', 'quarter', 2009, 3, 'MYR', 'MYR millions', '2008-10-31', 'glove-tracker-comfort-gloves') ON CONFLICT (company_id, period_label) DO UPDATE SET period_type = EXCLUDED.period_type, fiscal_year = EXCLUDED.fiscal_year, fiscal_quarter = EXCLUDED.fiscal_quarter, currency = EXCLUDED.currency, unit = EXCLUDED.unit, report_date = EXCLUDED.report_date, source_id = EXCLUDED.source_id;
INSERT INTO financial_fact (period_id, concept, value, source_id)
SELECT p.id, v.concept, v.value, 'glove-tracker-comfort-gloves'
FROM financial_period p
JOIN (VALUES ('Revenue', 38.3::double precision), ('NetIncome', -0.06::double precision)) AS v(concept, value) ON true
WHERE p.company_id = 'comfort-gloves' AND p.period_label = 'Q3 FY09'
ON CONFLICT (period_id, concept) DO UPDATE SET value = EXCLUDED.value, source_id = EXCLUDED.source_id;
INSERT INTO financial_period (company_id, period_label, period_type, fiscal_year, fiscal_quarter, currency, unit, report_date, source_id) VALUES ('comfort-gloves', 'Q4 FY09', 'quarter', 2009, 4, 'MYR', 'MYR millions', '2009-01-31', 'glove-tracker-comfort-gloves') ON CONFLICT (company_id, period_label) DO UPDATE SET period_type = EXCLUDED.period_type, fiscal_year = EXCLUDED.fiscal_year, fiscal_quarter = EXCLUDED.fiscal_quarter, currency = EXCLUDED.currency, unit = EXCLUDED.unit, report_date = EXCLUDED.report_date, source_id = EXCLUDED.source_id;
INSERT INTO financial_fact (period_id, concept, value, source_id)
SELECT p.id, v.concept, v.value, 'glove-tracker-comfort-gloves'
FROM financial_period p
JOIN (VALUES ('Revenue', 34.3::double precision), ('NetIncome', 0.514::double precision)) AS v(concept, value) ON true
WHERE p.company_id = 'comfort-gloves' AND p.period_label = 'Q4 FY09'
ON CONFLICT (period_id, concept) DO UPDATE SET value = EXCLUDED.value, source_id = EXCLUDED.source_id;
INSERT INTO financial_period (company_id, period_label, period_type, fiscal_year, fiscal_quarter, currency, unit, report_date, source_id) VALUES ('comfort-gloves', 'Q1 FY10', 'quarter', 2010, 1, 'MYR', 'MYR millions', '2009-04-30', 'glove-tracker-comfort-gloves') ON CONFLICT (company_id, period_label) DO UPDATE SET period_type = EXCLUDED.period_type, fiscal_year = EXCLUDED.fiscal_year, fiscal_quarter = EXCLUDED.fiscal_quarter, currency = EXCLUDED.currency, unit = EXCLUDED.unit, report_date = EXCLUDED.report_date, source_id = EXCLUDED.source_id;
INSERT INTO financial_fact (period_id, concept, value, source_id)
SELECT p.id, v.concept, v.value, 'glove-tracker-comfort-gloves'
FROM financial_period p
JOIN (VALUES ('Revenue', 26.6::double precision), ('NetIncome', 3.7::double precision)) AS v(concept, value) ON true
WHERE p.company_id = 'comfort-gloves' AND p.period_label = 'Q1 FY10'
ON CONFLICT (period_id, concept) DO UPDATE SET value = EXCLUDED.value, source_id = EXCLUDED.source_id;
INSERT INTO financial_period (company_id, period_label, period_type, fiscal_year, fiscal_quarter, currency, unit, report_date, source_id) VALUES ('comfort-gloves', 'Q2 FY10', 'quarter', 2010, 2, 'MYR', 'MYR millions', '2009-07-31', 'glove-tracker-comfort-gloves') ON CONFLICT (company_id, period_label) DO UPDATE SET period_type = EXCLUDED.period_type, fiscal_year = EXCLUDED.fiscal_year, fiscal_quarter = EXCLUDED.fiscal_quarter, currency = EXCLUDED.currency, unit = EXCLUDED.unit, report_date = EXCLUDED.report_date, source_id = EXCLUDED.source_id;
INSERT INTO financial_fact (period_id, concept, value, source_id)
SELECT p.id, v.concept, v.value, 'glove-tracker-comfort-gloves'
FROM financial_period p
JOIN (VALUES ('Revenue', 34.8::double precision), ('NetIncome', 0.483::double precision)) AS v(concept, value) ON true
WHERE p.company_id = 'comfort-gloves' AND p.period_label = 'Q2 FY10'
ON CONFLICT (period_id, concept) DO UPDATE SET value = EXCLUDED.value, source_id = EXCLUDED.source_id;
INSERT INTO financial_period (company_id, period_label, period_type, fiscal_year, fiscal_quarter, currency, unit, report_date, source_id) VALUES ('comfort-gloves', 'Q3 FY10', 'quarter', 2010, 3, 'MYR', 'MYR millions', '2009-10-31', 'glove-tracker-comfort-gloves') ON CONFLICT (company_id, period_label) DO UPDATE SET period_type = EXCLUDED.period_type, fiscal_year = EXCLUDED.fiscal_year, fiscal_quarter = EXCLUDED.fiscal_quarter, currency = EXCLUDED.currency, unit = EXCLUDED.unit, report_date = EXCLUDED.report_date, source_id = EXCLUDED.source_id;
INSERT INTO financial_fact (period_id, concept, value, source_id)
SELECT p.id, v.concept, v.value, 'glove-tracker-comfort-gloves'
FROM financial_period p
JOIN (VALUES ('Revenue', 39.3::double precision), ('NetIncome', 0.355::double precision)) AS v(concept, value) ON true
WHERE p.company_id = 'comfort-gloves' AND p.period_label = 'Q3 FY10'
ON CONFLICT (period_id, concept) DO UPDATE SET value = EXCLUDED.value, source_id = EXCLUDED.source_id;
INSERT INTO financial_period (company_id, period_label, period_type, fiscal_year, fiscal_quarter, currency, unit, report_date, source_id) VALUES ('comfort-gloves', 'Q4 FY10', 'quarter', 2010, 4, 'MYR', 'MYR millions', '2010-01-31', 'glove-tracker-comfort-gloves') ON CONFLICT (company_id, period_label) DO UPDATE SET period_type = EXCLUDED.period_type, fiscal_year = EXCLUDED.fiscal_year, fiscal_quarter = EXCLUDED.fiscal_quarter, currency = EXCLUDED.currency, unit = EXCLUDED.unit, report_date = EXCLUDED.report_date, source_id = EXCLUDED.source_id;
INSERT INTO financial_fact (period_id, concept, value, source_id)
SELECT p.id, v.concept, v.value, 'glove-tracker-comfort-gloves'
FROM financial_period p
JOIN (VALUES ('Revenue', 46.3::double precision), ('NetIncome', 0.72::double precision)) AS v(concept, value) ON true
WHERE p.company_id = 'comfort-gloves' AND p.period_label = 'Q4 FY10'
ON CONFLICT (period_id, concept) DO UPDATE SET value = EXCLUDED.value, source_id = EXCLUDED.source_id;
INSERT INTO financial_period (company_id, period_label, period_type, fiscal_year, fiscal_quarter, currency, unit, report_date, source_id) VALUES ('comfort-gloves', 'Q1 FY11', 'quarter', 2011, 1, 'MYR', 'MYR millions', '2010-04-30', 'glove-tracker-comfort-gloves') ON CONFLICT (company_id, period_label) DO UPDATE SET period_type = EXCLUDED.period_type, fiscal_year = EXCLUDED.fiscal_year, fiscal_quarter = EXCLUDED.fiscal_quarter, currency = EXCLUDED.currency, unit = EXCLUDED.unit, report_date = EXCLUDED.report_date, source_id = EXCLUDED.source_id;
INSERT INTO financial_fact (period_id, concept, value, source_id)
SELECT p.id, v.concept, v.value, 'glove-tracker-comfort-gloves'
FROM financial_period p
JOIN (VALUES ('Revenue', 41.6::double precision), ('NetIncome', 0.326::double precision)) AS v(concept, value) ON true
WHERE p.company_id = 'comfort-gloves' AND p.period_label = 'Q1 FY11'
ON CONFLICT (period_id, concept) DO UPDATE SET value = EXCLUDED.value, source_id = EXCLUDED.source_id;
INSERT INTO financial_period (company_id, period_label, period_type, fiscal_year, fiscal_quarter, currency, unit, report_date, source_id) VALUES ('comfort-gloves', 'Q2 FY11', 'quarter', 2011, 2, 'MYR', 'MYR millions', '2010-07-31', 'glove-tracker-comfort-gloves') ON CONFLICT (company_id, period_label) DO UPDATE SET period_type = EXCLUDED.period_type, fiscal_year = EXCLUDED.fiscal_year, fiscal_quarter = EXCLUDED.fiscal_quarter, currency = EXCLUDED.currency, unit = EXCLUDED.unit, report_date = EXCLUDED.report_date, source_id = EXCLUDED.source_id;
INSERT INTO financial_fact (period_id, concept, value, source_id)
SELECT p.id, v.concept, v.value, 'glove-tracker-comfort-gloves'
FROM financial_period p
JOIN (VALUES ('Revenue', 33.8::double precision), ('NetIncome', 0.162::double precision)) AS v(concept, value) ON true
WHERE p.company_id = 'comfort-gloves' AND p.period_label = 'Q2 FY11'
ON CONFLICT (period_id, concept) DO UPDATE SET value = EXCLUDED.value, source_id = EXCLUDED.source_id;
INSERT INTO financial_period (company_id, period_label, period_type, fiscal_year, fiscal_quarter, currency, unit, report_date, source_id) VALUES ('comfort-gloves', 'Q3 FY11', 'quarter', 2011, 3, 'MYR', 'MYR millions', '2010-10-31', 'glove-tracker-comfort-gloves') ON CONFLICT (company_id, period_label) DO UPDATE SET period_type = EXCLUDED.period_type, fiscal_year = EXCLUDED.fiscal_year, fiscal_quarter = EXCLUDED.fiscal_quarter, currency = EXCLUDED.currency, unit = EXCLUDED.unit, report_date = EXCLUDED.report_date, source_id = EXCLUDED.source_id;
INSERT INTO financial_fact (period_id, concept, value, source_id)
SELECT p.id, v.concept, v.value, 'glove-tracker-comfort-gloves'
FROM financial_period p
JOIN (VALUES ('Revenue', 31.8::double precision), ('NetIncome', 2.9::double precision)) AS v(concept, value) ON true
WHERE p.company_id = 'comfort-gloves' AND p.period_label = 'Q3 FY11'
ON CONFLICT (period_id, concept) DO UPDATE SET value = EXCLUDED.value, source_id = EXCLUDED.source_id;
INSERT INTO financial_period (company_id, period_label, period_type, fiscal_year, fiscal_quarter, currency, unit, report_date, source_id) VALUES ('comfort-gloves', 'Q4 FY11', 'quarter', 2011, 4, 'MYR', 'MYR millions', '2011-01-31', 'glove-tracker-comfort-gloves') ON CONFLICT (company_id, period_label) DO UPDATE SET period_type = EXCLUDED.period_type, fiscal_year = EXCLUDED.fiscal_year, fiscal_quarter = EXCLUDED.fiscal_quarter, currency = EXCLUDED.currency, unit = EXCLUDED.unit, report_date = EXCLUDED.report_date, source_id = EXCLUDED.source_id;
INSERT INTO financial_fact (period_id, concept, value, source_id)
SELECT p.id, v.concept, v.value, 'glove-tracker-comfort-gloves'
FROM financial_period p
JOIN (VALUES ('Revenue', 32.8::double precision), ('NetIncome', -41.3::double precision)) AS v(concept, value) ON true
WHERE p.company_id = 'comfort-gloves' AND p.period_label = 'Q4 FY11'
ON CONFLICT (period_id, concept) DO UPDATE SET value = EXCLUDED.value, source_id = EXCLUDED.source_id;
INSERT INTO financial_period (company_id, period_label, period_type, fiscal_year, fiscal_quarter, currency, unit, report_date, source_id) VALUES ('comfort-gloves', 'Q1 FY12', 'quarter', 2012, 1, 'MYR', 'MYR millions', '2011-04-30', 'glove-tracker-comfort-gloves') ON CONFLICT (company_id, period_label) DO UPDATE SET period_type = EXCLUDED.period_type, fiscal_year = EXCLUDED.fiscal_year, fiscal_quarter = EXCLUDED.fiscal_quarter, currency = EXCLUDED.currency, unit = EXCLUDED.unit, report_date = EXCLUDED.report_date, source_id = EXCLUDED.source_id;
INSERT INTO financial_fact (period_id, concept, value, source_id)
SELECT p.id, v.concept, v.value, 'glove-tracker-comfort-gloves'
FROM financial_period p
JOIN (VALUES ('Revenue', 25.3::double precision), ('NetIncome', -5.9::double precision)) AS v(concept, value) ON true
WHERE p.company_id = 'comfort-gloves' AND p.period_label = 'Q1 FY12'
ON CONFLICT (period_id, concept) DO UPDATE SET value = EXCLUDED.value, source_id = EXCLUDED.source_id;
INSERT INTO financial_period (company_id, period_label, period_type, fiscal_year, fiscal_quarter, currency, unit, report_date, source_id) VALUES ('comfort-gloves', 'Q2 FY12', 'quarter', 2012, 2, 'MYR', 'MYR millions', '2011-07-31', 'glove-tracker-comfort-gloves') ON CONFLICT (company_id, period_label) DO UPDATE SET period_type = EXCLUDED.period_type, fiscal_year = EXCLUDED.fiscal_year, fiscal_quarter = EXCLUDED.fiscal_quarter, currency = EXCLUDED.currency, unit = EXCLUDED.unit, report_date = EXCLUDED.report_date, source_id = EXCLUDED.source_id;
INSERT INTO financial_fact (period_id, concept, value, source_id)
SELECT p.id, v.concept, v.value, 'glove-tracker-comfort-gloves'
FROM financial_period p
JOIN (VALUES ('Revenue', 36.8::double precision), ('NetIncome', -6.7::double precision)) AS v(concept, value) ON true
WHERE p.company_id = 'comfort-gloves' AND p.period_label = 'Q2 FY12'
ON CONFLICT (period_id, concept) DO UPDATE SET value = EXCLUDED.value, source_id = EXCLUDED.source_id;
INSERT INTO financial_period (company_id, period_label, period_type, fiscal_year, fiscal_quarter, currency, unit, report_date, source_id) VALUES ('comfort-gloves', 'Q3 FY12', 'quarter', 2012, 3, 'MYR', 'MYR millions', '2011-10-31', 'glove-tracker-comfort-gloves') ON CONFLICT (company_id, period_label) DO UPDATE SET period_type = EXCLUDED.period_type, fiscal_year = EXCLUDED.fiscal_year, fiscal_quarter = EXCLUDED.fiscal_quarter, currency = EXCLUDED.currency, unit = EXCLUDED.unit, report_date = EXCLUDED.report_date, source_id = EXCLUDED.source_id;
INSERT INTO financial_fact (period_id, concept, value, source_id)
SELECT p.id, v.concept, v.value, 'glove-tracker-comfort-gloves'
FROM financial_period p
JOIN (VALUES ('Revenue', 24.8::double precision), ('NetIncome', -5.3::double precision)) AS v(concept, value) ON true
WHERE p.company_id = 'comfort-gloves' AND p.period_label = 'Q3 FY12'
ON CONFLICT (period_id, concept) DO UPDATE SET value = EXCLUDED.value, source_id = EXCLUDED.source_id;
INSERT INTO financial_period (company_id, period_label, period_type, fiscal_year, fiscal_quarter, currency, unit, report_date, source_id) VALUES ('comfort-gloves', 'Q4 FY12', 'quarter', 2012, 4, 'MYR', 'MYR millions', '2012-01-31', 'glove-tracker-comfort-gloves') ON CONFLICT (company_id, period_label) DO UPDATE SET period_type = EXCLUDED.period_type, fiscal_year = EXCLUDED.fiscal_year, fiscal_quarter = EXCLUDED.fiscal_quarter, currency = EXCLUDED.currency, unit = EXCLUDED.unit, report_date = EXCLUDED.report_date, source_id = EXCLUDED.source_id;
INSERT INTO financial_fact (period_id, concept, value, source_id)
SELECT p.id, v.concept, v.value, 'glove-tracker-comfort-gloves'
FROM financial_period p
JOIN (VALUES ('Revenue', 30.8::double precision), ('NetIncome', -3.4::double precision)) AS v(concept, value) ON true
WHERE p.company_id = 'comfort-gloves' AND p.period_label = 'Q4 FY12'
ON CONFLICT (period_id, concept) DO UPDATE SET value = EXCLUDED.value, source_id = EXCLUDED.source_id;
INSERT INTO financial_period (company_id, period_label, period_type, fiscal_year, fiscal_quarter, currency, unit, report_date, source_id) VALUES ('comfort-gloves', 'Q1 FY13', 'quarter', 2013, 1, 'MYR', 'MYR millions', '2012-04-30', 'glove-tracker-comfort-gloves') ON CONFLICT (company_id, period_label) DO UPDATE SET period_type = EXCLUDED.period_type, fiscal_year = EXCLUDED.fiscal_year, fiscal_quarter = EXCLUDED.fiscal_quarter, currency = EXCLUDED.currency, unit = EXCLUDED.unit, report_date = EXCLUDED.report_date, source_id = EXCLUDED.source_id;
INSERT INTO financial_fact (period_id, concept, value, source_id)
SELECT p.id, v.concept, v.value, 'glove-tracker-comfort-gloves'
FROM financial_period p
JOIN (VALUES ('Revenue', 28.4::double precision), ('NetIncome', -6.5::double precision)) AS v(concept, value) ON true
WHERE p.company_id = 'comfort-gloves' AND p.period_label = 'Q1 FY13'
ON CONFLICT (period_id, concept) DO UPDATE SET value = EXCLUDED.value, source_id = EXCLUDED.source_id;
INSERT INTO financial_period (company_id, period_label, period_type, fiscal_year, fiscal_quarter, currency, unit, report_date, source_id) VALUES ('comfort-gloves', 'Q2 FY13', 'quarter', 2013, 2, 'MYR', 'MYR millions', '2012-07-31', 'glove-tracker-comfort-gloves') ON CONFLICT (company_id, period_label) DO UPDATE SET period_type = EXCLUDED.period_type, fiscal_year = EXCLUDED.fiscal_year, fiscal_quarter = EXCLUDED.fiscal_quarter, currency = EXCLUDED.currency, unit = EXCLUDED.unit, report_date = EXCLUDED.report_date, source_id = EXCLUDED.source_id;
INSERT INTO financial_fact (period_id, concept, value, source_id)
SELECT p.id, v.concept, v.value, 'glove-tracker-comfort-gloves'
FROM financial_period p
JOIN (VALUES ('Revenue', 33.1::double precision), ('NetIncome', -1.5::double precision)) AS v(concept, value) ON true
WHERE p.company_id = 'comfort-gloves' AND p.period_label = 'Q2 FY13'
ON CONFLICT (period_id, concept) DO UPDATE SET value = EXCLUDED.value, source_id = EXCLUDED.source_id;
INSERT INTO financial_period (company_id, period_label, period_type, fiscal_year, fiscal_quarter, currency, unit, report_date, source_id) VALUES ('comfort-gloves', 'Q3 FY13', 'quarter', 2013, 3, 'MYR', 'MYR millions', '2012-10-31', 'glove-tracker-comfort-gloves') ON CONFLICT (company_id, period_label) DO UPDATE SET period_type = EXCLUDED.period_type, fiscal_year = EXCLUDED.fiscal_year, fiscal_quarter = EXCLUDED.fiscal_quarter, currency = EXCLUDED.currency, unit = EXCLUDED.unit, report_date = EXCLUDED.report_date, source_id = EXCLUDED.source_id;
INSERT INTO financial_fact (period_id, concept, value, source_id)
SELECT p.id, v.concept, v.value, 'glove-tracker-comfort-gloves'
FROM financial_period p
JOIN (VALUES ('Revenue', 33.6::double precision), ('NetIncome', -9.9::double precision)) AS v(concept, value) ON true
WHERE p.company_id = 'comfort-gloves' AND p.period_label = 'Q3 FY13'
ON CONFLICT (period_id, concept) DO UPDATE SET value = EXCLUDED.value, source_id = EXCLUDED.source_id;
INSERT INTO financial_period (company_id, period_label, period_type, fiscal_year, fiscal_quarter, currency, unit, report_date, source_id) VALUES ('comfort-gloves', 'Q4 FY13', 'quarter', 2013, 4, 'MYR', 'MYR millions', '2013-01-31', 'glove-tracker-comfort-gloves') ON CONFLICT (company_id, period_label) DO UPDATE SET period_type = EXCLUDED.period_type, fiscal_year = EXCLUDED.fiscal_year, fiscal_quarter = EXCLUDED.fiscal_quarter, currency = EXCLUDED.currency, unit = EXCLUDED.unit, report_date = EXCLUDED.report_date, source_id = EXCLUDED.source_id;
INSERT INTO financial_fact (period_id, concept, value, source_id)
SELECT p.id, v.concept, v.value, 'glove-tracker-comfort-gloves'
FROM financial_period p
JOIN (VALUES ('Revenue', 30.4::double precision), ('NetIncome', -20.7::double precision)) AS v(concept, value) ON true
WHERE p.company_id = 'comfort-gloves' AND p.period_label = 'Q4 FY13'
ON CONFLICT (period_id, concept) DO UPDATE SET value = EXCLUDED.value, source_id = EXCLUDED.source_id;
INSERT INTO financial_period (company_id, period_label, period_type, fiscal_year, fiscal_quarter, currency, unit, report_date, source_id) VALUES ('comfort-gloves', 'Q1 FY14', 'quarter', 2014, 1, 'MYR', 'MYR millions', '2013-04-30', 'glove-tracker-comfort-gloves') ON CONFLICT (company_id, period_label) DO UPDATE SET period_type = EXCLUDED.period_type, fiscal_year = EXCLUDED.fiscal_year, fiscal_quarter = EXCLUDED.fiscal_quarter, currency = EXCLUDED.currency, unit = EXCLUDED.unit, report_date = EXCLUDED.report_date, source_id = EXCLUDED.source_id;
INSERT INTO financial_fact (period_id, concept, value, source_id)
SELECT p.id, v.concept, v.value, 'glove-tracker-comfort-gloves'
FROM financial_period p
JOIN (VALUES ('Revenue', 29.9::double precision), ('NetIncome', -10.1::double precision)) AS v(concept, value) ON true
WHERE p.company_id = 'comfort-gloves' AND p.period_label = 'Q1 FY14'
ON CONFLICT (period_id, concept) DO UPDATE SET value = EXCLUDED.value, source_id = EXCLUDED.source_id;
INSERT INTO financial_period (company_id, period_label, period_type, fiscal_year, fiscal_quarter, currency, unit, report_date, source_id) VALUES ('comfort-gloves', 'Q2 FY14', 'quarter', 2014, 2, 'MYR', 'MYR millions', '2013-07-31', 'glove-tracker-comfort-gloves') ON CONFLICT (company_id, period_label) DO UPDATE SET period_type = EXCLUDED.period_type, fiscal_year = EXCLUDED.fiscal_year, fiscal_quarter = EXCLUDED.fiscal_quarter, currency = EXCLUDED.currency, unit = EXCLUDED.unit, report_date = EXCLUDED.report_date, source_id = EXCLUDED.source_id;
INSERT INTO financial_fact (period_id, concept, value, source_id)
SELECT p.id, v.concept, v.value, 'glove-tracker-comfort-gloves'
FROM financial_period p
JOIN (VALUES ('Revenue', 33.9::double precision), ('NetIncome', -28.1::double precision)) AS v(concept, value) ON true
WHERE p.company_id = 'comfort-gloves' AND p.period_label = 'Q2 FY14'
ON CONFLICT (period_id, concept) DO UPDATE SET value = EXCLUDED.value, source_id = EXCLUDED.source_id;
INSERT INTO financial_period (company_id, period_label, period_type, fiscal_year, fiscal_quarter, currency, unit, report_date, source_id) VALUES ('comfort-gloves', 'Q3 FY14', 'quarter', 2014, 3, 'MYR', 'MYR millions', '2013-10-31', 'glove-tracker-comfort-gloves') ON CONFLICT (company_id, period_label) DO UPDATE SET period_type = EXCLUDED.period_type, fiscal_year = EXCLUDED.fiscal_year, fiscal_quarter = EXCLUDED.fiscal_quarter, currency = EXCLUDED.currency, unit = EXCLUDED.unit, report_date = EXCLUDED.report_date, source_id = EXCLUDED.source_id;
INSERT INTO financial_fact (period_id, concept, value, source_id)
SELECT p.id, v.concept, v.value, 'glove-tracker-comfort-gloves'
FROM financial_period p
JOIN (VALUES ('Revenue', 35.2::double precision), ('NetIncome', 27.6::double precision)) AS v(concept, value) ON true
WHERE p.company_id = 'comfort-gloves' AND p.period_label = 'Q3 FY14'
ON CONFLICT (period_id, concept) DO UPDATE SET value = EXCLUDED.value, source_id = EXCLUDED.source_id;
INSERT INTO financial_period (company_id, period_label, period_type, fiscal_year, fiscal_quarter, currency, unit, report_date, source_id) VALUES ('comfort-gloves', 'Q4 FY14', 'quarter', 2014, 4, 'MYR', 'MYR millions', '2014-01-31', 'glove-tracker-comfort-gloves') ON CONFLICT (company_id, period_label) DO UPDATE SET period_type = EXCLUDED.period_type, fiscal_year = EXCLUDED.fiscal_year, fiscal_quarter = EXCLUDED.fiscal_quarter, currency = EXCLUDED.currency, unit = EXCLUDED.unit, report_date = EXCLUDED.report_date, source_id = EXCLUDED.source_id;
INSERT INTO financial_fact (period_id, concept, value, source_id)
SELECT p.id, v.concept, v.value, 'glove-tracker-comfort-gloves'
FROM financial_period p
JOIN (VALUES ('Revenue', 35.7::double precision), ('NetIncome', -9::double precision)) AS v(concept, value) ON true
WHERE p.company_id = 'comfort-gloves' AND p.period_label = 'Q4 FY14'
ON CONFLICT (period_id, concept) DO UPDATE SET value = EXCLUDED.value, source_id = EXCLUDED.source_id;
INSERT INTO financial_period (company_id, period_label, period_type, fiscal_year, fiscal_quarter, currency, unit, report_date, source_id) VALUES ('comfort-gloves', 'Q1 FY15', 'quarter', 2015, 1, 'MYR', 'MYR millions', '2014-04-30', 'glove-tracker-comfort-gloves') ON CONFLICT (company_id, period_label) DO UPDATE SET period_type = EXCLUDED.period_type, fiscal_year = EXCLUDED.fiscal_year, fiscal_quarter = EXCLUDED.fiscal_quarter, currency = EXCLUDED.currency, unit = EXCLUDED.unit, report_date = EXCLUDED.report_date, source_id = EXCLUDED.source_id;
INSERT INTO financial_fact (period_id, concept, value, source_id)
SELECT p.id, v.concept, v.value, 'glove-tracker-comfort-gloves'
FROM financial_period p
JOIN (VALUES ('Revenue', 36.3::double precision), ('NetIncome', 0.286::double precision)) AS v(concept, value) ON true
WHERE p.company_id = 'comfort-gloves' AND p.period_label = 'Q1 FY15'
ON CONFLICT (period_id, concept) DO UPDATE SET value = EXCLUDED.value, source_id = EXCLUDED.source_id;
INSERT INTO financial_period (company_id, period_label, period_type, fiscal_year, fiscal_quarter, currency, unit, report_date, source_id) VALUES ('comfort-gloves', 'Q2 FY15', 'quarter', 2015, 2, 'MYR', 'MYR millions', '2014-07-31', 'glove-tracker-comfort-gloves') ON CONFLICT (company_id, period_label) DO UPDATE SET period_type = EXCLUDED.period_type, fiscal_year = EXCLUDED.fiscal_year, fiscal_quarter = EXCLUDED.fiscal_quarter, currency = EXCLUDED.currency, unit = EXCLUDED.unit, report_date = EXCLUDED.report_date, source_id = EXCLUDED.source_id;
INSERT INTO financial_fact (period_id, concept, value, source_id)
SELECT p.id, v.concept, v.value, 'glove-tracker-comfort-gloves'
FROM financial_period p
JOIN (VALUES ('Revenue', 38.5::double precision), ('NetIncome', 0.63::double precision)) AS v(concept, value) ON true
WHERE p.company_id = 'comfort-gloves' AND p.period_label = 'Q2 FY15'
ON CONFLICT (period_id, concept) DO UPDATE SET value = EXCLUDED.value, source_id = EXCLUDED.source_id;
INSERT INTO financial_period (company_id, period_label, period_type, fiscal_year, fiscal_quarter, currency, unit, report_date, source_id) VALUES ('comfort-gloves', 'Q3 FY15', 'quarter', 2015, 3, 'MYR', 'MYR millions', '2014-10-31', 'glove-tracker-comfort-gloves') ON CONFLICT (company_id, period_label) DO UPDATE SET period_type = EXCLUDED.period_type, fiscal_year = EXCLUDED.fiscal_year, fiscal_quarter = EXCLUDED.fiscal_quarter, currency = EXCLUDED.currency, unit = EXCLUDED.unit, report_date = EXCLUDED.report_date, source_id = EXCLUDED.source_id;
INSERT INTO financial_fact (period_id, concept, value, source_id)
SELECT p.id, v.concept, v.value, 'glove-tracker-comfort-gloves'
FROM financial_period p
JOIN (VALUES ('Revenue', 38.4::double precision), ('NetIncome', 0.672::double precision)) AS v(concept, value) ON true
WHERE p.company_id = 'comfort-gloves' AND p.period_label = 'Q3 FY15'
ON CONFLICT (period_id, concept) DO UPDATE SET value = EXCLUDED.value, source_id = EXCLUDED.source_id;
INSERT INTO financial_period (company_id, period_label, period_type, fiscal_year, fiscal_quarter, currency, unit, report_date, source_id) VALUES ('comfort-gloves', 'Q4 FY15', 'quarter', 2015, 4, 'MYR', 'MYR millions', '2015-01-31', 'glove-tracker-comfort-gloves') ON CONFLICT (company_id, period_label) DO UPDATE SET period_type = EXCLUDED.period_type, fiscal_year = EXCLUDED.fiscal_year, fiscal_quarter = EXCLUDED.fiscal_quarter, currency = EXCLUDED.currency, unit = EXCLUDED.unit, report_date = EXCLUDED.report_date, source_id = EXCLUDED.source_id;
INSERT INTO financial_fact (period_id, concept, value, source_id)
SELECT p.id, v.concept, v.value, 'glove-tracker-comfort-gloves'
FROM financial_period p
JOIN (VALUES ('Revenue', 42::double precision), ('NetIncome', 2.7::double precision)) AS v(concept, value) ON true
WHERE p.company_id = 'comfort-gloves' AND p.period_label = 'Q4 FY15'
ON CONFLICT (period_id, concept) DO UPDATE SET value = EXCLUDED.value, source_id = EXCLUDED.source_id;
INSERT INTO financial_period (company_id, period_label, period_type, fiscal_year, fiscal_quarter, currency, unit, report_date, source_id) VALUES ('comfort-gloves', 'Q1 FY16', 'quarter', 2016, 1, 'MYR', 'MYR millions', '2015-04-30', 'glove-tracker-comfort-gloves') ON CONFLICT (company_id, period_label) DO UPDATE SET period_type = EXCLUDED.period_type, fiscal_year = EXCLUDED.fiscal_year, fiscal_quarter = EXCLUDED.fiscal_quarter, currency = EXCLUDED.currency, unit = EXCLUDED.unit, report_date = EXCLUDED.report_date, source_id = EXCLUDED.source_id;
INSERT INTO financial_fact (period_id, concept, value, source_id)
SELECT p.id, v.concept, v.value, 'glove-tracker-comfort-gloves'
FROM financial_period p
JOIN (VALUES ('Revenue', 52.6::double precision), ('NetIncome', 4.1::double precision)) AS v(concept, value) ON true
WHERE p.company_id = 'comfort-gloves' AND p.period_label = 'Q1 FY16'
ON CONFLICT (period_id, concept) DO UPDATE SET value = EXCLUDED.value, source_id = EXCLUDED.source_id;
INSERT INTO financial_period (company_id, period_label, period_type, fiscal_year, fiscal_quarter, currency, unit, report_date, source_id) VALUES ('comfort-gloves', 'Q2 FY16', 'quarter', 2016, 2, 'MYR', 'MYR millions', '2015-07-31', 'glove-tracker-comfort-gloves') ON CONFLICT (company_id, period_label) DO UPDATE SET period_type = EXCLUDED.period_type, fiscal_year = EXCLUDED.fiscal_year, fiscal_quarter = EXCLUDED.fiscal_quarter, currency = EXCLUDED.currency, unit = EXCLUDED.unit, report_date = EXCLUDED.report_date, source_id = EXCLUDED.source_id;
INSERT INTO financial_fact (period_id, concept, value, source_id)
SELECT p.id, v.concept, v.value, 'glove-tracker-comfort-gloves'
FROM financial_period p
JOIN (VALUES ('Revenue', 57.3::double precision), ('NetIncome', 5::double precision)) AS v(concept, value) ON true
WHERE p.company_id = 'comfort-gloves' AND p.period_label = 'Q2 FY16'
ON CONFLICT (period_id, concept) DO UPDATE SET value = EXCLUDED.value, source_id = EXCLUDED.source_id;
INSERT INTO financial_period (company_id, period_label, period_type, fiscal_year, fiscal_quarter, currency, unit, report_date, source_id) VALUES ('comfort-gloves', 'Q3 FY16', 'quarter', 2016, 3, 'MYR', 'MYR millions', '2015-10-31', 'glove-tracker-comfort-gloves') ON CONFLICT (company_id, period_label) DO UPDATE SET period_type = EXCLUDED.period_type, fiscal_year = EXCLUDED.fiscal_year, fiscal_quarter = EXCLUDED.fiscal_quarter, currency = EXCLUDED.currency, unit = EXCLUDED.unit, report_date = EXCLUDED.report_date, source_id = EXCLUDED.source_id;
INSERT INTO financial_fact (period_id, concept, value, source_id)
SELECT p.id, v.concept, v.value, 'glove-tracker-comfort-gloves'
FROM financial_period p
JOIN (VALUES ('Revenue', 61.3::double precision), ('NetIncome', 7.2::double precision)) AS v(concept, value) ON true
WHERE p.company_id = 'comfort-gloves' AND p.period_label = 'Q3 FY16'
ON CONFLICT (period_id, concept) DO UPDATE SET value = EXCLUDED.value, source_id = EXCLUDED.source_id;
INSERT INTO financial_period (company_id, period_label, period_type, fiscal_year, fiscal_quarter, currency, unit, report_date, source_id) VALUES ('comfort-gloves', 'Q4 FY16', 'quarter', 2016, 4, 'MYR', 'MYR millions', '2016-01-31', 'glove-tracker-comfort-gloves') ON CONFLICT (company_id, period_label) DO UPDATE SET period_type = EXCLUDED.period_type, fiscal_year = EXCLUDED.fiscal_year, fiscal_quarter = EXCLUDED.fiscal_quarter, currency = EXCLUDED.currency, unit = EXCLUDED.unit, report_date = EXCLUDED.report_date, source_id = EXCLUDED.source_id;
INSERT INTO financial_fact (period_id, concept, value, source_id)
SELECT p.id, v.concept, v.value, 'glove-tracker-comfort-gloves'
FROM financial_period p
JOIN (VALUES ('Revenue', 58.6::double precision), ('NetIncome', 7.2::double precision)) AS v(concept, value) ON true
WHERE p.company_id = 'comfort-gloves' AND p.period_label = 'Q4 FY16'
ON CONFLICT (period_id, concept) DO UPDATE SET value = EXCLUDED.value, source_id = EXCLUDED.source_id;
INSERT INTO financial_period (company_id, period_label, period_type, fiscal_year, fiscal_quarter, currency, unit, report_date, source_id) VALUES ('comfort-gloves', 'Q1 FY17', 'quarter', 2017, 1, 'MYR', 'MYR millions', '2016-04-30', 'glove-tracker-comfort-gloves') ON CONFLICT (company_id, period_label) DO UPDATE SET period_type = EXCLUDED.period_type, fiscal_year = EXCLUDED.fiscal_year, fiscal_quarter = EXCLUDED.fiscal_quarter, currency = EXCLUDED.currency, unit = EXCLUDED.unit, report_date = EXCLUDED.report_date, source_id = EXCLUDED.source_id;
INSERT INTO financial_fact (period_id, concept, value, source_id)
SELECT p.id, v.concept, v.value, 'glove-tracker-comfort-gloves'
FROM financial_period p
JOIN (VALUES ('Revenue', 52.3::double precision), ('NetIncome', -9.4::double precision)) AS v(concept, value) ON true
WHERE p.company_id = 'comfort-gloves' AND p.period_label = 'Q1 FY17'
ON CONFLICT (period_id, concept) DO UPDATE SET value = EXCLUDED.value, source_id = EXCLUDED.source_id;
INSERT INTO financial_period (company_id, period_label, period_type, fiscal_year, fiscal_quarter, currency, unit, report_date, source_id) VALUES ('comfort-gloves', 'Q2 FY17', 'quarter', 2017, 2, 'MYR', 'MYR millions', '2016-07-31', 'glove-tracker-comfort-gloves') ON CONFLICT (company_id, period_label) DO UPDATE SET period_type = EXCLUDED.period_type, fiscal_year = EXCLUDED.fiscal_year, fiscal_quarter = EXCLUDED.fiscal_quarter, currency = EXCLUDED.currency, unit = EXCLUDED.unit, report_date = EXCLUDED.report_date, source_id = EXCLUDED.source_id;
INSERT INTO financial_fact (period_id, concept, value, source_id)
SELECT p.id, v.concept, v.value, 'glove-tracker-comfort-gloves'
FROM financial_period p
JOIN (VALUES ('Revenue', 63.9::double precision), ('NetIncome', 18.8::double precision)) AS v(concept, value) ON true
WHERE p.company_id = 'comfort-gloves' AND p.period_label = 'Q2 FY17'
ON CONFLICT (period_id, concept) DO UPDATE SET value = EXCLUDED.value, source_id = EXCLUDED.source_id;
INSERT INTO financial_period (company_id, period_label, period_type, fiscal_year, fiscal_quarter, currency, unit, report_date, source_id) VALUES ('comfort-gloves', 'Q3 FY17', 'quarter', 2017, 3, 'MYR', 'MYR millions', '2016-10-31', 'glove-tracker-comfort-gloves') ON CONFLICT (company_id, period_label) DO UPDATE SET period_type = EXCLUDED.period_type, fiscal_year = EXCLUDED.fiscal_year, fiscal_quarter = EXCLUDED.fiscal_quarter, currency = EXCLUDED.currency, unit = EXCLUDED.unit, report_date = EXCLUDED.report_date, source_id = EXCLUDED.source_id;
INSERT INTO financial_fact (period_id, concept, value, source_id)
SELECT p.id, v.concept, v.value, 'glove-tracker-comfort-gloves'
FROM financial_period p
JOIN (VALUES ('Revenue', 74::double precision), ('NetIncome', 8.3::double precision)) AS v(concept, value) ON true
WHERE p.company_id = 'comfort-gloves' AND p.period_label = 'Q3 FY17'
ON CONFLICT (period_id, concept) DO UPDATE SET value = EXCLUDED.value, source_id = EXCLUDED.source_id;
INSERT INTO financial_period (company_id, period_label, period_type, fiscal_year, fiscal_quarter, currency, unit, report_date, source_id) VALUES ('comfort-gloves', 'Q4 FY17', 'quarter', 2017, 4, 'MYR', 'MYR millions', '2017-01-31', 'glove-tracker-comfort-gloves') ON CONFLICT (company_id, period_label) DO UPDATE SET period_type = EXCLUDED.period_type, fiscal_year = EXCLUDED.fiscal_year, fiscal_quarter = EXCLUDED.fiscal_quarter, currency = EXCLUDED.currency, unit = EXCLUDED.unit, report_date = EXCLUDED.report_date, source_id = EXCLUDED.source_id;
INSERT INTO financial_fact (period_id, concept, value, source_id)
SELECT p.id, v.concept, v.value, 'glove-tracker-comfort-gloves'
FROM financial_period p
JOIN (VALUES ('Revenue', 72.7::double precision), ('NetIncome', 8.2::double precision)) AS v(concept, value) ON true
WHERE p.company_id = 'comfort-gloves' AND p.period_label = 'Q4 FY17'
ON CONFLICT (period_id, concept) DO UPDATE SET value = EXCLUDED.value, source_id = EXCLUDED.source_id;
INSERT INTO financial_period (company_id, period_label, period_type, fiscal_year, fiscal_quarter, currency, unit, report_date, source_id) VALUES ('comfort-gloves', 'Q1 FY18', 'quarter', 2018, 1, 'MYR', 'MYR millions', '2017-04-30', 'glove-tracker-comfort-gloves') ON CONFLICT (company_id, period_label) DO UPDATE SET period_type = EXCLUDED.period_type, fiscal_year = EXCLUDED.fiscal_year, fiscal_quarter = EXCLUDED.fiscal_quarter, currency = EXCLUDED.currency, unit = EXCLUDED.unit, report_date = EXCLUDED.report_date, source_id = EXCLUDED.source_id;
INSERT INTO financial_fact (period_id, concept, value, source_id)
SELECT p.id, v.concept, v.value, 'glove-tracker-comfort-gloves'
FROM financial_period p
JOIN (VALUES ('Revenue', 93.7::double precision), ('NetIncome', 10.1::double precision)) AS v(concept, value) ON true
WHERE p.company_id = 'comfort-gloves' AND p.period_label = 'Q1 FY18'
ON CONFLICT (period_id, concept) DO UPDATE SET value = EXCLUDED.value, source_id = EXCLUDED.source_id;
INSERT INTO financial_period (company_id, period_label, period_type, fiscal_year, fiscal_quarter, currency, unit, report_date, source_id) VALUES ('comfort-gloves', 'Q2 FY18', 'quarter', 2018, 2, 'MYR', 'MYR millions', '2017-07-31', 'glove-tracker-comfort-gloves') ON CONFLICT (company_id, period_label) DO UPDATE SET period_type = EXCLUDED.period_type, fiscal_year = EXCLUDED.fiscal_year, fiscal_quarter = EXCLUDED.fiscal_quarter, currency = EXCLUDED.currency, unit = EXCLUDED.unit, report_date = EXCLUDED.report_date, source_id = EXCLUDED.source_id;
INSERT INTO financial_fact (period_id, concept, value, source_id)
SELECT p.id, v.concept, v.value, 'glove-tracker-comfort-gloves'
FROM financial_period p
JOIN (VALUES ('Revenue', 114.6::double precision), ('NetIncome', 9.1::double precision)) AS v(concept, value) ON true
WHERE p.company_id = 'comfort-gloves' AND p.period_label = 'Q2 FY18'
ON CONFLICT (period_id, concept) DO UPDATE SET value = EXCLUDED.value, source_id = EXCLUDED.source_id;
INSERT INTO financial_period (company_id, period_label, period_type, fiscal_year, fiscal_quarter, currency, unit, report_date, source_id) VALUES ('comfort-gloves', 'Q3 FY18', 'quarter', 2018, 3, 'MYR', 'MYR millions', '2017-10-31', 'glove-tracker-comfort-gloves') ON CONFLICT (company_id, period_label) DO UPDATE SET period_type = EXCLUDED.period_type, fiscal_year = EXCLUDED.fiscal_year, fiscal_quarter = EXCLUDED.fiscal_quarter, currency = EXCLUDED.currency, unit = EXCLUDED.unit, report_date = EXCLUDED.report_date, source_id = EXCLUDED.source_id;
INSERT INTO financial_fact (period_id, concept, value, source_id)
SELECT p.id, v.concept, v.value, 'glove-tracker-comfort-gloves'
FROM financial_period p
JOIN (VALUES ('Revenue', 106.5::double precision), ('NetIncome', 11.9::double precision)) AS v(concept, value) ON true
WHERE p.company_id = 'comfort-gloves' AND p.period_label = 'Q3 FY18'
ON CONFLICT (period_id, concept) DO UPDATE SET value = EXCLUDED.value, source_id = EXCLUDED.source_id;
INSERT INTO financial_period (company_id, period_label, period_type, fiscal_year, fiscal_quarter, currency, unit, report_date, source_id) VALUES ('comfort-gloves', 'Q4 FY18', 'quarter', 2018, 4, 'MYR', 'MYR millions', '2018-01-31', 'glove-tracker-comfort-gloves') ON CONFLICT (company_id, period_label) DO UPDATE SET period_type = EXCLUDED.period_type, fiscal_year = EXCLUDED.fiscal_year, fiscal_quarter = EXCLUDED.fiscal_quarter, currency = EXCLUDED.currency, unit = EXCLUDED.unit, report_date = EXCLUDED.report_date, source_id = EXCLUDED.source_id;
INSERT INTO financial_fact (period_id, concept, value, source_id)
SELECT p.id, v.concept, v.value, 'glove-tracker-comfort-gloves'
FROM financial_period p
JOIN (VALUES ('Revenue', 106.4::double precision), ('NetIncome', 4.8::double precision)) AS v(concept, value) ON true
WHERE p.company_id = 'comfort-gloves' AND p.period_label = 'Q4 FY18'
ON CONFLICT (period_id, concept) DO UPDATE SET value = EXCLUDED.value, source_id = EXCLUDED.source_id;
INSERT INTO financial_period (company_id, period_label, period_type, fiscal_year, fiscal_quarter, currency, unit, report_date, source_id) VALUES ('comfort-gloves', 'Q1 FY19', 'quarter', 2019, 1, 'MYR', 'MYR millions', '2018-04-30', 'glove-tracker-comfort-gloves') ON CONFLICT (company_id, period_label) DO UPDATE SET period_type = EXCLUDED.period_type, fiscal_year = EXCLUDED.fiscal_year, fiscal_quarter = EXCLUDED.fiscal_quarter, currency = EXCLUDED.currency, unit = EXCLUDED.unit, report_date = EXCLUDED.report_date, source_id = EXCLUDED.source_id;
INSERT INTO financial_fact (period_id, concept, value, source_id)
SELECT p.id, v.concept, v.value, 'glove-tracker-comfort-gloves'
FROM financial_period p
JOIN (VALUES ('Revenue', 106.6::double precision), ('NetIncome', 7.3::double precision)) AS v(concept, value) ON true
WHERE p.company_id = 'comfort-gloves' AND p.period_label = 'Q1 FY19'
ON CONFLICT (period_id, concept) DO UPDATE SET value = EXCLUDED.value, source_id = EXCLUDED.source_id;
INSERT INTO financial_period (company_id, period_label, period_type, fiscal_year, fiscal_quarter, currency, unit, report_date, source_id) VALUES ('comfort-gloves', 'Q2 FY19', 'quarter', 2019, 2, 'MYR', 'MYR millions', '2018-07-31', 'glove-tracker-comfort-gloves') ON CONFLICT (company_id, period_label) DO UPDATE SET period_type = EXCLUDED.period_type, fiscal_year = EXCLUDED.fiscal_year, fiscal_quarter = EXCLUDED.fiscal_quarter, currency = EXCLUDED.currency, unit = EXCLUDED.unit, report_date = EXCLUDED.report_date, source_id = EXCLUDED.source_id;
INSERT INTO financial_fact (period_id, concept, value, source_id)
SELECT p.id, v.concept, v.value, 'glove-tracker-comfort-gloves'
FROM financial_period p
JOIN (VALUES ('Revenue', 109.8::double precision), ('NetIncome', 4.1::double precision)) AS v(concept, value) ON true
WHERE p.company_id = 'comfort-gloves' AND p.period_label = 'Q2 FY19'
ON CONFLICT (period_id, concept) DO UPDATE SET value = EXCLUDED.value, source_id = EXCLUDED.source_id;
INSERT INTO financial_period (company_id, period_label, period_type, fiscal_year, fiscal_quarter, currency, unit, report_date, source_id) VALUES ('comfort-gloves', 'Q3 FY19', 'quarter', 2019, 3, 'MYR', 'MYR millions', '2018-10-31', 'glove-tracker-comfort-gloves') ON CONFLICT (company_id, period_label) DO UPDATE SET period_type = EXCLUDED.period_type, fiscal_year = EXCLUDED.fiscal_year, fiscal_quarter = EXCLUDED.fiscal_quarter, currency = EXCLUDED.currency, unit = EXCLUDED.unit, report_date = EXCLUDED.report_date, source_id = EXCLUDED.source_id;
INSERT INTO financial_fact (period_id, concept, value, source_id)
SELECT p.id, v.concept, v.value, 'glove-tracker-comfort-gloves'
FROM financial_period p
JOIN (VALUES ('Revenue', 127::double precision), ('NetIncome', 7.1::double precision)) AS v(concept, value) ON true
WHERE p.company_id = 'comfort-gloves' AND p.period_label = 'Q3 FY19'
ON CONFLICT (period_id, concept) DO UPDATE SET value = EXCLUDED.value, source_id = EXCLUDED.source_id;
INSERT INTO financial_period (company_id, period_label, period_type, fiscal_year, fiscal_quarter, currency, unit, report_date, source_id) VALUES ('comfort-gloves', 'Q4 FY19', 'quarter', 2019, 4, 'MYR', 'MYR millions', '2019-01-31', 'glove-tracker-comfort-gloves') ON CONFLICT (company_id, period_label) DO UPDATE SET period_type = EXCLUDED.period_type, fiscal_year = EXCLUDED.fiscal_year, fiscal_quarter = EXCLUDED.fiscal_quarter, currency = EXCLUDED.currency, unit = EXCLUDED.unit, report_date = EXCLUDED.report_date, source_id = EXCLUDED.source_id;
INSERT INTO financial_fact (period_id, concept, value, source_id)
SELECT p.id, v.concept, v.value, 'glove-tracker-comfort-gloves'
FROM financial_period p
JOIN (VALUES ('Revenue', 130.6::double precision), ('NetIncome', 9.4::double precision)) AS v(concept, value) ON true
WHERE p.company_id = 'comfort-gloves' AND p.period_label = 'Q4 FY19'
ON CONFLICT (period_id, concept) DO UPDATE SET value = EXCLUDED.value, source_id = EXCLUDED.source_id;
INSERT INTO financial_period (company_id, period_label, period_type, fiscal_year, fiscal_quarter, currency, unit, report_date, source_id) VALUES ('comfort-gloves', 'Q1 FY20', 'quarter', 2020, 1, 'MYR', 'MYR millions', '2019-04-30', 'glove-tracker-comfort-gloves') ON CONFLICT (company_id, period_label) DO UPDATE SET period_type = EXCLUDED.period_type, fiscal_year = EXCLUDED.fiscal_year, fiscal_quarter = EXCLUDED.fiscal_quarter, currency = EXCLUDED.currency, unit = EXCLUDED.unit, report_date = EXCLUDED.report_date, source_id = EXCLUDED.source_id;
INSERT INTO financial_fact (period_id, concept, value, source_id)
SELECT p.id, v.concept, v.value, 'glove-tracker-comfort-gloves'
FROM financial_period p
JOIN (VALUES ('Revenue', 120::double precision), ('NetIncome', 8.4::double precision)) AS v(concept, value) ON true
WHERE p.company_id = 'comfort-gloves' AND p.period_label = 'Q1 FY20'
ON CONFLICT (period_id, concept) DO UPDATE SET value = EXCLUDED.value, source_id = EXCLUDED.source_id;
INSERT INTO financial_period (company_id, period_label, period_type, fiscal_year, fiscal_quarter, currency, unit, report_date, source_id) VALUES ('comfort-gloves', 'Q2 FY20', 'quarter', 2020, 2, 'MYR', 'MYR millions', '2019-07-31', 'glove-tracker-comfort-gloves') ON CONFLICT (company_id, period_label) DO UPDATE SET period_type = EXCLUDED.period_type, fiscal_year = EXCLUDED.fiscal_year, fiscal_quarter = EXCLUDED.fiscal_quarter, currency = EXCLUDED.currency, unit = EXCLUDED.unit, report_date = EXCLUDED.report_date, source_id = EXCLUDED.source_id;
INSERT INTO financial_fact (period_id, concept, value, source_id)
SELECT p.id, v.concept, v.value, 'glove-tracker-comfort-gloves'
FROM financial_period p
JOIN (VALUES ('Revenue', 117.6::double precision), ('NetIncome', 7.1::double precision)) AS v(concept, value) ON true
WHERE p.company_id = 'comfort-gloves' AND p.period_label = 'Q2 FY20'
ON CONFLICT (period_id, concept) DO UPDATE SET value = EXCLUDED.value, source_id = EXCLUDED.source_id;
INSERT INTO financial_period (company_id, period_label, period_type, fiscal_year, fiscal_quarter, currency, unit, report_date, source_id) VALUES ('comfort-gloves', 'Q3 FY20', 'quarter', 2020, 3, 'MYR', 'MYR millions', '2019-10-31', 'glove-tracker-comfort-gloves') ON CONFLICT (company_id, period_label) DO UPDATE SET period_type = EXCLUDED.period_type, fiscal_year = EXCLUDED.fiscal_year, fiscal_quarter = EXCLUDED.fiscal_quarter, currency = EXCLUDED.currency, unit = EXCLUDED.unit, report_date = EXCLUDED.report_date, source_id = EXCLUDED.source_id;
INSERT INTO financial_fact (period_id, concept, value, source_id)
SELECT p.id, v.concept, v.value, 'glove-tracker-comfort-gloves'
FROM financial_period p
JOIN (VALUES ('Revenue', 134.5::double precision), ('NetIncome', 7.4::double precision)) AS v(concept, value) ON true
WHERE p.company_id = 'comfort-gloves' AND p.period_label = 'Q3 FY20'
ON CONFLICT (period_id, concept) DO UPDATE SET value = EXCLUDED.value, source_id = EXCLUDED.source_id;
INSERT INTO financial_period (company_id, period_label, period_type, fiscal_year, fiscal_quarter, currency, unit, report_date, source_id) VALUES ('comfort-gloves', 'Q4 FY20', 'quarter', 2020, 4, 'MYR', 'MYR millions', '2020-01-31', 'glove-tracker-comfort-gloves') ON CONFLICT (company_id, period_label) DO UPDATE SET period_type = EXCLUDED.period_type, fiscal_year = EXCLUDED.fiscal_year, fiscal_quarter = EXCLUDED.fiscal_quarter, currency = EXCLUDED.currency, unit = EXCLUDED.unit, report_date = EXCLUDED.report_date, source_id = EXCLUDED.source_id;
INSERT INTO financial_fact (period_id, concept, value, source_id)
SELECT p.id, v.concept, v.value, 'glove-tracker-comfort-gloves'
FROM financial_period p
JOIN (VALUES ('Revenue', 138.6::double precision), ('NetIncome', 10.2::double precision)) AS v(concept, value) ON true
WHERE p.company_id = 'comfort-gloves' AND p.period_label = 'Q4 FY20'
ON CONFLICT (period_id, concept) DO UPDATE SET value = EXCLUDED.value, source_id = EXCLUDED.source_id;
INSERT INTO financial_period (company_id, period_label, period_type, fiscal_year, fiscal_quarter, currency, unit, report_date, source_id) VALUES ('comfort-gloves', 'Q1 FY21', 'quarter', 2021, 1, 'MYR', 'MYR millions', '2020-04-30', 'glove-tracker-comfort-gloves') ON CONFLICT (company_id, period_label) DO UPDATE SET period_type = EXCLUDED.period_type, fiscal_year = EXCLUDED.fiscal_year, fiscal_quarter = EXCLUDED.fiscal_quarter, currency = EXCLUDED.currency, unit = EXCLUDED.unit, report_date = EXCLUDED.report_date, source_id = EXCLUDED.source_id;
INSERT INTO financial_fact (period_id, concept, value, source_id)
SELECT p.id, v.concept, v.value, 'glove-tracker-comfort-gloves'
FROM financial_period p
JOIN (VALUES ('Revenue', 152.9::double precision), ('NetIncome', 16.3::double precision)) AS v(concept, value) ON true
WHERE p.company_id = 'comfort-gloves' AND p.period_label = 'Q1 FY21'
ON CONFLICT (period_id, concept) DO UPDATE SET value = EXCLUDED.value, source_id = EXCLUDED.source_id;
INSERT INTO financial_period (company_id, period_label, period_type, fiscal_year, fiscal_quarter, currency, unit, report_date, source_id) VALUES ('comfort-gloves', 'Q2 FY21', 'quarter', 2021, 2, 'MYR', 'MYR millions', '2020-07-31', 'glove-tracker-comfort-gloves') ON CONFLICT (company_id, period_label) DO UPDATE SET period_type = EXCLUDED.period_type, fiscal_year = EXCLUDED.fiscal_year, fiscal_quarter = EXCLUDED.fiscal_quarter, currency = EXCLUDED.currency, unit = EXCLUDED.unit, report_date = EXCLUDED.report_date, source_id = EXCLUDED.source_id;
INSERT INTO financial_fact (period_id, concept, value, source_id)
SELECT p.id, v.concept, v.value, 'glove-tracker-comfort-gloves'
FROM financial_period p
JOIN (VALUES ('Revenue', 198::double precision), ('NetIncome', 42.8::double precision)) AS v(concept, value) ON true
WHERE p.company_id = 'comfort-gloves' AND p.period_label = 'Q2 FY21'
ON CONFLICT (period_id, concept) DO UPDATE SET value = EXCLUDED.value, source_id = EXCLUDED.source_id;
INSERT INTO financial_period (company_id, period_label, period_type, fiscal_year, fiscal_quarter, currency, unit, report_date, source_id) VALUES ('comfort-gloves', 'Q3 FY21', 'quarter', 2021, 3, 'MYR', 'MYR millions', '2020-10-31', 'glove-tracker-comfort-gloves') ON CONFLICT (company_id, period_label) DO UPDATE SET period_type = EXCLUDED.period_type, fiscal_year = EXCLUDED.fiscal_year, fiscal_quarter = EXCLUDED.fiscal_quarter, currency = EXCLUDED.currency, unit = EXCLUDED.unit, report_date = EXCLUDED.report_date, source_id = EXCLUDED.source_id;
INSERT INTO financial_fact (period_id, concept, value, source_id)
SELECT p.id, v.concept, v.value, 'glove-tracker-comfort-gloves'
FROM financial_period p
JOIN (VALUES ('Revenue', 276.7::double precision), ('NetIncome', 90.3::double precision)) AS v(concept, value) ON true
WHERE p.company_id = 'comfort-gloves' AND p.period_label = 'Q3 FY21'
ON CONFLICT (period_id, concept) DO UPDATE SET value = EXCLUDED.value, source_id = EXCLUDED.source_id;
INSERT INTO financial_period (company_id, period_label, period_type, fiscal_year, fiscal_quarter, currency, unit, report_date, source_id) VALUES ('comfort-gloves', 'Q4 FY21', 'quarter', 2021, 4, 'MYR', 'MYR millions', '2021-01-31', 'glove-tracker-comfort-gloves') ON CONFLICT (company_id, period_label) DO UPDATE SET period_type = EXCLUDED.period_type, fiscal_year = EXCLUDED.fiscal_year, fiscal_quarter = EXCLUDED.fiscal_quarter, currency = EXCLUDED.currency, unit = EXCLUDED.unit, report_date = EXCLUDED.report_date, source_id = EXCLUDED.source_id;
INSERT INTO financial_fact (period_id, concept, value, source_id)
SELECT p.id, v.concept, v.value, 'glove-tracker-comfort-gloves'
FROM financial_period p
JOIN (VALUES ('Revenue', 318.9::double precision), ('NetIncome', 137.9::double precision)) AS v(concept, value) ON true
WHERE p.company_id = 'comfort-gloves' AND p.period_label = 'Q4 FY21'
ON CONFLICT (period_id, concept) DO UPDATE SET value = EXCLUDED.value, source_id = EXCLUDED.source_id;
INSERT INTO financial_period (company_id, period_label, period_type, fiscal_year, fiscal_quarter, currency, unit, report_date, source_id) VALUES ('comfort-gloves', 'Q1 FY22', 'quarter', 2022, 1, 'MYR', 'MYR millions', '2022-03-31', 'glove-tracker-comfort-gloves') ON CONFLICT (company_id, period_label) DO UPDATE SET period_type = EXCLUDED.period_type, fiscal_year = EXCLUDED.fiscal_year, fiscal_quarter = EXCLUDED.fiscal_quarter, currency = EXCLUDED.currency, unit = EXCLUDED.unit, report_date = EXCLUDED.report_date, source_id = EXCLUDED.source_id;
INSERT INTO financial_fact (period_id, concept, value, source_id)
SELECT p.id, v.concept, v.value, 'glove-tracker-comfort-gloves'
FROM financial_period p
JOIN (VALUES ('Revenue', 176.4::double precision), ('NetIncome', -10.1::double precision)) AS v(concept, value) ON true
WHERE p.company_id = 'comfort-gloves' AND p.period_label = 'Q1 FY22'
ON CONFLICT (period_id, concept) DO UPDATE SET value = EXCLUDED.value, source_id = EXCLUDED.source_id;
INSERT INTO financial_period (company_id, period_label, period_type, fiscal_year, fiscal_quarter, currency, unit, report_date, source_id) VALUES ('comfort-gloves', 'Q2 FY22', 'quarter', 2022, 2, 'MYR', 'MYR millions', '2022-06-30', 'glove-tracker-comfort-gloves') ON CONFLICT (company_id, period_label) DO UPDATE SET period_type = EXCLUDED.period_type, fiscal_year = EXCLUDED.fiscal_year, fiscal_quarter = EXCLUDED.fiscal_quarter, currency = EXCLUDED.currency, unit = EXCLUDED.unit, report_date = EXCLUDED.report_date, source_id = EXCLUDED.source_id;
INSERT INTO financial_fact (period_id, concept, value, source_id)
SELECT p.id, v.concept, v.value, 'glove-tracker-comfort-gloves'
FROM financial_period p
JOIN (VALUES ('Revenue', 199.8::double precision), ('NetIncome', 3.2::double precision)) AS v(concept, value) ON true
WHERE p.company_id = 'comfort-gloves' AND p.period_label = 'Q2 FY22'
ON CONFLICT (period_id, concept) DO UPDATE SET value = EXCLUDED.value, source_id = EXCLUDED.source_id;
INSERT INTO financial_period (company_id, period_label, period_type, fiscal_year, fiscal_quarter, currency, unit, report_date, source_id) VALUES ('comfort-gloves', 'Q3 FY22', 'quarter', 2022, 3, 'MYR', 'MYR millions', '2022-09-30', 'glove-tracker-comfort-gloves') ON CONFLICT (company_id, period_label) DO UPDATE SET period_type = EXCLUDED.period_type, fiscal_year = EXCLUDED.fiscal_year, fiscal_quarter = EXCLUDED.fiscal_quarter, currency = EXCLUDED.currency, unit = EXCLUDED.unit, report_date = EXCLUDED.report_date, source_id = EXCLUDED.source_id;
INSERT INTO financial_fact (period_id, concept, value, source_id)
SELECT p.id, v.concept, v.value, 'glove-tracker-comfort-gloves'
FROM financial_period p
JOIN (VALUES ('Revenue', 126.8::double precision), ('NetIncome', -17.8::double precision)) AS v(concept, value) ON true
WHERE p.company_id = 'comfort-gloves' AND p.period_label = 'Q3 FY22'
ON CONFLICT (period_id, concept) DO UPDATE SET value = EXCLUDED.value, source_id = EXCLUDED.source_id;
INSERT INTO financial_period (company_id, period_label, period_type, fiscal_year, fiscal_quarter, currency, unit, report_date, source_id) VALUES ('comfort-gloves', 'Q4 FY22', 'quarter', 2022, 4, 'MYR', 'MYR millions', '2022-12-31', 'glove-tracker-comfort-gloves') ON CONFLICT (company_id, period_label) DO UPDATE SET period_type = EXCLUDED.period_type, fiscal_year = EXCLUDED.fiscal_year, fiscal_quarter = EXCLUDED.fiscal_quarter, currency = EXCLUDED.currency, unit = EXCLUDED.unit, report_date = EXCLUDED.report_date, source_id = EXCLUDED.source_id;
INSERT INTO financial_fact (period_id, concept, value, source_id)
SELECT p.id, v.concept, v.value, 'glove-tracker-comfort-gloves'
FROM financial_period p
JOIN (VALUES ('Revenue', 103.7::double precision), ('NetIncome', -17.5::double precision)) AS v(concept, value) ON true
WHERE p.company_id = 'comfort-gloves' AND p.period_label = 'Q4 FY22'
ON CONFLICT (period_id, concept) DO UPDATE SET value = EXCLUDED.value, source_id = EXCLUDED.source_id;
INSERT INTO financial_period (company_id, period_label, period_type, fiscal_year, fiscal_quarter, currency, unit, report_date, source_id) VALUES ('comfort-gloves', 'Q1 FY23', 'quarter', 2023, 1, 'MYR', 'MYR millions', '2023-03-31', 'glove-tracker-comfort-gloves') ON CONFLICT (company_id, period_label) DO UPDATE SET period_type = EXCLUDED.period_type, fiscal_year = EXCLUDED.fiscal_year, fiscal_quarter = EXCLUDED.fiscal_quarter, currency = EXCLUDED.currency, unit = EXCLUDED.unit, report_date = EXCLUDED.report_date, source_id = EXCLUDED.source_id;
INSERT INTO financial_fact (period_id, concept, value, source_id)
SELECT p.id, v.concept, v.value, 'glove-tracker-comfort-gloves'
FROM financial_period p
JOIN (VALUES ('Revenue', 89.6::double precision), ('NetIncome', -29.1::double precision)) AS v(concept, value) ON true
WHERE p.company_id = 'comfort-gloves' AND p.period_label = 'Q1 FY23'
ON CONFLICT (period_id, concept) DO UPDATE SET value = EXCLUDED.value, source_id = EXCLUDED.source_id;
INSERT INTO financial_period (company_id, period_label, period_type, fiscal_year, fiscal_quarter, currency, unit, report_date, source_id) VALUES ('comfort-gloves', 'Q2 FY23', 'quarter', 2023, 2, 'MYR', 'MYR millions', '2023-06-30', 'glove-tracker-comfort-gloves') ON CONFLICT (company_id, period_label) DO UPDATE SET period_type = EXCLUDED.period_type, fiscal_year = EXCLUDED.fiscal_year, fiscal_quarter = EXCLUDED.fiscal_quarter, currency = EXCLUDED.currency, unit = EXCLUDED.unit, report_date = EXCLUDED.report_date, source_id = EXCLUDED.source_id;
INSERT INTO financial_fact (period_id, concept, value, source_id)
SELECT p.id, v.concept, v.value, 'glove-tracker-comfort-gloves'
FROM financial_period p
JOIN (VALUES ('Revenue', 90.2::double precision), ('NetIncome', -4.2::double precision)) AS v(concept, value) ON true
WHERE p.company_id = 'comfort-gloves' AND p.period_label = 'Q2 FY23'
ON CONFLICT (period_id, concept) DO UPDATE SET value = EXCLUDED.value, source_id = EXCLUDED.source_id;
INSERT INTO financial_period (company_id, period_label, period_type, fiscal_year, fiscal_quarter, currency, unit, report_date, source_id) VALUES ('comfort-gloves', 'Q3 FY23', 'quarter', 2023, 3, 'MYR', 'MYR millions', '2023-09-30', 'glove-tracker-comfort-gloves') ON CONFLICT (company_id, period_label) DO UPDATE SET period_type = EXCLUDED.period_type, fiscal_year = EXCLUDED.fiscal_year, fiscal_quarter = EXCLUDED.fiscal_quarter, currency = EXCLUDED.currency, unit = EXCLUDED.unit, report_date = EXCLUDED.report_date, source_id = EXCLUDED.source_id;
INSERT INTO financial_fact (period_id, concept, value, source_id)
SELECT p.id, v.concept, v.value, 'glove-tracker-comfort-gloves'
FROM financial_period p
JOIN (VALUES ('Revenue', 72.4::double precision), ('NetIncome', -7.9::double precision)) AS v(concept, value) ON true
WHERE p.company_id = 'comfort-gloves' AND p.period_label = 'Q3 FY23'
ON CONFLICT (period_id, concept) DO UPDATE SET value = EXCLUDED.value, source_id = EXCLUDED.source_id;
INSERT INTO financial_period (company_id, period_label, period_type, fiscal_year, fiscal_quarter, currency, unit, report_date, source_id) VALUES ('comfort-gloves', 'Q4 FY23', 'quarter', 2023, 4, 'MYR', 'MYR millions', '2023-12-31', 'glove-tracker-comfort-gloves') ON CONFLICT (company_id, period_label) DO UPDATE SET period_type = EXCLUDED.period_type, fiscal_year = EXCLUDED.fiscal_year, fiscal_quarter = EXCLUDED.fiscal_quarter, currency = EXCLUDED.currency, unit = EXCLUDED.unit, report_date = EXCLUDED.report_date, source_id = EXCLUDED.source_id;
INSERT INTO financial_fact (period_id, concept, value, source_id)
SELECT p.id, v.concept, v.value, 'glove-tracker-comfort-gloves'
FROM financial_period p
JOIN (VALUES ('Revenue', 73.6::double precision), ('NetIncome', 4.4::double precision)) AS v(concept, value) ON true
WHERE p.company_id = 'comfort-gloves' AND p.period_label = 'Q4 FY23'
ON CONFLICT (period_id, concept) DO UPDATE SET value = EXCLUDED.value, source_id = EXCLUDED.source_id;
INSERT INTO financial_period (company_id, period_label, period_type, fiscal_year, fiscal_quarter, currency, unit, report_date, source_id) VALUES ('comfort-gloves', 'Q1 FY24', 'quarter', 2024, 1, 'MYR', 'MYR millions', '2024-03-31', 'glove-tracker-comfort-gloves') ON CONFLICT (company_id, period_label) DO UPDATE SET period_type = EXCLUDED.period_type, fiscal_year = EXCLUDED.fiscal_year, fiscal_quarter = EXCLUDED.fiscal_quarter, currency = EXCLUDED.currency, unit = EXCLUDED.unit, report_date = EXCLUDED.report_date, source_id = EXCLUDED.source_id;
INSERT INTO financial_fact (period_id, concept, value, source_id)
SELECT p.id, v.concept, v.value, 'glove-tracker-comfort-gloves'
FROM financial_period p
JOIN (VALUES ('Revenue', 67.205::double precision), ('OperatingIncome', -13.214::double precision), ('NetIncome', -10.627::double precision)) AS v(concept, value) ON true
WHERE p.company_id = 'comfort-gloves' AND p.period_label = 'Q1 FY24'
ON CONFLICT (period_id, concept) DO UPDATE SET value = EXCLUDED.value, source_id = EXCLUDED.source_id;
INSERT INTO financial_period (company_id, period_label, period_type, fiscal_year, fiscal_quarter, currency, unit, report_date, source_id) VALUES ('comfort-gloves', 'Q2 FY24', 'quarter', 2024, 2, 'MYR', 'MYR millions', '2024-06-30', 'glove-tracker-comfort-gloves') ON CONFLICT (company_id, period_label) DO UPDATE SET period_type = EXCLUDED.period_type, fiscal_year = EXCLUDED.fiscal_year, fiscal_quarter = EXCLUDED.fiscal_quarter, currency = EXCLUDED.currency, unit = EXCLUDED.unit, report_date = EXCLUDED.report_date, source_id = EXCLUDED.source_id;
INSERT INTO financial_fact (period_id, concept, value, source_id)
SELECT p.id, v.concept, v.value, 'glove-tracker-comfort-gloves'
FROM financial_period p
JOIN (VALUES ('Revenue', 76.569::double precision), ('OperatingIncome', -9.505::double precision), ('NetIncome', -6.628::double precision)) AS v(concept, value) ON true
WHERE p.company_id = 'comfort-gloves' AND p.period_label = 'Q2 FY24'
ON CONFLICT (period_id, concept) DO UPDATE SET value = EXCLUDED.value, source_id = EXCLUDED.source_id;
INSERT INTO financial_period (company_id, period_label, period_type, fiscal_year, fiscal_quarter, currency, unit, report_date, source_id) VALUES ('comfort-gloves', 'Q3 FY24', 'quarter', 2024, 3, 'MYR', 'MYR millions', '2024-09-30', 'glove-tracker-comfort-gloves') ON CONFLICT (company_id, period_label) DO UPDATE SET period_type = EXCLUDED.period_type, fiscal_year = EXCLUDED.fiscal_year, fiscal_quarter = EXCLUDED.fiscal_quarter, currency = EXCLUDED.currency, unit = EXCLUDED.unit, report_date = EXCLUDED.report_date, source_id = EXCLUDED.source_id;
INSERT INTO financial_fact (period_id, concept, value, source_id)
SELECT p.id, v.concept, v.value, 'glove-tracker-comfort-gloves'
FROM financial_period p
JOIN (VALUES ('Revenue', 105.485::double precision), ('OperatingIncome', -25.608::double precision), ('NetIncome', -26.32::double precision)) AS v(concept, value) ON true
WHERE p.company_id = 'comfort-gloves' AND p.period_label = 'Q3 FY24'
ON CONFLICT (period_id, concept) DO UPDATE SET value = EXCLUDED.value, source_id = EXCLUDED.source_id;
INSERT INTO financial_period (company_id, period_label, period_type, fiscal_year, fiscal_quarter, currency, unit, report_date, source_id) VALUES ('comfort-gloves', 'Q4 FY24', 'quarter', 2024, 4, 'MYR', 'MYR millions', '2024-12-31', 'glove-tracker-comfort-gloves') ON CONFLICT (company_id, period_label) DO UPDATE SET period_type = EXCLUDED.period_type, fiscal_year = EXCLUDED.fiscal_year, fiscal_quarter = EXCLUDED.fiscal_quarter, currency = EXCLUDED.currency, unit = EXCLUDED.unit, report_date = EXCLUDED.report_date, source_id = EXCLUDED.source_id;
INSERT INTO financial_fact (period_id, concept, value, source_id)
SELECT p.id, v.concept, v.value, 'glove-tracker-comfort-gloves'
FROM financial_period p
JOIN (VALUES ('Revenue', 97.497::double precision), ('OperatingIncome', -13.544::double precision), ('NetIncome', -12.315::double precision)) AS v(concept, value) ON true
WHERE p.company_id = 'comfort-gloves' AND p.period_label = 'Q4 FY24'
ON CONFLICT (period_id, concept) DO UPDATE SET value = EXCLUDED.value, source_id = EXCLUDED.source_id;
INSERT INTO financial_period (company_id, period_label, period_type, fiscal_year, fiscal_quarter, currency, unit, report_date, source_id) VALUES ('comfort-gloves', 'Q1 FY25', 'quarter', 2025, 1, 'MYR', 'MYR millions', '2025-03-31', 'glove-tracker-comfort-gloves') ON CONFLICT (company_id, period_label) DO UPDATE SET period_type = EXCLUDED.period_type, fiscal_year = EXCLUDED.fiscal_year, fiscal_quarter = EXCLUDED.fiscal_quarter, currency = EXCLUDED.currency, unit = EXCLUDED.unit, report_date = EXCLUDED.report_date, source_id = EXCLUDED.source_id;
INSERT INTO financial_fact (period_id, concept, value, source_id)
SELECT p.id, v.concept, v.value, 'glove-tracker-comfort-gloves'
FROM financial_period p
JOIN (VALUES ('Revenue', 106.614::double precision), ('OperatingIncome', -9.931::double precision), ('NetIncome', -10.617::double precision)) AS v(concept, value) ON true
WHERE p.company_id = 'comfort-gloves' AND p.period_label = 'Q1 FY25'
ON CONFLICT (period_id, concept) DO UPDATE SET value = EXCLUDED.value, source_id = EXCLUDED.source_id;
INSERT INTO financial_period (company_id, period_label, period_type, fiscal_year, fiscal_quarter, currency, unit, report_date, source_id) VALUES ('comfort-gloves', 'Q2 FY25', 'quarter', 2025, 2, 'MYR', 'MYR millions', '2025-06-30', 'glove-tracker-comfort-gloves') ON CONFLICT (company_id, period_label) DO UPDATE SET period_type = EXCLUDED.period_type, fiscal_year = EXCLUDED.fiscal_year, fiscal_quarter = EXCLUDED.fiscal_quarter, currency = EXCLUDED.currency, unit = EXCLUDED.unit, report_date = EXCLUDED.report_date, source_id = EXCLUDED.source_id;
INSERT INTO financial_fact (period_id, concept, value, source_id)
SELECT p.id, v.concept, v.value, 'glove-tracker-comfort-gloves'
FROM financial_period p
JOIN (VALUES ('Revenue', 80.362::double precision), ('OperatingIncome', -54.765::double precision), ('NetIncome', -54.838::double precision)) AS v(concept, value) ON true
WHERE p.company_id = 'comfort-gloves' AND p.period_label = 'Q2 FY25'
ON CONFLICT (period_id, concept) DO UPDATE SET value = EXCLUDED.value, source_id = EXCLUDED.source_id;
INSERT INTO financial_period (company_id, period_label, period_type, fiscal_year, fiscal_quarter, currency, unit, report_date, source_id) VALUES ('comfort-gloves', 'Q3 FY25', 'quarter', 2025, 3, 'MYR', 'MYR millions', '2025-09-30', 'glove-tracker-comfort-gloves') ON CONFLICT (company_id, period_label) DO UPDATE SET period_type = EXCLUDED.period_type, fiscal_year = EXCLUDED.fiscal_year, fiscal_quarter = EXCLUDED.fiscal_quarter, currency = EXCLUDED.currency, unit = EXCLUDED.unit, report_date = EXCLUDED.report_date, source_id = EXCLUDED.source_id;
INSERT INTO financial_fact (period_id, concept, value, source_id)
SELECT p.id, v.concept, v.value, 'glove-tracker-comfort-gloves'
FROM financial_period p
JOIN (VALUES ('Revenue', 76.076::double precision), ('OperatingIncome', -20.916::double precision), ('NetIncome', -21.223::double precision)) AS v(concept, value) ON true
WHERE p.company_id = 'comfort-gloves' AND p.period_label = 'Q3 FY25'
ON CONFLICT (period_id, concept) DO UPDATE SET value = EXCLUDED.value, source_id = EXCLUDED.source_id;
INSERT INTO financial_period (company_id, period_label, period_type, fiscal_year, fiscal_quarter, currency, unit, report_date, source_id) VALUES ('comfort-gloves', 'Q4 FY25', 'quarter', 2025, 4, 'MYR', 'MYR millions', '2025-12-31', 'glove-tracker-comfort-gloves') ON CONFLICT (company_id, period_label) DO UPDATE SET period_type = EXCLUDED.period_type, fiscal_year = EXCLUDED.fiscal_year, fiscal_quarter = EXCLUDED.fiscal_quarter, currency = EXCLUDED.currency, unit = EXCLUDED.unit, report_date = EXCLUDED.report_date, source_id = EXCLUDED.source_id;
INSERT INTO financial_fact (period_id, concept, value, source_id)
SELECT p.id, v.concept, v.value, 'glove-tracker-comfort-gloves'
FROM financial_period p
JOIN (VALUES ('Revenue', 70.537::double precision), ('OperatingIncome', -56.581::double precision), ('NetIncome', -56.174::double precision)) AS v(concept, value) ON true
WHERE p.company_id = 'comfort-gloves' AND p.period_label = 'Q4 FY25'
ON CONFLICT (period_id, concept) DO UPDATE SET value = EXCLUDED.value, source_id = EXCLUDED.source_id;
INSERT INTO financial_period (company_id, period_label, period_type, fiscal_year, fiscal_quarter, currency, unit, report_date, source_id) VALUES ('comfort-gloves', 'FY04', 'annual', 2004, NULL, 'MYR', 'MYR millions', '2004-04-30', 'glove-tracker-comfort-gloves') ON CONFLICT (company_id, period_label) DO UPDATE SET period_type = EXCLUDED.period_type, fiscal_year = EXCLUDED.fiscal_year, fiscal_quarter = EXCLUDED.fiscal_quarter, currency = EXCLUDED.currency, unit = EXCLUDED.unit, report_date = EXCLUDED.report_date, source_id = EXCLUDED.source_id;
INSERT INTO financial_fact (period_id, concept, value, source_id)
SELECT p.id, v.concept, v.value, 'glove-tracker-comfort-gloves'
FROM financial_period p
JOIN (VALUES ('Revenue', 0::double precision), ('NetIncome', -1.515::double precision)) AS v(concept, value) ON true
WHERE p.company_id = 'comfort-gloves' AND p.period_label = 'FY04'
ON CONFLICT (period_id, concept) DO UPDATE SET value = EXCLUDED.value, source_id = EXCLUDED.source_id;
INSERT INTO financial_period (company_id, period_label, period_type, fiscal_year, fiscal_quarter, currency, unit, report_date, source_id) VALUES ('comfort-gloves', 'FY06', 'annual', 2006, NULL, 'MYR', 'MYR millions', '2006-01-31', 'glove-tracker-comfort-gloves') ON CONFLICT (company_id, period_label) DO UPDATE SET period_type = EXCLUDED.period_type, fiscal_year = EXCLUDED.fiscal_year, fiscal_quarter = EXCLUDED.fiscal_quarter, currency = EXCLUDED.currency, unit = EXCLUDED.unit, report_date = EXCLUDED.report_date, source_id = EXCLUDED.source_id;
INSERT INTO financial_fact (period_id, concept, value, source_id)
SELECT p.id, v.concept, v.value, 'glove-tracker-comfort-gloves'
FROM financial_period p
JOIN (VALUES ('Revenue', 91.3::double precision), ('NetIncome', 0.139::double precision)) AS v(concept, value) ON true
WHERE p.company_id = 'comfort-gloves' AND p.period_label = 'FY06'
ON CONFLICT (period_id, concept) DO UPDATE SET value = EXCLUDED.value, source_id = EXCLUDED.source_id;
INSERT INTO financial_period (company_id, period_label, period_type, fiscal_year, fiscal_quarter, currency, unit, report_date, source_id) VALUES ('comfort-gloves', 'FY07', 'annual', 2007, NULL, 'MYR', 'MYR millions', '2007-01-31', 'glove-tracker-comfort-gloves') ON CONFLICT (company_id, period_label) DO UPDATE SET period_type = EXCLUDED.period_type, fiscal_year = EXCLUDED.fiscal_year, fiscal_quarter = EXCLUDED.fiscal_quarter, currency = EXCLUDED.currency, unit = EXCLUDED.unit, report_date = EXCLUDED.report_date, source_id = EXCLUDED.source_id;
INSERT INTO financial_fact (period_id, concept, value, source_id)
SELECT p.id, v.concept, v.value, 'glove-tracker-comfort-gloves'
FROM financial_period p
JOIN (VALUES ('Revenue', 105::double precision), ('NetIncome', -5.665::double precision)) AS v(concept, value) ON true
WHERE p.company_id = 'comfort-gloves' AND p.period_label = 'FY07'
ON CONFLICT (period_id, concept) DO UPDATE SET value = EXCLUDED.value, source_id = EXCLUDED.source_id;
INSERT INTO financial_period (company_id, period_label, period_type, fiscal_year, fiscal_quarter, currency, unit, report_date, source_id) VALUES ('comfort-gloves', 'FY08', 'annual', 2008, NULL, 'MYR', 'MYR millions', '2008-01-31', 'glove-tracker-comfort-gloves') ON CONFLICT (company_id, period_label) DO UPDATE SET period_type = EXCLUDED.period_type, fiscal_year = EXCLUDED.fiscal_year, fiscal_quarter = EXCLUDED.fiscal_quarter, currency = EXCLUDED.currency, unit = EXCLUDED.unit, report_date = EXCLUDED.report_date, source_id = EXCLUDED.source_id;
INSERT INTO financial_fact (period_id, concept, value, source_id)
SELECT p.id, v.concept, v.value, 'glove-tracker-comfort-gloves'
FROM financial_period p
JOIN (VALUES ('Revenue', 101.3::double precision), ('NetIncome', -16.314::double precision)) AS v(concept, value) ON true
WHERE p.company_id = 'comfort-gloves' AND p.period_label = 'FY08'
ON CONFLICT (period_id, concept) DO UPDATE SET value = EXCLUDED.value, source_id = EXCLUDED.source_id;
INSERT INTO financial_period (company_id, period_label, period_type, fiscal_year, fiscal_quarter, currency, unit, report_date, source_id) VALUES ('comfort-gloves', 'FY09', 'annual', 2009, NULL, 'MYR', 'MYR millions', '2009-01-31', 'glove-tracker-comfort-gloves') ON CONFLICT (company_id, period_label) DO UPDATE SET period_type = EXCLUDED.period_type, fiscal_year = EXCLUDED.fiscal_year, fiscal_quarter = EXCLUDED.fiscal_quarter, currency = EXCLUDED.currency, unit = EXCLUDED.unit, report_date = EXCLUDED.report_date, source_id = EXCLUDED.source_id;
INSERT INTO financial_fact (period_id, concept, value, source_id)
SELECT p.id, v.concept, v.value, 'glove-tracker-comfort-gloves'
FROM financial_period p
JOIN (VALUES ('Revenue', 136.5::double precision), ('NetIncome', -5.246::double precision)) AS v(concept, value) ON true
WHERE p.company_id = 'comfort-gloves' AND p.period_label = 'FY09'
ON CONFLICT (period_id, concept) DO UPDATE SET value = EXCLUDED.value, source_id = EXCLUDED.source_id;
INSERT INTO financial_period (company_id, period_label, period_type, fiscal_year, fiscal_quarter, currency, unit, report_date, source_id) VALUES ('comfort-gloves', 'FY10', 'annual', 2010, NULL, 'MYR', 'MYR millions', '2010-01-31', 'glove-tracker-comfort-gloves') ON CONFLICT (company_id, period_label) DO UPDATE SET period_type = EXCLUDED.period_type, fiscal_year = EXCLUDED.fiscal_year, fiscal_quarter = EXCLUDED.fiscal_quarter, currency = EXCLUDED.currency, unit = EXCLUDED.unit, report_date = EXCLUDED.report_date, source_id = EXCLUDED.source_id;
INSERT INTO financial_fact (period_id, concept, value, source_id)
SELECT p.id, v.concept, v.value, 'glove-tracker-comfort-gloves'
FROM financial_period p
JOIN (VALUES ('Revenue', 147::double precision), ('NetIncome', 5.258::double precision)) AS v(concept, value) ON true
WHERE p.company_id = 'comfort-gloves' AND p.period_label = 'FY10'
ON CONFLICT (period_id, concept) DO UPDATE SET value = EXCLUDED.value, source_id = EXCLUDED.source_id;
INSERT INTO financial_period (company_id, period_label, period_type, fiscal_year, fiscal_quarter, currency, unit, report_date, source_id) VALUES ('comfort-gloves', 'FY11', 'annual', 2011, NULL, 'MYR', 'MYR millions', '2011-01-31', 'glove-tracker-comfort-gloves') ON CONFLICT (company_id, period_label) DO UPDATE SET period_type = EXCLUDED.period_type, fiscal_year = EXCLUDED.fiscal_year, fiscal_quarter = EXCLUDED.fiscal_quarter, currency = EXCLUDED.currency, unit = EXCLUDED.unit, report_date = EXCLUDED.report_date, source_id = EXCLUDED.source_id;
INSERT INTO financial_fact (period_id, concept, value, source_id)
SELECT p.id, v.concept, v.value, 'glove-tracker-comfort-gloves'
FROM financial_period p
JOIN (VALUES ('Revenue', 140::double precision), ('NetIncome', -37.912::double precision)) AS v(concept, value) ON true
WHERE p.company_id = 'comfort-gloves' AND p.period_label = 'FY11'
ON CONFLICT (period_id, concept) DO UPDATE SET value = EXCLUDED.value, source_id = EXCLUDED.source_id;
INSERT INTO financial_period (company_id, period_label, period_type, fiscal_year, fiscal_quarter, currency, unit, report_date, source_id) VALUES ('comfort-gloves', 'FY12', 'annual', 2012, NULL, 'MYR', 'MYR millions', '2012-01-31', 'glove-tracker-comfort-gloves') ON CONFLICT (company_id, period_label) DO UPDATE SET period_type = EXCLUDED.period_type, fiscal_year = EXCLUDED.fiscal_year, fiscal_quarter = EXCLUDED.fiscal_quarter, currency = EXCLUDED.currency, unit = EXCLUDED.unit, report_date = EXCLUDED.report_date, source_id = EXCLUDED.source_id;
INSERT INTO financial_fact (period_id, concept, value, source_id)
SELECT p.id, v.concept, v.value, 'glove-tracker-comfort-gloves'
FROM financial_period p
JOIN (VALUES ('Revenue', 117.7::double precision), ('NetIncome', -21.3::double precision)) AS v(concept, value) ON true
WHERE p.company_id = 'comfort-gloves' AND p.period_label = 'FY12'
ON CONFLICT (period_id, concept) DO UPDATE SET value = EXCLUDED.value, source_id = EXCLUDED.source_id;
INSERT INTO financial_period (company_id, period_label, period_type, fiscal_year, fiscal_quarter, currency, unit, report_date, source_id) VALUES ('comfort-gloves', 'FY13', 'annual', 2013, NULL, 'MYR', 'MYR millions', '2013-01-31', 'glove-tracker-comfort-gloves') ON CONFLICT (company_id, period_label) DO UPDATE SET period_type = EXCLUDED.period_type, fiscal_year = EXCLUDED.fiscal_year, fiscal_quarter = EXCLUDED.fiscal_quarter, currency = EXCLUDED.currency, unit = EXCLUDED.unit, report_date = EXCLUDED.report_date, source_id = EXCLUDED.source_id;
INSERT INTO financial_fact (period_id, concept, value, source_id)
SELECT p.id, v.concept, v.value, 'glove-tracker-comfort-gloves'
FROM financial_period p
JOIN (VALUES ('Revenue', 125.5::double precision), ('NetIncome', -38.6::double precision)) AS v(concept, value) ON true
WHERE p.company_id = 'comfort-gloves' AND p.period_label = 'FY13'
ON CONFLICT (period_id, concept) DO UPDATE SET value = EXCLUDED.value, source_id = EXCLUDED.source_id;
INSERT INTO financial_period (company_id, period_label, period_type, fiscal_year, fiscal_quarter, currency, unit, report_date, source_id) VALUES ('comfort-gloves', 'FY14', 'annual', 2014, NULL, 'MYR', 'MYR millions', '2014-01-31', 'glove-tracker-comfort-gloves') ON CONFLICT (company_id, period_label) DO UPDATE SET period_type = EXCLUDED.period_type, fiscal_year = EXCLUDED.fiscal_year, fiscal_quarter = EXCLUDED.fiscal_quarter, currency = EXCLUDED.currency, unit = EXCLUDED.unit, report_date = EXCLUDED.report_date, source_id = EXCLUDED.source_id;
INSERT INTO financial_fact (period_id, concept, value, source_id)
SELECT p.id, v.concept, v.value, 'glove-tracker-comfort-gloves'
FROM financial_period p
JOIN (VALUES ('Revenue', 134.7::double precision), ('NetIncome', -19.6::double precision)) AS v(concept, value) ON true
WHERE p.company_id = 'comfort-gloves' AND p.period_label = 'FY14'
ON CONFLICT (period_id, concept) DO UPDATE SET value = EXCLUDED.value, source_id = EXCLUDED.source_id;
INSERT INTO financial_period (company_id, period_label, period_type, fiscal_year, fiscal_quarter, currency, unit, report_date, source_id) VALUES ('comfort-gloves', 'FY15', 'annual', 2015, NULL, 'MYR', 'MYR millions', '2015-01-31', 'glove-tracker-comfort-gloves') ON CONFLICT (company_id, period_label) DO UPDATE SET period_type = EXCLUDED.period_type, fiscal_year = EXCLUDED.fiscal_year, fiscal_quarter = EXCLUDED.fiscal_quarter, currency = EXCLUDED.currency, unit = EXCLUDED.unit, report_date = EXCLUDED.report_date, source_id = EXCLUDED.source_id;
INSERT INTO financial_fact (period_id, concept, value, source_id)
SELECT p.id, v.concept, v.value, 'glove-tracker-comfort-gloves'
FROM financial_period p
JOIN (VALUES ('Revenue', 155.2::double precision), ('NetIncome', 4.288::double precision)) AS v(concept, value) ON true
WHERE p.company_id = 'comfort-gloves' AND p.period_label = 'FY15'
ON CONFLICT (period_id, concept) DO UPDATE SET value = EXCLUDED.value, source_id = EXCLUDED.source_id;
INSERT INTO financial_period (company_id, period_label, period_type, fiscal_year, fiscal_quarter, currency, unit, report_date, source_id) VALUES ('comfort-gloves', 'FY16', 'annual', 2016, NULL, 'MYR', 'MYR millions', '2016-01-31', 'glove-tracker-comfort-gloves') ON CONFLICT (company_id, period_label) DO UPDATE SET period_type = EXCLUDED.period_type, fiscal_year = EXCLUDED.fiscal_year, fiscal_quarter = EXCLUDED.fiscal_quarter, currency = EXCLUDED.currency, unit = EXCLUDED.unit, report_date = EXCLUDED.report_date, source_id = EXCLUDED.source_id;
INSERT INTO financial_fact (period_id, concept, value, source_id)
SELECT p.id, v.concept, v.value, 'glove-tracker-comfort-gloves'
FROM financial_period p
JOIN (VALUES ('Revenue', 229.8::double precision), ('NetIncome', 23.5::double precision)) AS v(concept, value) ON true
WHERE p.company_id = 'comfort-gloves' AND p.period_label = 'FY16'
ON CONFLICT (period_id, concept) DO UPDATE SET value = EXCLUDED.value, source_id = EXCLUDED.source_id;
INSERT INTO financial_period (company_id, period_label, period_type, fiscal_year, fiscal_quarter, currency, unit, report_date, source_id) VALUES ('comfort-gloves', 'FY17', 'annual', 2017, NULL, 'MYR', 'MYR millions', '2017-01-31', 'glove-tracker-comfort-gloves') ON CONFLICT (company_id, period_label) DO UPDATE SET period_type = EXCLUDED.period_type, fiscal_year = EXCLUDED.fiscal_year, fiscal_quarter = EXCLUDED.fiscal_quarter, currency = EXCLUDED.currency, unit = EXCLUDED.unit, report_date = EXCLUDED.report_date, source_id = EXCLUDED.source_id;
INSERT INTO financial_fact (period_id, concept, value, source_id)
SELECT p.id, v.concept, v.value, 'glove-tracker-comfort-gloves'
FROM financial_period p
JOIN (VALUES ('Revenue', 262.9::double precision), ('NetIncome', 25.9::double precision)) AS v(concept, value) ON true
WHERE p.company_id = 'comfort-gloves' AND p.period_label = 'FY17'
ON CONFLICT (period_id, concept) DO UPDATE SET value = EXCLUDED.value, source_id = EXCLUDED.source_id;
INSERT INTO financial_period (company_id, period_label, period_type, fiscal_year, fiscal_quarter, currency, unit, report_date, source_id) VALUES ('comfort-gloves', 'FY18', 'annual', 2018, NULL, 'MYR', 'MYR millions', '2018-01-31', 'glove-tracker-comfort-gloves') ON CONFLICT (company_id, period_label) DO UPDATE SET period_type = EXCLUDED.period_type, fiscal_year = EXCLUDED.fiscal_year, fiscal_quarter = EXCLUDED.fiscal_quarter, currency = EXCLUDED.currency, unit = EXCLUDED.unit, report_date = EXCLUDED.report_date, source_id = EXCLUDED.source_id;
INSERT INTO financial_fact (period_id, concept, value, source_id)
SELECT p.id, v.concept, v.value, 'glove-tracker-comfort-gloves'
FROM financial_period p
JOIN (VALUES ('Revenue', 421.2::double precision), ('NetIncome', 35.9::double precision)) AS v(concept, value) ON true
WHERE p.company_id = 'comfort-gloves' AND p.period_label = 'FY18'
ON CONFLICT (period_id, concept) DO UPDATE SET value = EXCLUDED.value, source_id = EXCLUDED.source_id;
INSERT INTO financial_period (company_id, period_label, period_type, fiscal_year, fiscal_quarter, currency, unit, report_date, source_id) VALUES ('comfort-gloves', 'FY19', 'annual', 2019, NULL, 'MYR', 'MYR millions', '2019-01-31', 'glove-tracker-comfort-gloves') ON CONFLICT (company_id, period_label) DO UPDATE SET period_type = EXCLUDED.period_type, fiscal_year = EXCLUDED.fiscal_year, fiscal_quarter = EXCLUDED.fiscal_quarter, currency = EXCLUDED.currency, unit = EXCLUDED.unit, report_date = EXCLUDED.report_date, source_id = EXCLUDED.source_id;
INSERT INTO financial_fact (period_id, concept, value, source_id)
SELECT p.id, v.concept, v.value, 'glove-tracker-comfort-gloves'
FROM financial_period p
JOIN (VALUES ('Revenue', 474::double precision), ('NetIncome', 27.9::double precision)) AS v(concept, value) ON true
WHERE p.company_id = 'comfort-gloves' AND p.period_label = 'FY19'
ON CONFLICT (period_id, concept) DO UPDATE SET value = EXCLUDED.value, source_id = EXCLUDED.source_id;
INSERT INTO financial_period (company_id, period_label, period_type, fiscal_year, fiscal_quarter, currency, unit, report_date, source_id) VALUES ('comfort-gloves', 'FY20', 'annual', 2020, NULL, 'MYR', 'MYR millions', '2020-01-31', 'glove-tracker-comfort-gloves') ON CONFLICT (company_id, period_label) DO UPDATE SET period_type = EXCLUDED.period_type, fiscal_year = EXCLUDED.fiscal_year, fiscal_quarter = EXCLUDED.fiscal_quarter, currency = EXCLUDED.currency, unit = EXCLUDED.unit, report_date = EXCLUDED.report_date, source_id = EXCLUDED.source_id;
INSERT INTO financial_fact (period_id, concept, value, source_id)
SELECT p.id, v.concept, v.value, 'glove-tracker-comfort-gloves'
FROM financial_period p
JOIN (VALUES ('Revenue', 510.7::double precision), ('NetIncome', 33.1::double precision)) AS v(concept, value) ON true
WHERE p.company_id = 'comfort-gloves' AND p.period_label = 'FY20'
ON CONFLICT (period_id, concept) DO UPDATE SET value = EXCLUDED.value, source_id = EXCLUDED.source_id;
INSERT INTO financial_period (company_id, period_label, period_type, fiscal_year, fiscal_quarter, currency, unit, report_date, source_id) VALUES ('comfort-gloves', 'FY21', 'annual', 2021, NULL, 'MYR', 'MYR millions', '2021-01-31', 'glove-tracker-comfort-gloves') ON CONFLICT (company_id, period_label) DO UPDATE SET period_type = EXCLUDED.period_type, fiscal_year = EXCLUDED.fiscal_year, fiscal_quarter = EXCLUDED.fiscal_quarter, currency = EXCLUDED.currency, unit = EXCLUDED.unit, report_date = EXCLUDED.report_date, source_id = EXCLUDED.source_id;
INSERT INTO financial_fact (period_id, concept, value, source_id)
SELECT p.id, v.concept, v.value, 'glove-tracker-comfort-gloves'
FROM financial_period p
JOIN (VALUES ('Revenue', 946.5::double precision), ('NetIncome', 287.3::double precision)) AS v(concept, value) ON true
WHERE p.company_id = 'comfort-gloves' AND p.period_label = 'FY21'
ON CONFLICT (period_id, concept) DO UPDATE SET value = EXCLUDED.value, source_id = EXCLUDED.source_id;
INSERT INTO financial_period (company_id, period_label, period_type, fiscal_year, fiscal_quarter, currency, unit, report_date, source_id) VALUES ('comfort-gloves', 'FY22', 'annual', 2022, NULL, 'MYR', 'MYR millions', '2022-12-31', 'glove-tracker-comfort-gloves') ON CONFLICT (company_id, period_label) DO UPDATE SET period_type = EXCLUDED.period_type, fiscal_year = EXCLUDED.fiscal_year, fiscal_quarter = EXCLUDED.fiscal_quarter, currency = EXCLUDED.currency, unit = EXCLUDED.unit, report_date = EXCLUDED.report_date, source_id = EXCLUDED.source_id;
INSERT INTO financial_fact (period_id, concept, value, source_id)
SELECT p.id, v.concept, v.value, 'glove-tracker-comfort-gloves'
FROM financial_period p
JOIN (VALUES ('Revenue', 606.7::double precision), ('NetIncome', -42.2::double precision)) AS v(concept, value) ON true
WHERE p.company_id = 'comfort-gloves' AND p.period_label = 'FY22'
ON CONFLICT (period_id, concept) DO UPDATE SET value = EXCLUDED.value, source_id = EXCLUDED.source_id;
INSERT INTO financial_period (company_id, period_label, period_type, fiscal_year, fiscal_quarter, currency, unit, report_date, source_id) VALUES ('comfort-gloves', 'FY23', 'annual', 2023, NULL, 'MYR', 'MYR millions', '2023-12-31', 'glove-tracker-comfort-gloves') ON CONFLICT (company_id, period_label) DO UPDATE SET period_type = EXCLUDED.period_type, fiscal_year = EXCLUDED.fiscal_year, fiscal_quarter = EXCLUDED.fiscal_quarter, currency = EXCLUDED.currency, unit = EXCLUDED.unit, report_date = EXCLUDED.report_date, source_id = EXCLUDED.source_id;
INSERT INTO financial_fact (period_id, concept, value, source_id)
SELECT p.id, v.concept, v.value, 'glove-tracker-comfort-gloves'
FROM financial_period p
JOIN (VALUES ('Revenue', 325.8::double precision), ('NetIncome', -36.8::double precision)) AS v(concept, value) ON true
WHERE p.company_id = 'comfort-gloves' AND p.period_label = 'FY23'
ON CONFLICT (period_id, concept) DO UPDATE SET value = EXCLUDED.value, source_id = EXCLUDED.source_id;
INSERT INTO financial_period (company_id, period_label, period_type, fiscal_year, fiscal_quarter, currency, unit, report_date, source_id) VALUES ('comfort-gloves', 'FY24', 'annual', 2024, NULL, 'MYR', 'MYR millions', '2024-12-31', 'glove-tracker-comfort-gloves') ON CONFLICT (company_id, period_label) DO UPDATE SET period_type = EXCLUDED.period_type, fiscal_year = EXCLUDED.fiscal_year, fiscal_quarter = EXCLUDED.fiscal_quarter, currency = EXCLUDED.currency, unit = EXCLUDED.unit, report_date = EXCLUDED.report_date, source_id = EXCLUDED.source_id;
INSERT INTO financial_fact (period_id, concept, value, source_id)
SELECT p.id, v.concept, v.value, 'glove-tracker-comfort-gloves'
FROM financial_period p
JOIN (VALUES ('Revenue', 346.756::double precision), ('OperatingIncome', -61.871::double precision), ('NetIncome', -55.89::double precision)) AS v(concept, value) ON true
WHERE p.company_id = 'comfort-gloves' AND p.period_label = 'FY24'
ON CONFLICT (period_id, concept) DO UPDATE SET value = EXCLUDED.value, source_id = EXCLUDED.source_id;
INSERT INTO financial_period (company_id, period_label, period_type, fiscal_year, fiscal_quarter, currency, unit, report_date, source_id) VALUES ('comfort-gloves', 'FY25', 'annual', 2025, NULL, 'MYR', 'MYR millions', '2025-12-31', 'glove-tracker-comfort-gloves') ON CONFLICT (company_id, period_label) DO UPDATE SET period_type = EXCLUDED.period_type, fiscal_year = EXCLUDED.fiscal_year, fiscal_quarter = EXCLUDED.fiscal_quarter, currency = EXCLUDED.currency, unit = EXCLUDED.unit, report_date = EXCLUDED.report_date, source_id = EXCLUDED.source_id;
INSERT INTO financial_fact (period_id, concept, value, source_id)
SELECT p.id, v.concept, v.value, 'glove-tracker-comfort-gloves'
FROM financial_period p
JOIN (VALUES ('Revenue', 333.589::double precision), ('OperatingIncome', -142.193::double precision), ('NetIncome', -142.852::double precision)) AS v(concept, value) ON true
WHERE p.company_id = 'comfort-gloves' AND p.period_label = 'FY25'
ON CONFLICT (period_id, concept) DO UPDATE SET value = EXCLUDED.value, source_id = EXCLUDED.source_id;
INSERT INTO source (id, kind, name, url, retrieved_at, note) VALUES ('glove-tracker-hextar-healthcare', 'glove-tracker', 'glove-tracker import — Hextar Healthcare Bursa quarterly reports', 'https://www.bursamalaysia.com', '2026-04-20', 'Imported from weisiang329-eng/glove-tracker (data/fund.json, is_mock=0 rows only). Original source: Bursa Malaysia quarterly report PDFs, auto-parsed. See apps/api/seed/glove/fundamentals.json for per-row provenance.') ON CONFLICT (id) DO UPDATE SET kind = EXCLUDED.kind, name = EXCLUDED.name, url = EXCLUDED.url, retrieved_at = EXCLUDED.retrieved_at, note = EXCLUDED.note;
INSERT INTO company (id, name, ticker, exchange, segment, country, industry_id, description, reporting_currency, fiscal_year_end_month) VALUES ('hextar-healthcare', 'Hextar Healthcare', 'HEXCARE', 'Bursa Malaysia', 'Rubber Gloves', 'Malaysia', 'rubber-gloves', 'Glove manufacturer (formerly Rubberex).', 'MYR', NULL) ON CONFLICT (id) DO UPDATE SET name = EXCLUDED.name, ticker = EXCLUDED.ticker, exchange = EXCLUDED.exchange, segment = EXCLUDED.segment, country = EXCLUDED.country, industry_id = EXCLUDED.industry_id, description = EXCLUDED.description, reporting_currency = EXCLUDED.reporting_currency, fiscal_year_end_month = EXCLUDED.fiscal_year_end_month;
INSERT INTO financial_period (company_id, period_label, period_type, fiscal_year, fiscal_quarter, currency, unit, report_date, source_id) VALUES ('hextar-healthcare', 'Q3 FY09', 'quarter', 2009, 3, 'MYR', 'MYR millions', '2009-06-30', 'glove-tracker-hextar-healthcare') ON CONFLICT (company_id, period_label) DO UPDATE SET period_type = EXCLUDED.period_type, fiscal_year = EXCLUDED.fiscal_year, fiscal_quarter = EXCLUDED.fiscal_quarter, currency = EXCLUDED.currency, unit = EXCLUDED.unit, report_date = EXCLUDED.report_date, source_id = EXCLUDED.source_id;
INSERT INTO financial_fact (period_id, concept, value, source_id)
SELECT p.id, v.concept, v.value, 'glove-tracker-hextar-healthcare'
FROM financial_period p
JOIN (VALUES ('Revenue', 26.1::double precision), ('NetIncome', 2.6::double precision)) AS v(concept, value) ON true
WHERE p.company_id = 'hextar-healthcare' AND p.period_label = 'Q3 FY09'
ON CONFLICT (period_id, concept) DO UPDATE SET value = EXCLUDED.value, source_id = EXCLUDED.source_id;
INSERT INTO financial_period (company_id, period_label, period_type, fiscal_year, fiscal_quarter, currency, unit, report_date, source_id) VALUES ('hextar-healthcare', 'Q4 FY09', 'quarter', 2009, 4, 'MYR', 'MYR millions', '2009-09-30', 'glove-tracker-hextar-healthcare') ON CONFLICT (company_id, period_label) DO UPDATE SET period_type = EXCLUDED.period_type, fiscal_year = EXCLUDED.fiscal_year, fiscal_quarter = EXCLUDED.fiscal_quarter, currency = EXCLUDED.currency, unit = EXCLUDED.unit, report_date = EXCLUDED.report_date, source_id = EXCLUDED.source_id;
INSERT INTO financial_fact (period_id, concept, value, source_id)
SELECT p.id, v.concept, v.value, 'glove-tracker-hextar-healthcare'
FROM financial_period p
JOIN (VALUES ('Revenue', 23.3::double precision), ('NetIncome', 1.2::double precision)) AS v(concept, value) ON true
WHERE p.company_id = 'hextar-healthcare' AND p.period_label = 'Q4 FY09'
ON CONFLICT (period_id, concept) DO UPDATE SET value = EXCLUDED.value, source_id = EXCLUDED.source_id;
INSERT INTO financial_period (company_id, period_label, period_type, fiscal_year, fiscal_quarter, currency, unit, report_date, source_id) VALUES ('hextar-healthcare', 'Q1 FY10', 'quarter', 2010, 1, 'MYR', 'MYR millions', '2009-12-31', 'glove-tracker-hextar-healthcare') ON CONFLICT (company_id, period_label) DO UPDATE SET period_type = EXCLUDED.period_type, fiscal_year = EXCLUDED.fiscal_year, fiscal_quarter = EXCLUDED.fiscal_quarter, currency = EXCLUDED.currency, unit = EXCLUDED.unit, report_date = EXCLUDED.report_date, source_id = EXCLUDED.source_id;
INSERT INTO financial_fact (period_id, concept, value, source_id)
SELECT p.id, v.concept, v.value, 'glove-tracker-hextar-healthcare'
FROM financial_period p
JOIN (VALUES ('Revenue', 22.9::double precision), ('NetIncome', 1::double precision)) AS v(concept, value) ON true
WHERE p.company_id = 'hextar-healthcare' AND p.period_label = 'Q1 FY10'
ON CONFLICT (period_id, concept) DO UPDATE SET value = EXCLUDED.value, source_id = EXCLUDED.source_id;
INSERT INTO financial_period (company_id, period_label, period_type, fiscal_year, fiscal_quarter, currency, unit, report_date, source_id) VALUES ('hextar-healthcare', 'Q2 FY10', 'quarter', 2010, 2, 'MYR', 'MYR millions', '2010-03-31', 'glove-tracker-hextar-healthcare') ON CONFLICT (company_id, period_label) DO UPDATE SET period_type = EXCLUDED.period_type, fiscal_year = EXCLUDED.fiscal_year, fiscal_quarter = EXCLUDED.fiscal_quarter, currency = EXCLUDED.currency, unit = EXCLUDED.unit, report_date = EXCLUDED.report_date, source_id = EXCLUDED.source_id;
INSERT INTO financial_fact (period_id, concept, value, source_id)
SELECT p.id, v.concept, v.value, 'glove-tracker-hextar-healthcare'
FROM financial_period p
JOIN (VALUES ('Revenue', 20.9::double precision), ('NetIncome', 0.501::double precision)) AS v(concept, value) ON true
WHERE p.company_id = 'hextar-healthcare' AND p.period_label = 'Q2 FY10'
ON CONFLICT (period_id, concept) DO UPDATE SET value = EXCLUDED.value, source_id = EXCLUDED.source_id;
INSERT INTO financial_period (company_id, period_label, period_type, fiscal_year, fiscal_quarter, currency, unit, report_date, source_id) VALUES ('hextar-healthcare', 'Q3 FY10', 'quarter', 2010, 3, 'MYR', 'MYR millions', '2010-06-30', 'glove-tracker-hextar-healthcare') ON CONFLICT (company_id, period_label) DO UPDATE SET period_type = EXCLUDED.period_type, fiscal_year = EXCLUDED.fiscal_year, fiscal_quarter = EXCLUDED.fiscal_quarter, currency = EXCLUDED.currency, unit = EXCLUDED.unit, report_date = EXCLUDED.report_date, source_id = EXCLUDED.source_id;
INSERT INTO financial_fact (period_id, concept, value, source_id)
SELECT p.id, v.concept, v.value, 'glove-tracker-hextar-healthcare'
FROM financial_period p
JOIN (VALUES ('Revenue', 21.9::double precision), ('NetIncome', 1.3::double precision)) AS v(concept, value) ON true
WHERE p.company_id = 'hextar-healthcare' AND p.period_label = 'Q3 FY10'
ON CONFLICT (period_id, concept) DO UPDATE SET value = EXCLUDED.value, source_id = EXCLUDED.source_id;
INSERT INTO financial_period (company_id, period_label, period_type, fiscal_year, fiscal_quarter, currency, unit, report_date, source_id) VALUES ('hextar-healthcare', 'Q4 FY10', 'quarter', 2010, 4, 'MYR', 'MYR millions', '2010-09-30', 'glove-tracker-hextar-healthcare') ON CONFLICT (company_id, period_label) DO UPDATE SET period_type = EXCLUDED.period_type, fiscal_year = EXCLUDED.fiscal_year, fiscal_quarter = EXCLUDED.fiscal_quarter, currency = EXCLUDED.currency, unit = EXCLUDED.unit, report_date = EXCLUDED.report_date, source_id = EXCLUDED.source_id;
INSERT INTO financial_fact (period_id, concept, value, source_id)
SELECT p.id, v.concept, v.value, 'glove-tracker-hextar-healthcare'
FROM financial_period p
JOIN (VALUES ('Revenue', 23.9::double precision), ('NetIncome', 0.589::double precision)) AS v(concept, value) ON true
WHERE p.company_id = 'hextar-healthcare' AND p.period_label = 'Q4 FY10'
ON CONFLICT (period_id, concept) DO UPDATE SET value = EXCLUDED.value, source_id = EXCLUDED.source_id;
INSERT INTO financial_period (company_id, period_label, period_type, fiscal_year, fiscal_quarter, currency, unit, report_date, source_id) VALUES ('hextar-healthcare', 'Q1 FY11', 'quarter', 2011, 1, 'MYR', 'MYR millions', '2010-12-31', 'glove-tracker-hextar-healthcare') ON CONFLICT (company_id, period_label) DO UPDATE SET period_type = EXCLUDED.period_type, fiscal_year = EXCLUDED.fiscal_year, fiscal_quarter = EXCLUDED.fiscal_quarter, currency = EXCLUDED.currency, unit = EXCLUDED.unit, report_date = EXCLUDED.report_date, source_id = EXCLUDED.source_id;
INSERT INTO financial_fact (period_id, concept, value, source_id)
SELECT p.id, v.concept, v.value, 'glove-tracker-hextar-healthcare'
FROM financial_period p
JOIN (VALUES ('Revenue', 24.3::double precision), ('NetIncome', 0.989::double precision)) AS v(concept, value) ON true
WHERE p.company_id = 'hextar-healthcare' AND p.period_label = 'Q1 FY11'
ON CONFLICT (period_id, concept) DO UPDATE SET value = EXCLUDED.value, source_id = EXCLUDED.source_id;
INSERT INTO financial_period (company_id, period_label, period_type, fiscal_year, fiscal_quarter, currency, unit, report_date, source_id) VALUES ('hextar-healthcare', 'Q2 FY11', 'quarter', 2011, 2, 'MYR', 'MYR millions', '2011-03-31', 'glove-tracker-hextar-healthcare') ON CONFLICT (company_id, period_label) DO UPDATE SET period_type = EXCLUDED.period_type, fiscal_year = EXCLUDED.fiscal_year, fiscal_quarter = EXCLUDED.fiscal_quarter, currency = EXCLUDED.currency, unit = EXCLUDED.unit, report_date = EXCLUDED.report_date, source_id = EXCLUDED.source_id;
INSERT INTO financial_fact (period_id, concept, value, source_id)
SELECT p.id, v.concept, v.value, 'glove-tracker-hextar-healthcare'
FROM financial_period p
JOIN (VALUES ('Revenue', 23.7::double precision), ('NetIncome', 0.77::double precision)) AS v(concept, value) ON true
WHERE p.company_id = 'hextar-healthcare' AND p.period_label = 'Q2 FY11'
ON CONFLICT (period_id, concept) DO UPDATE SET value = EXCLUDED.value, source_id = EXCLUDED.source_id;
INSERT INTO financial_period (company_id, period_label, period_type, fiscal_year, fiscal_quarter, currency, unit, report_date, source_id) VALUES ('hextar-healthcare', 'Q3 FY11', 'quarter', 2011, 3, 'MYR', 'MYR millions', '2011-06-30', 'glove-tracker-hextar-healthcare') ON CONFLICT (company_id, period_label) DO UPDATE SET period_type = EXCLUDED.period_type, fiscal_year = EXCLUDED.fiscal_year, fiscal_quarter = EXCLUDED.fiscal_quarter, currency = EXCLUDED.currency, unit = EXCLUDED.unit, report_date = EXCLUDED.report_date, source_id = EXCLUDED.source_id;
INSERT INTO financial_fact (period_id, concept, value, source_id)
SELECT p.id, v.concept, v.value, 'glove-tracker-hextar-healthcare'
FROM financial_period p
JOIN (VALUES ('Revenue', 27.5::double precision), ('NetIncome', 1.9::double precision)) AS v(concept, value) ON true
WHERE p.company_id = 'hextar-healthcare' AND p.period_label = 'Q3 FY11'
ON CONFLICT (period_id, concept) DO UPDATE SET value = EXCLUDED.value, source_id = EXCLUDED.source_id;
INSERT INTO financial_period (company_id, period_label, period_type, fiscal_year, fiscal_quarter, currency, unit, report_date, source_id) VALUES ('hextar-healthcare', 'Q4 FY11', 'quarter', 2011, 4, 'MYR', 'MYR millions', '2011-09-30', 'glove-tracker-hextar-healthcare') ON CONFLICT (company_id, period_label) DO UPDATE SET period_type = EXCLUDED.period_type, fiscal_year = EXCLUDED.fiscal_year, fiscal_quarter = EXCLUDED.fiscal_quarter, currency = EXCLUDED.currency, unit = EXCLUDED.unit, report_date = EXCLUDED.report_date, source_id = EXCLUDED.source_id;
INSERT INTO financial_fact (period_id, concept, value, source_id)
SELECT p.id, v.concept, v.value, 'glove-tracker-hextar-healthcare'
FROM financial_period p
JOIN (VALUES ('Revenue', 25.8::double precision), ('NetIncome', 0.689::double precision)) AS v(concept, value) ON true
WHERE p.company_id = 'hextar-healthcare' AND p.period_label = 'Q4 FY11'
ON CONFLICT (period_id, concept) DO UPDATE SET value = EXCLUDED.value, source_id = EXCLUDED.source_id;
INSERT INTO financial_period (company_id, period_label, period_type, fiscal_year, fiscal_quarter, currency, unit, report_date, source_id) VALUES ('hextar-healthcare', 'Q1 FY12', 'quarter', 2012, 1, 'MYR', 'MYR millions', '2011-12-31', 'glove-tracker-hextar-healthcare') ON CONFLICT (company_id, period_label) DO UPDATE SET period_type = EXCLUDED.period_type, fiscal_year = EXCLUDED.fiscal_year, fiscal_quarter = EXCLUDED.fiscal_quarter, currency = EXCLUDED.currency, unit = EXCLUDED.unit, report_date = EXCLUDED.report_date, source_id = EXCLUDED.source_id;
INSERT INTO financial_fact (period_id, concept, value, source_id)
SELECT p.id, v.concept, v.value, 'glove-tracker-hextar-healthcare'
FROM financial_period p
JOIN (VALUES ('Revenue', 25.1::double precision), ('NetIncome', 1.1::double precision)) AS v(concept, value) ON true
WHERE p.company_id = 'hextar-healthcare' AND p.period_label = 'Q1 FY12'
ON CONFLICT (period_id, concept) DO UPDATE SET value = EXCLUDED.value, source_id = EXCLUDED.source_id;
INSERT INTO financial_period (company_id, period_label, period_type, fiscal_year, fiscal_quarter, currency, unit, report_date, source_id) VALUES ('hextar-healthcare', 'Q2 FY12', 'quarter', 2012, 2, 'MYR', 'MYR millions', '2012-03-31', 'glove-tracker-hextar-healthcare') ON CONFLICT (company_id, period_label) DO UPDATE SET period_type = EXCLUDED.period_type, fiscal_year = EXCLUDED.fiscal_year, fiscal_quarter = EXCLUDED.fiscal_quarter, currency = EXCLUDED.currency, unit = EXCLUDED.unit, report_date = EXCLUDED.report_date, source_id = EXCLUDED.source_id;
INSERT INTO financial_fact (period_id, concept, value, source_id)
SELECT p.id, v.concept, v.value, 'glove-tracker-hextar-healthcare'
FROM financial_period p
JOIN (VALUES ('Revenue', 25.3::double precision), ('NetIncome', 1::double precision)) AS v(concept, value) ON true
WHERE p.company_id = 'hextar-healthcare' AND p.period_label = 'Q2 FY12'
ON CONFLICT (period_id, concept) DO UPDATE SET value = EXCLUDED.value, source_id = EXCLUDED.source_id;
INSERT INTO financial_period (company_id, period_label, period_type, fiscal_year, fiscal_quarter, currency, unit, report_date, source_id) VALUES ('hextar-healthcare', 'Q3 FY12', 'quarter', 2012, 3, 'MYR', 'MYR millions', '2012-06-30', 'glove-tracker-hextar-healthcare') ON CONFLICT (company_id, period_label) DO UPDATE SET period_type = EXCLUDED.period_type, fiscal_year = EXCLUDED.fiscal_year, fiscal_quarter = EXCLUDED.fiscal_quarter, currency = EXCLUDED.currency, unit = EXCLUDED.unit, report_date = EXCLUDED.report_date, source_id = EXCLUDED.source_id;
INSERT INTO financial_fact (period_id, concept, value, source_id)
SELECT p.id, v.concept, v.value, 'glove-tracker-hextar-healthcare'
FROM financial_period p
JOIN (VALUES ('Revenue', 27.5::double precision), ('NetIncome', 1.3::double precision)) AS v(concept, value) ON true
WHERE p.company_id = 'hextar-healthcare' AND p.period_label = 'Q3 FY12'
ON CONFLICT (period_id, concept) DO UPDATE SET value = EXCLUDED.value, source_id = EXCLUDED.source_id;
INSERT INTO financial_period (company_id, period_label, period_type, fiscal_year, fiscal_quarter, currency, unit, report_date, source_id) VALUES ('hextar-healthcare', 'Q4 FY12', 'quarter', 2012, 4, 'MYR', 'MYR millions', '2012-09-30', 'glove-tracker-hextar-healthcare') ON CONFLICT (company_id, period_label) DO UPDATE SET period_type = EXCLUDED.period_type, fiscal_year = EXCLUDED.fiscal_year, fiscal_quarter = EXCLUDED.fiscal_quarter, currency = EXCLUDED.currency, unit = EXCLUDED.unit, report_date = EXCLUDED.report_date, source_id = EXCLUDED.source_id;
INSERT INTO financial_fact (period_id, concept, value, source_id)
SELECT p.id, v.concept, v.value, 'glove-tracker-hextar-healthcare'
FROM financial_period p
JOIN (VALUES ('Revenue', 24.2::double precision), ('NetIncome', 0.974::double precision)) AS v(concept, value) ON true
WHERE p.company_id = 'hextar-healthcare' AND p.period_label = 'Q4 FY12'
ON CONFLICT (period_id, concept) DO UPDATE SET value = EXCLUDED.value, source_id = EXCLUDED.source_id;
INSERT INTO financial_period (company_id, period_label, period_type, fiscal_year, fiscal_quarter, currency, unit, report_date, source_id) VALUES ('hextar-healthcare', 'Q1 FY13', 'quarter', 2013, 1, 'MYR', 'MYR millions', '2012-12-31', 'glove-tracker-hextar-healthcare') ON CONFLICT (company_id, period_label) DO UPDATE SET period_type = EXCLUDED.period_type, fiscal_year = EXCLUDED.fiscal_year, fiscal_quarter = EXCLUDED.fiscal_quarter, currency = EXCLUDED.currency, unit = EXCLUDED.unit, report_date = EXCLUDED.report_date, source_id = EXCLUDED.source_id;
INSERT INTO financial_fact (period_id, concept, value, source_id)
SELECT p.id, v.concept, v.value, 'glove-tracker-hextar-healthcare'
FROM financial_period p
JOIN (VALUES ('Revenue', 22::double precision), ('NetIncome', 0.732::double precision)) AS v(concept, value) ON true
WHERE p.company_id = 'hextar-healthcare' AND p.period_label = 'Q1 FY13'
ON CONFLICT (period_id, concept) DO UPDATE SET value = EXCLUDED.value, source_id = EXCLUDED.source_id;
INSERT INTO financial_period (company_id, period_label, period_type, fiscal_year, fiscal_quarter, currency, unit, report_date, source_id) VALUES ('hextar-healthcare', 'Q2 FY13', 'quarter', 2013, 2, 'MYR', 'MYR millions', '2013-03-31', 'glove-tracker-hextar-healthcare') ON CONFLICT (company_id, period_label) DO UPDATE SET period_type = EXCLUDED.period_type, fiscal_year = EXCLUDED.fiscal_year, fiscal_quarter = EXCLUDED.fiscal_quarter, currency = EXCLUDED.currency, unit = EXCLUDED.unit, report_date = EXCLUDED.report_date, source_id = EXCLUDED.source_id;
INSERT INTO financial_fact (period_id, concept, value, source_id)
SELECT p.id, v.concept, v.value, 'glove-tracker-hextar-healthcare'
FROM financial_period p
JOIN (VALUES ('Revenue', 24.8::double precision), ('NetIncome', 0.613::double precision)) AS v(concept, value) ON true
WHERE p.company_id = 'hextar-healthcare' AND p.period_label = 'Q2 FY13'
ON CONFLICT (period_id, concept) DO UPDATE SET value = EXCLUDED.value, source_id = EXCLUDED.source_id;
INSERT INTO financial_period (company_id, period_label, period_type, fiscal_year, fiscal_quarter, currency, unit, report_date, source_id) VALUES ('hextar-healthcare', 'Q3 FY13', 'quarter', 2013, 3, 'MYR', 'MYR millions', '2013-06-30', 'glove-tracker-hextar-healthcare') ON CONFLICT (company_id, period_label) DO UPDATE SET period_type = EXCLUDED.period_type, fiscal_year = EXCLUDED.fiscal_year, fiscal_quarter = EXCLUDED.fiscal_quarter, currency = EXCLUDED.currency, unit = EXCLUDED.unit, report_date = EXCLUDED.report_date, source_id = EXCLUDED.source_id;
INSERT INTO financial_fact (period_id, concept, value, source_id)
SELECT p.id, v.concept, v.value, 'glove-tracker-hextar-healthcare'
FROM financial_period p
JOIN (VALUES ('Revenue', 24.5::double precision), ('NetIncome', 1.1::double precision)) AS v(concept, value) ON true
WHERE p.company_id = 'hextar-healthcare' AND p.period_label = 'Q3 FY13'
ON CONFLICT (period_id, concept) DO UPDATE SET value = EXCLUDED.value, source_id = EXCLUDED.source_id;
INSERT INTO financial_period (company_id, period_label, period_type, fiscal_year, fiscal_quarter, currency, unit, report_date, source_id) VALUES ('hextar-healthcare', 'Q4 FY13', 'quarter', 2013, 4, 'MYR', 'MYR millions', '2013-09-30', 'glove-tracker-hextar-healthcare') ON CONFLICT (company_id, period_label) DO UPDATE SET period_type = EXCLUDED.period_type, fiscal_year = EXCLUDED.fiscal_year, fiscal_quarter = EXCLUDED.fiscal_quarter, currency = EXCLUDED.currency, unit = EXCLUDED.unit, report_date = EXCLUDED.report_date, source_id = EXCLUDED.source_id;
INSERT INTO financial_fact (period_id, concept, value, source_id)
SELECT p.id, v.concept, v.value, 'glove-tracker-hextar-healthcare'
FROM financial_period p
JOIN (VALUES ('Revenue', 25::double precision), ('NetIncome', 1.1::double precision)) AS v(concept, value) ON true
WHERE p.company_id = 'hextar-healthcare' AND p.period_label = 'Q4 FY13'
ON CONFLICT (period_id, concept) DO UPDATE SET value = EXCLUDED.value, source_id = EXCLUDED.source_id;
INSERT INTO financial_period (company_id, period_label, period_type, fiscal_year, fiscal_quarter, currency, unit, report_date, source_id) VALUES ('hextar-healthcare', 'Q1 FY14', 'quarter', 2014, 1, 'MYR', 'MYR millions', '2013-12-31', 'glove-tracker-hextar-healthcare') ON CONFLICT (company_id, period_label) DO UPDATE SET period_type = EXCLUDED.period_type, fiscal_year = EXCLUDED.fiscal_year, fiscal_quarter = EXCLUDED.fiscal_quarter, currency = EXCLUDED.currency, unit = EXCLUDED.unit, report_date = EXCLUDED.report_date, source_id = EXCLUDED.source_id;
INSERT INTO financial_fact (period_id, concept, value, source_id)
SELECT p.id, v.concept, v.value, 'glove-tracker-hextar-healthcare'
FROM financial_period p
JOIN (VALUES ('Revenue', 22.8::double precision), ('NetIncome', 0.448::double precision)) AS v(concept, value) ON true
WHERE p.company_id = 'hextar-healthcare' AND p.period_label = 'Q1 FY14'
ON CONFLICT (period_id, concept) DO UPDATE SET value = EXCLUDED.value, source_id = EXCLUDED.source_id;
INSERT INTO financial_period (company_id, period_label, period_type, fiscal_year, fiscal_quarter, currency, unit, report_date, source_id) VALUES ('hextar-healthcare', 'Q2 FY14', 'quarter', 2014, 2, 'MYR', 'MYR millions', '2014-03-31', 'glove-tracker-hextar-healthcare') ON CONFLICT (company_id, period_label) DO UPDATE SET period_type = EXCLUDED.period_type, fiscal_year = EXCLUDED.fiscal_year, fiscal_quarter = EXCLUDED.fiscal_quarter, currency = EXCLUDED.currency, unit = EXCLUDED.unit, report_date = EXCLUDED.report_date, source_id = EXCLUDED.source_id;
INSERT INTO financial_fact (period_id, concept, value, source_id)
SELECT p.id, v.concept, v.value, 'glove-tracker-hextar-healthcare'
FROM financial_period p
JOIN (VALUES ('Revenue', 23::double precision), ('NetIncome', 0.384::double precision)) AS v(concept, value) ON true
WHERE p.company_id = 'hextar-healthcare' AND p.period_label = 'Q2 FY14'
ON CONFLICT (period_id, concept) DO UPDATE SET value = EXCLUDED.value, source_id = EXCLUDED.source_id;
INSERT INTO financial_period (company_id, period_label, period_type, fiscal_year, fiscal_quarter, currency, unit, report_date, source_id) VALUES ('hextar-healthcare', 'Q3 FY14', 'quarter', 2014, 3, 'MYR', 'MYR millions', '2014-06-30', 'glove-tracker-hextar-healthcare') ON CONFLICT (company_id, period_label) DO UPDATE SET period_type = EXCLUDED.period_type, fiscal_year = EXCLUDED.fiscal_year, fiscal_quarter = EXCLUDED.fiscal_quarter, currency = EXCLUDED.currency, unit = EXCLUDED.unit, report_date = EXCLUDED.report_date, source_id = EXCLUDED.source_id;
INSERT INTO financial_fact (period_id, concept, value, source_id)
SELECT p.id, v.concept, v.value, 'glove-tracker-hextar-healthcare'
FROM financial_period p
JOIN (VALUES ('Revenue', 25.6::double precision), ('NetIncome', 0.927::double precision)) AS v(concept, value) ON true
WHERE p.company_id = 'hextar-healthcare' AND p.period_label = 'Q3 FY14'
ON CONFLICT (period_id, concept) DO UPDATE SET value = EXCLUDED.value, source_id = EXCLUDED.source_id;
INSERT INTO financial_period (company_id, period_label, period_type, fiscal_year, fiscal_quarter, currency, unit, report_date, source_id) VALUES ('hextar-healthcare', 'Q4 FY14', 'quarter', 2014, 4, 'MYR', 'MYR millions', '2014-09-30', 'glove-tracker-hextar-healthcare') ON CONFLICT (company_id, period_label) DO UPDATE SET period_type = EXCLUDED.period_type, fiscal_year = EXCLUDED.fiscal_year, fiscal_quarter = EXCLUDED.fiscal_quarter, currency = EXCLUDED.currency, unit = EXCLUDED.unit, report_date = EXCLUDED.report_date, source_id = EXCLUDED.source_id;
INSERT INTO financial_fact (period_id, concept, value, source_id)
SELECT p.id, v.concept, v.value, 'glove-tracker-hextar-healthcare'
FROM financial_period p
JOIN (VALUES ('Revenue', 23.2::double precision), ('NetIncome', 0.36::double precision)) AS v(concept, value) ON true
WHERE p.company_id = 'hextar-healthcare' AND p.period_label = 'Q4 FY14'
ON CONFLICT (period_id, concept) DO UPDATE SET value = EXCLUDED.value, source_id = EXCLUDED.source_id;
INSERT INTO financial_period (company_id, period_label, period_type, fiscal_year, fiscal_quarter, currency, unit, report_date, source_id) VALUES ('hextar-healthcare', 'Q1 FY15', 'quarter', 2015, 1, 'MYR', 'MYR millions', '2014-12-31', 'glove-tracker-hextar-healthcare') ON CONFLICT (company_id, period_label) DO UPDATE SET period_type = EXCLUDED.period_type, fiscal_year = EXCLUDED.fiscal_year, fiscal_quarter = EXCLUDED.fiscal_quarter, currency = EXCLUDED.currency, unit = EXCLUDED.unit, report_date = EXCLUDED.report_date, source_id = EXCLUDED.source_id;
INSERT INTO financial_fact (period_id, concept, value, source_id)
SELECT p.id, v.concept, v.value, 'glove-tracker-hextar-healthcare'
FROM financial_period p
JOIN (VALUES ('Revenue', 28::double precision), ('NetIncome', 0.52::double precision)) AS v(concept, value) ON true
WHERE p.company_id = 'hextar-healthcare' AND p.period_label = 'Q1 FY15'
ON CONFLICT (period_id, concept) DO UPDATE SET value = EXCLUDED.value, source_id = EXCLUDED.source_id;
INSERT INTO financial_period (company_id, period_label, period_type, fiscal_year, fiscal_quarter, currency, unit, report_date, source_id) VALUES ('hextar-healthcare', 'Q2 FY15', 'quarter', 2015, 2, 'MYR', 'MYR millions', '2015-06-30', 'glove-tracker-hextar-healthcare') ON CONFLICT (company_id, period_label) DO UPDATE SET period_type = EXCLUDED.period_type, fiscal_year = EXCLUDED.fiscal_year, fiscal_quarter = EXCLUDED.fiscal_quarter, currency = EXCLUDED.currency, unit = EXCLUDED.unit, report_date = EXCLUDED.report_date, source_id = EXCLUDED.source_id;
INSERT INTO financial_fact (period_id, concept, value, source_id)
SELECT p.id, v.concept, v.value, 'glove-tracker-hextar-healthcare'
FROM financial_period p
JOIN (VALUES ('Revenue', 23.5::double precision), ('NetIncome', 0.575::double precision)) AS v(concept, value) ON true
WHERE p.company_id = 'hextar-healthcare' AND p.period_label = 'Q2 FY15'
ON CONFLICT (period_id, concept) DO UPDATE SET value = EXCLUDED.value, source_id = EXCLUDED.source_id;
INSERT INTO financial_period (company_id, period_label, period_type, fiscal_year, fiscal_quarter, currency, unit, report_date, source_id) VALUES ('hextar-healthcare', 'Q3 FY15', 'quarter', 2015, 3, 'MYR', 'MYR millions', '2015-09-30', 'glove-tracker-hextar-healthcare') ON CONFLICT (company_id, period_label) DO UPDATE SET period_type = EXCLUDED.period_type, fiscal_year = EXCLUDED.fiscal_year, fiscal_quarter = EXCLUDED.fiscal_quarter, currency = EXCLUDED.currency, unit = EXCLUDED.unit, report_date = EXCLUDED.report_date, source_id = EXCLUDED.source_id;
INSERT INTO financial_fact (period_id, concept, value, source_id)
SELECT p.id, v.concept, v.value, 'glove-tracker-hextar-healthcare'
FROM financial_period p
JOIN (VALUES ('Revenue', 22.9::double precision), ('NetIncome', 0.198::double precision)) AS v(concept, value) ON true
WHERE p.company_id = 'hextar-healthcare' AND p.period_label = 'Q3 FY15'
ON CONFLICT (period_id, concept) DO UPDATE SET value = EXCLUDED.value, source_id = EXCLUDED.source_id;
INSERT INTO financial_period (company_id, period_label, period_type, fiscal_year, fiscal_quarter, currency, unit, report_date, source_id) VALUES ('hextar-healthcare', 'Q1 FY16', 'quarter', 2016, 1, 'MYR', 'MYR millions', '2016-03-31', 'glove-tracker-hextar-healthcare') ON CONFLICT (company_id, period_label) DO UPDATE SET period_type = EXCLUDED.period_type, fiscal_year = EXCLUDED.fiscal_year, fiscal_quarter = EXCLUDED.fiscal_quarter, currency = EXCLUDED.currency, unit = EXCLUDED.unit, report_date = EXCLUDED.report_date, source_id = EXCLUDED.source_id;
INSERT INTO financial_fact (period_id, concept, value, source_id)
SELECT p.id, v.concept, v.value, 'glove-tracker-hextar-healthcare'
FROM financial_period p
JOIN (VALUES ('Revenue', 17.3::double precision), ('NetIncome', -0.616::double precision)) AS v(concept, value) ON true
WHERE p.company_id = 'hextar-healthcare' AND p.period_label = 'Q1 FY16'
ON CONFLICT (period_id, concept) DO UPDATE SET value = EXCLUDED.value, source_id = EXCLUDED.source_id;
INSERT INTO financial_period (company_id, period_label, period_type, fiscal_year, fiscal_quarter, currency, unit, report_date, source_id) VALUES ('hextar-healthcare', 'Q2 FY16', 'quarter', 2016, 2, 'MYR', 'MYR millions', '2016-06-30', 'glove-tracker-hextar-healthcare') ON CONFLICT (company_id, period_label) DO UPDATE SET period_type = EXCLUDED.period_type, fiscal_year = EXCLUDED.fiscal_year, fiscal_quarter = EXCLUDED.fiscal_quarter, currency = EXCLUDED.currency, unit = EXCLUDED.unit, report_date = EXCLUDED.report_date, source_id = EXCLUDED.source_id;
INSERT INTO financial_fact (period_id, concept, value, source_id)
SELECT p.id, v.concept, v.value, 'glove-tracker-hextar-healthcare'
FROM financial_period p
JOIN (VALUES ('Revenue', 18.6::double precision), ('NetIncome', -0.467::double precision)) AS v(concept, value) ON true
WHERE p.company_id = 'hextar-healthcare' AND p.period_label = 'Q2 FY16'
ON CONFLICT (period_id, concept) DO UPDATE SET value = EXCLUDED.value, source_id = EXCLUDED.source_id;
INSERT INTO financial_period (company_id, period_label, period_type, fiscal_year, fiscal_quarter, currency, unit, report_date, source_id) VALUES ('hextar-healthcare', 'Q3 FY16', 'quarter', 2016, 3, 'MYR', 'MYR millions', '2016-09-30', 'glove-tracker-hextar-healthcare') ON CONFLICT (company_id, period_label) DO UPDATE SET period_type = EXCLUDED.period_type, fiscal_year = EXCLUDED.fiscal_year, fiscal_quarter = EXCLUDED.fiscal_quarter, currency = EXCLUDED.currency, unit = EXCLUDED.unit, report_date = EXCLUDED.report_date, source_id = EXCLUDED.source_id;
INSERT INTO financial_fact (period_id, concept, value, source_id)
SELECT p.id, v.concept, v.value, 'glove-tracker-hextar-healthcare'
FROM financial_period p
JOIN (VALUES ('Revenue', 21::double precision), ('NetIncome', 0.279::double precision)) AS v(concept, value) ON true
WHERE p.company_id = 'hextar-healthcare' AND p.period_label = 'Q3 FY16'
ON CONFLICT (period_id, concept) DO UPDATE SET value = EXCLUDED.value, source_id = EXCLUDED.source_id;
INSERT INTO financial_period (company_id, period_label, period_type, fiscal_year, fiscal_quarter, currency, unit, report_date, source_id) VALUES ('hextar-healthcare', 'Q4 FY16', 'quarter', 2016, 4, 'MYR', 'MYR millions', '2016-12-31', 'glove-tracker-hextar-healthcare') ON CONFLICT (company_id, period_label) DO UPDATE SET period_type = EXCLUDED.period_type, fiscal_year = EXCLUDED.fiscal_year, fiscal_quarter = EXCLUDED.fiscal_quarter, currency = EXCLUDED.currency, unit = EXCLUDED.unit, report_date = EXCLUDED.report_date, source_id = EXCLUDED.source_id;
INSERT INTO financial_fact (period_id, concept, value, source_id)
SELECT p.id, v.concept, v.value, 'glove-tracker-hextar-healthcare'
FROM financial_period p
JOIN (VALUES ('Revenue', 12.5::double precision), ('NetIncome', -21.3::double precision)) AS v(concept, value) ON true
WHERE p.company_id = 'hextar-healthcare' AND p.period_label = 'Q4 FY16'
ON CONFLICT (period_id, concept) DO UPDATE SET value = EXCLUDED.value, source_id = EXCLUDED.source_id;
INSERT INTO financial_period (company_id, period_label, period_type, fiscal_year, fiscal_quarter, currency, unit, report_date, source_id) VALUES ('hextar-healthcare', 'Q1 FY17', 'quarter', 2017, 1, 'MYR', 'MYR millions', '2017-03-31', 'glove-tracker-hextar-healthcare') ON CONFLICT (company_id, period_label) DO UPDATE SET period_type = EXCLUDED.period_type, fiscal_year = EXCLUDED.fiscal_year, fiscal_quarter = EXCLUDED.fiscal_quarter, currency = EXCLUDED.currency, unit = EXCLUDED.unit, report_date = EXCLUDED.report_date, source_id = EXCLUDED.source_id;
INSERT INTO financial_fact (period_id, concept, value, source_id)
SELECT p.id, v.concept, v.value, 'glove-tracker-hextar-healthcare'
FROM financial_period p
JOIN (VALUES ('Revenue', 13.8::double precision), ('NetIncome', -3.6::double precision)) AS v(concept, value) ON true
WHERE p.company_id = 'hextar-healthcare' AND p.period_label = 'Q1 FY17'
ON CONFLICT (period_id, concept) DO UPDATE SET value = EXCLUDED.value, source_id = EXCLUDED.source_id;
INSERT INTO financial_period (company_id, period_label, period_type, fiscal_year, fiscal_quarter, currency, unit, report_date, source_id) VALUES ('hextar-healthcare', 'Q2 FY17', 'quarter', 2017, 2, 'MYR', 'MYR millions', '2017-06-30', 'glove-tracker-hextar-healthcare') ON CONFLICT (company_id, period_label) DO UPDATE SET period_type = EXCLUDED.period_type, fiscal_year = EXCLUDED.fiscal_year, fiscal_quarter = EXCLUDED.fiscal_quarter, currency = EXCLUDED.currency, unit = EXCLUDED.unit, report_date = EXCLUDED.report_date, source_id = EXCLUDED.source_id;
INSERT INTO financial_fact (period_id, concept, value, source_id)
SELECT p.id, v.concept, v.value, 'glove-tracker-hextar-healthcare'
FROM financial_period p
JOIN (VALUES ('Revenue', 18.3::double precision), ('NetIncome', -1.7::double precision)) AS v(concept, value) ON true
WHERE p.company_id = 'hextar-healthcare' AND p.period_label = 'Q2 FY17'
ON CONFLICT (period_id, concept) DO UPDATE SET value = EXCLUDED.value, source_id = EXCLUDED.source_id;
INSERT INTO financial_period (company_id, period_label, period_type, fiscal_year, fiscal_quarter, currency, unit, report_date, source_id) VALUES ('hextar-healthcare', 'Q3 FY17', 'quarter', 2017, 3, 'MYR', 'MYR millions', '2017-09-30', 'glove-tracker-hextar-healthcare') ON CONFLICT (company_id, period_label) DO UPDATE SET period_type = EXCLUDED.period_type, fiscal_year = EXCLUDED.fiscal_year, fiscal_quarter = EXCLUDED.fiscal_quarter, currency = EXCLUDED.currency, unit = EXCLUDED.unit, report_date = EXCLUDED.report_date, source_id = EXCLUDED.source_id;
INSERT INTO financial_fact (period_id, concept, value, source_id)
SELECT p.id, v.concept, v.value, 'glove-tracker-hextar-healthcare'
FROM financial_period p
JOIN (VALUES ('Revenue', 18.6::double precision), ('NetIncome', -0.835::double precision)) AS v(concept, value) ON true
WHERE p.company_id = 'hextar-healthcare' AND p.period_label = 'Q3 FY17'
ON CONFLICT (period_id, concept) DO UPDATE SET value = EXCLUDED.value, source_id = EXCLUDED.source_id;
INSERT INTO financial_period (company_id, period_label, period_type, fiscal_year, fiscal_quarter, currency, unit, report_date, source_id) VALUES ('hextar-healthcare', 'Q4 FY17', 'quarter', 2017, 4, 'MYR', 'MYR millions', '2017-12-31', 'glove-tracker-hextar-healthcare') ON CONFLICT (company_id, period_label) DO UPDATE SET period_type = EXCLUDED.period_type, fiscal_year = EXCLUDED.fiscal_year, fiscal_quarter = EXCLUDED.fiscal_quarter, currency = EXCLUDED.currency, unit = EXCLUDED.unit, report_date = EXCLUDED.report_date, source_id = EXCLUDED.source_id;
INSERT INTO financial_fact (period_id, concept, value, source_id)
SELECT p.id, v.concept, v.value, 'glove-tracker-hextar-healthcare'
FROM financial_period p
JOIN (VALUES ('Revenue', 18.4::double precision), ('NetIncome', -6.2::double precision)) AS v(concept, value) ON true
WHERE p.company_id = 'hextar-healthcare' AND p.period_label = 'Q4 FY17'
ON CONFLICT (period_id, concept) DO UPDATE SET value = EXCLUDED.value, source_id = EXCLUDED.source_id;
INSERT INTO financial_period (company_id, period_label, period_type, fiscal_year, fiscal_quarter, currency, unit, report_date, source_id) VALUES ('hextar-healthcare', 'Q1 FY18', 'quarter', 2018, 1, 'MYR', 'MYR millions', '2018-03-31', 'glove-tracker-hextar-healthcare') ON CONFLICT (company_id, period_label) DO UPDATE SET period_type = EXCLUDED.period_type, fiscal_year = EXCLUDED.fiscal_year, fiscal_quarter = EXCLUDED.fiscal_quarter, currency = EXCLUDED.currency, unit = EXCLUDED.unit, report_date = EXCLUDED.report_date, source_id = EXCLUDED.source_id;
INSERT INTO financial_fact (period_id, concept, value, source_id)
SELECT p.id, v.concept, v.value, 'glove-tracker-hextar-healthcare'
FROM financial_period p
JOIN (VALUES ('Revenue', 15.5::double precision), ('NetIncome', -1.8::double precision)) AS v(concept, value) ON true
WHERE p.company_id = 'hextar-healthcare' AND p.period_label = 'Q1 FY18'
ON CONFLICT (period_id, concept) DO UPDATE SET value = EXCLUDED.value, source_id = EXCLUDED.source_id;
INSERT INTO financial_period (company_id, period_label, period_type, fiscal_year, fiscal_quarter, currency, unit, report_date, source_id) VALUES ('hextar-healthcare', 'Q2 FY18', 'quarter', 2018, 2, 'MYR', 'MYR millions', '2018-06-30', 'glove-tracker-hextar-healthcare') ON CONFLICT (company_id, period_label) DO UPDATE SET period_type = EXCLUDED.period_type, fiscal_year = EXCLUDED.fiscal_year, fiscal_quarter = EXCLUDED.fiscal_quarter, currency = EXCLUDED.currency, unit = EXCLUDED.unit, report_date = EXCLUDED.report_date, source_id = EXCLUDED.source_id;
INSERT INTO financial_fact (period_id, concept, value, source_id)
SELECT p.id, v.concept, v.value, 'glove-tracker-hextar-healthcare'
FROM financial_period p
JOIN (VALUES ('Revenue', 18.2::double precision), ('NetIncome', -3.2::double precision)) AS v(concept, value) ON true
WHERE p.company_id = 'hextar-healthcare' AND p.period_label = 'Q2 FY18'
ON CONFLICT (period_id, concept) DO UPDATE SET value = EXCLUDED.value, source_id = EXCLUDED.source_id;
INSERT INTO financial_period (company_id, period_label, period_type, fiscal_year, fiscal_quarter, currency, unit, report_date, source_id) VALUES ('hextar-healthcare', 'Q3 FY18', 'quarter', 2018, 3, 'MYR', 'MYR millions', '2018-09-30', 'glove-tracker-hextar-healthcare') ON CONFLICT (company_id, period_label) DO UPDATE SET period_type = EXCLUDED.period_type, fiscal_year = EXCLUDED.fiscal_year, fiscal_quarter = EXCLUDED.fiscal_quarter, currency = EXCLUDED.currency, unit = EXCLUDED.unit, report_date = EXCLUDED.report_date, source_id = EXCLUDED.source_id;
INSERT INTO financial_fact (period_id, concept, value, source_id)
SELECT p.id, v.concept, v.value, 'glove-tracker-hextar-healthcare'
FROM financial_period p
JOIN (VALUES ('Revenue', 18.7::double precision), ('NetIncome', 0.233::double precision)) AS v(concept, value) ON true
WHERE p.company_id = 'hextar-healthcare' AND p.period_label = 'Q3 FY18'
ON CONFLICT (period_id, concept) DO UPDATE SET value = EXCLUDED.value, source_id = EXCLUDED.source_id;
INSERT INTO financial_period (company_id, period_label, period_type, fiscal_year, fiscal_quarter, currency, unit, report_date, source_id) VALUES ('hextar-healthcare', 'Q4 FY18', 'quarter', 2018, 4, 'MYR', 'MYR millions', '2018-12-31', 'glove-tracker-hextar-healthcare') ON CONFLICT (company_id, period_label) DO UPDATE SET period_type = EXCLUDED.period_type, fiscal_year = EXCLUDED.fiscal_year, fiscal_quarter = EXCLUDED.fiscal_quarter, currency = EXCLUDED.currency, unit = EXCLUDED.unit, report_date = EXCLUDED.report_date, source_id = EXCLUDED.source_id;
INSERT INTO financial_fact (period_id, concept, value, source_id)
SELECT p.id, v.concept, v.value, 'glove-tracker-hextar-healthcare'
FROM financial_period p
JOIN (VALUES ('Revenue', 15.7::double precision), ('NetIncome', -6.3::double precision)) AS v(concept, value) ON true
WHERE p.company_id = 'hextar-healthcare' AND p.period_label = 'Q4 FY18'
ON CONFLICT (period_id, concept) DO UPDATE SET value = EXCLUDED.value, source_id = EXCLUDED.source_id;
INSERT INTO financial_period (company_id, period_label, period_type, fiscal_year, fiscal_quarter, currency, unit, report_date, source_id) VALUES ('hextar-healthcare', 'Q1 FY19', 'quarter', 2019, 1, 'MYR', 'MYR millions', '2019-03-31', 'glove-tracker-hextar-healthcare') ON CONFLICT (company_id, period_label) DO UPDATE SET period_type = EXCLUDED.period_type, fiscal_year = EXCLUDED.fiscal_year, fiscal_quarter = EXCLUDED.fiscal_quarter, currency = EXCLUDED.currency, unit = EXCLUDED.unit, report_date = EXCLUDED.report_date, source_id = EXCLUDED.source_id;
INSERT INTO financial_fact (period_id, concept, value, source_id)
SELECT p.id, v.concept, v.value, 'glove-tracker-hextar-healthcare'
FROM financial_period p
JOIN (VALUES ('Revenue', 17.6::double precision), ('NetIncome', -0.273::double precision)) AS v(concept, value) ON true
WHERE p.company_id = 'hextar-healthcare' AND p.period_label = 'Q1 FY19'
ON CONFLICT (period_id, concept) DO UPDATE SET value = EXCLUDED.value, source_id = EXCLUDED.source_id;
INSERT INTO financial_period (company_id, period_label, period_type, fiscal_year, fiscal_quarter, currency, unit, report_date, source_id) VALUES ('hextar-healthcare', 'Q2 FY19', 'quarter', 2019, 2, 'MYR', 'MYR millions', '2019-06-30', 'glove-tracker-hextar-healthcare') ON CONFLICT (company_id, period_label) DO UPDATE SET period_type = EXCLUDED.period_type, fiscal_year = EXCLUDED.fiscal_year, fiscal_quarter = EXCLUDED.fiscal_quarter, currency = EXCLUDED.currency, unit = EXCLUDED.unit, report_date = EXCLUDED.report_date, source_id = EXCLUDED.source_id;
INSERT INTO financial_fact (period_id, concept, value, source_id)
SELECT p.id, v.concept, v.value, 'glove-tracker-hextar-healthcare'
FROM financial_period p
JOIN (VALUES ('Revenue', 55.9::double precision), ('NetIncome', -22.2::double precision)) AS v(concept, value) ON true
WHERE p.company_id = 'hextar-healthcare' AND p.period_label = 'Q2 FY19'
ON CONFLICT (period_id, concept) DO UPDATE SET value = EXCLUDED.value, source_id = EXCLUDED.source_id;
INSERT INTO financial_period (company_id, period_label, period_type, fiscal_year, fiscal_quarter, currency, unit, report_date, source_id) VALUES ('hextar-healthcare', 'Q3 FY19', 'quarter', 2019, 3, 'MYR', 'MYR millions', '2019-09-30', 'glove-tracker-hextar-healthcare') ON CONFLICT (company_id, period_label) DO UPDATE SET period_type = EXCLUDED.period_type, fiscal_year = EXCLUDED.fiscal_year, fiscal_quarter = EXCLUDED.fiscal_quarter, currency = EXCLUDED.currency, unit = EXCLUDED.unit, report_date = EXCLUDED.report_date, source_id = EXCLUDED.source_id;
INSERT INTO financial_fact (period_id, concept, value, source_id)
SELECT p.id, v.concept, v.value, 'glove-tracker-hextar-healthcare'
FROM financial_period p
JOIN (VALUES ('Revenue', 97.2::double precision), ('NetIncome', 8.7::double precision)) AS v(concept, value) ON true
WHERE p.company_id = 'hextar-healthcare' AND p.period_label = 'Q3 FY19'
ON CONFLICT (period_id, concept) DO UPDATE SET value = EXCLUDED.value, source_id = EXCLUDED.source_id;
INSERT INTO financial_period (company_id, period_label, period_type, fiscal_year, fiscal_quarter, currency, unit, report_date, source_id) VALUES ('hextar-healthcare', 'Q4 FY19', 'quarter', 2019, 4, 'MYR', 'MYR millions', '2019-12-31', 'glove-tracker-hextar-healthcare') ON CONFLICT (company_id, period_label) DO UPDATE SET period_type = EXCLUDED.period_type, fiscal_year = EXCLUDED.fiscal_year, fiscal_quarter = EXCLUDED.fiscal_quarter, currency = EXCLUDED.currency, unit = EXCLUDED.unit, report_date = EXCLUDED.report_date, source_id = EXCLUDED.source_id;
INSERT INTO financial_fact (period_id, concept, value, source_id)
SELECT p.id, v.concept, v.value, 'glove-tracker-hextar-healthcare'
FROM financial_period p
JOIN (VALUES ('Revenue', 82.8::double precision), ('NetIncome', 7.8::double precision)) AS v(concept, value) ON true
WHERE p.company_id = 'hextar-healthcare' AND p.period_label = 'Q4 FY19'
ON CONFLICT (period_id, concept) DO UPDATE SET value = EXCLUDED.value, source_id = EXCLUDED.source_id;
INSERT INTO financial_period (company_id, period_label, period_type, fiscal_year, fiscal_quarter, currency, unit, report_date, source_id) VALUES ('hextar-healthcare', 'Q1 FY20', 'quarter', 2020, 1, 'MYR', 'MYR millions', '2020-03-31', 'glove-tracker-hextar-healthcare') ON CONFLICT (company_id, period_label) DO UPDATE SET period_type = EXCLUDED.period_type, fiscal_year = EXCLUDED.fiscal_year, fiscal_quarter = EXCLUDED.fiscal_quarter, currency = EXCLUDED.currency, unit = EXCLUDED.unit, report_date = EXCLUDED.report_date, source_id = EXCLUDED.source_id;
INSERT INTO financial_fact (period_id, concept, value, source_id)
SELECT p.id, v.concept, v.value, 'glove-tracker-hextar-healthcare'
FROM financial_period p
JOIN (VALUES ('Revenue', 104.6::double precision), ('NetIncome', 9.5::double precision)) AS v(concept, value) ON true
WHERE p.company_id = 'hextar-healthcare' AND p.period_label = 'Q1 FY20'
ON CONFLICT (period_id, concept) DO UPDATE SET value = EXCLUDED.value, source_id = EXCLUDED.source_id;
INSERT INTO financial_period (company_id, period_label, period_type, fiscal_year, fiscal_quarter, currency, unit, report_date, source_id) VALUES ('hextar-healthcare', 'Q2 FY20', 'quarter', 2020, 2, 'MYR', 'MYR millions', '2020-06-30', 'glove-tracker-hextar-healthcare') ON CONFLICT (company_id, period_label) DO UPDATE SET period_type = EXCLUDED.period_type, fiscal_year = EXCLUDED.fiscal_year, fiscal_quarter = EXCLUDED.fiscal_quarter, currency = EXCLUDED.currency, unit = EXCLUDED.unit, report_date = EXCLUDED.report_date, source_id = EXCLUDED.source_id;
INSERT INTO financial_fact (period_id, concept, value, source_id)
SELECT p.id, v.concept, v.value, 'glove-tracker-hextar-healthcare'
FROM financial_period p
JOIN (VALUES ('Revenue', 100.7::double precision), ('NetIncome', 11.1::double precision)) AS v(concept, value) ON true
WHERE p.company_id = 'hextar-healthcare' AND p.period_label = 'Q2 FY20'
ON CONFLICT (period_id, concept) DO UPDATE SET value = EXCLUDED.value, source_id = EXCLUDED.source_id;
INSERT INTO financial_period (company_id, period_label, period_type, fiscal_year, fiscal_quarter, currency, unit, report_date, source_id) VALUES ('hextar-healthcare', 'Q3 FY20', 'quarter', 2020, 3, 'MYR', 'MYR millions', '2020-09-30', 'glove-tracker-hextar-healthcare') ON CONFLICT (company_id, period_label) DO UPDATE SET period_type = EXCLUDED.period_type, fiscal_year = EXCLUDED.fiscal_year, fiscal_quarter = EXCLUDED.fiscal_quarter, currency = EXCLUDED.currency, unit = EXCLUDED.unit, report_date = EXCLUDED.report_date, source_id = EXCLUDED.source_id;
INSERT INTO financial_fact (period_id, concept, value, source_id)
SELECT p.id, v.concept, v.value, 'glove-tracker-hextar-healthcare'
FROM financial_period p
JOIN (VALUES ('Revenue', 111.6::double precision), ('NetIncome', 12.5::double precision)) AS v(concept, value) ON true
WHERE p.company_id = 'hextar-healthcare' AND p.period_label = 'Q3 FY20'
ON CONFLICT (period_id, concept) DO UPDATE SET value = EXCLUDED.value, source_id = EXCLUDED.source_id;
INSERT INTO financial_period (company_id, period_label, period_type, fiscal_year, fiscal_quarter, currency, unit, report_date, source_id) VALUES ('hextar-healthcare', 'Q4 FY20', 'quarter', 2020, 4, 'MYR', 'MYR millions', '2020-12-31', 'glove-tracker-hextar-healthcare') ON CONFLICT (company_id, period_label) DO UPDATE SET period_type = EXCLUDED.period_type, fiscal_year = EXCLUDED.fiscal_year, fiscal_quarter = EXCLUDED.fiscal_quarter, currency = EXCLUDED.currency, unit = EXCLUDED.unit, report_date = EXCLUDED.report_date, source_id = EXCLUDED.source_id;
INSERT INTO financial_fact (period_id, concept, value, source_id)
SELECT p.id, v.concept, v.value, 'glove-tracker-hextar-healthcare'
FROM financial_period p
JOIN (VALUES ('Revenue', 100.8::double precision), ('NetIncome', 11.5::double precision)) AS v(concept, value) ON true
WHERE p.company_id = 'hextar-healthcare' AND p.period_label = 'Q4 FY20'
ON CONFLICT (period_id, concept) DO UPDATE SET value = EXCLUDED.value, source_id = EXCLUDED.source_id;
INSERT INTO financial_period (company_id, period_label, period_type, fiscal_year, fiscal_quarter, currency, unit, report_date, source_id) VALUES ('hextar-healthcare', 'Q1 FY21', 'quarter', 2021, 1, 'MYR', 'MYR millions', '2021-03-31', 'glove-tracker-hextar-healthcare') ON CONFLICT (company_id, period_label) DO UPDATE SET period_type = EXCLUDED.period_type, fiscal_year = EXCLUDED.fiscal_year, fiscal_quarter = EXCLUDED.fiscal_quarter, currency = EXCLUDED.currency, unit = EXCLUDED.unit, report_date = EXCLUDED.report_date, source_id = EXCLUDED.source_id;
INSERT INTO financial_fact (period_id, concept, value, source_id)
SELECT p.id, v.concept, v.value, 'glove-tracker-hextar-healthcare'
FROM financial_period p
JOIN (VALUES ('Revenue', 114.8::double precision), ('NetIncome', 10.8::double precision)) AS v(concept, value) ON true
WHERE p.company_id = 'hextar-healthcare' AND p.period_label = 'Q1 FY21'
ON CONFLICT (period_id, concept) DO UPDATE SET value = EXCLUDED.value, source_id = EXCLUDED.source_id;
INSERT INTO financial_period (company_id, period_label, period_type, fiscal_year, fiscal_quarter, currency, unit, report_date, source_id) VALUES ('hextar-healthcare', 'Q2 FY21', 'quarter', 2021, 2, 'MYR', 'MYR millions', '2021-06-30', 'glove-tracker-hextar-healthcare') ON CONFLICT (company_id, period_label) DO UPDATE SET period_type = EXCLUDED.period_type, fiscal_year = EXCLUDED.fiscal_year, fiscal_quarter = EXCLUDED.fiscal_quarter, currency = EXCLUDED.currency, unit = EXCLUDED.unit, report_date = EXCLUDED.report_date, source_id = EXCLUDED.source_id;
INSERT INTO financial_fact (period_id, concept, value, source_id)
SELECT p.id, v.concept, v.value, 'glove-tracker-hextar-healthcare'
FROM financial_period p
JOIN (VALUES ('Revenue', 98.7::double precision), ('NetIncome', 7.4::double precision)) AS v(concept, value) ON true
WHERE p.company_id = 'hextar-healthcare' AND p.period_label = 'Q2 FY21'
ON CONFLICT (period_id, concept) DO UPDATE SET value = EXCLUDED.value, source_id = EXCLUDED.source_id;
INSERT INTO financial_period (company_id, period_label, period_type, fiscal_year, fiscal_quarter, currency, unit, report_date, source_id) VALUES ('hextar-healthcare', 'Q3 FY21', 'quarter', 2021, 3, 'MYR', 'MYR millions', '2021-09-30', 'glove-tracker-hextar-healthcare') ON CONFLICT (company_id, period_label) DO UPDATE SET period_type = EXCLUDED.period_type, fiscal_year = EXCLUDED.fiscal_year, fiscal_quarter = EXCLUDED.fiscal_quarter, currency = EXCLUDED.currency, unit = EXCLUDED.unit, report_date = EXCLUDED.report_date, source_id = EXCLUDED.source_id;
INSERT INTO financial_fact (period_id, concept, value, source_id)
SELECT p.id, v.concept, v.value, 'glove-tracker-hextar-healthcare'
FROM financial_period p
JOIN (VALUES ('Revenue', 112.5::double precision), ('NetIncome', 7.2::double precision)) AS v(concept, value) ON true
WHERE p.company_id = 'hextar-healthcare' AND p.period_label = 'Q3 FY21'
ON CONFLICT (period_id, concept) DO UPDATE SET value = EXCLUDED.value, source_id = EXCLUDED.source_id;
INSERT INTO financial_period (company_id, period_label, period_type, fiscal_year, fiscal_quarter, currency, unit, report_date, source_id) VALUES ('hextar-healthcare', 'Q4 FY21', 'quarter', 2021, 4, 'MYR', 'MYR millions', '2021-12-31', 'glove-tracker-hextar-healthcare') ON CONFLICT (company_id, period_label) DO UPDATE SET period_type = EXCLUDED.period_type, fiscal_year = EXCLUDED.fiscal_year, fiscal_quarter = EXCLUDED.fiscal_quarter, currency = EXCLUDED.currency, unit = EXCLUDED.unit, report_date = EXCLUDED.report_date, source_id = EXCLUDED.source_id;
INSERT INTO financial_fact (period_id, concept, value, source_id)
SELECT p.id, v.concept, v.value, 'glove-tracker-hextar-healthcare'
FROM financial_period p
JOIN (VALUES ('Revenue', 138::double precision), ('NetIncome', 14.3::double precision)) AS v(concept, value) ON true
WHERE p.company_id = 'hextar-healthcare' AND p.period_label = 'Q4 FY21'
ON CONFLICT (period_id, concept) DO UPDATE SET value = EXCLUDED.value, source_id = EXCLUDED.source_id;
INSERT INTO financial_period (company_id, period_label, period_type, fiscal_year, fiscal_quarter, currency, unit, report_date, source_id) VALUES ('hextar-healthcare', 'Q1 FY22', 'quarter', 2022, 1, 'MYR', 'MYR millions', '2022-03-31', 'glove-tracker-hextar-healthcare') ON CONFLICT (company_id, period_label) DO UPDATE SET period_type = EXCLUDED.period_type, fiscal_year = EXCLUDED.fiscal_year, fiscal_quarter = EXCLUDED.fiscal_quarter, currency = EXCLUDED.currency, unit = EXCLUDED.unit, report_date = EXCLUDED.report_date, source_id = EXCLUDED.source_id;
INSERT INTO financial_fact (period_id, concept, value, source_id)
SELECT p.id, v.concept, v.value, 'glove-tracker-hextar-healthcare'
FROM financial_period p
JOIN (VALUES ('Revenue', 153.6::double precision), ('NetIncome', 15.6::double precision)) AS v(concept, value) ON true
WHERE p.company_id = 'hextar-healthcare' AND p.period_label = 'Q1 FY22'
ON CONFLICT (period_id, concept) DO UPDATE SET value = EXCLUDED.value, source_id = EXCLUDED.source_id;
INSERT INTO financial_period (company_id, period_label, period_type, fiscal_year, fiscal_quarter, currency, unit, report_date, source_id) VALUES ('hextar-healthcare', 'Q2 FY22', 'quarter', 2022, 2, 'MYR', 'MYR millions', '2022-06-30', 'glove-tracker-hextar-healthcare') ON CONFLICT (company_id, period_label) DO UPDATE SET period_type = EXCLUDED.period_type, fiscal_year = EXCLUDED.fiscal_year, fiscal_quarter = EXCLUDED.fiscal_quarter, currency = EXCLUDED.currency, unit = EXCLUDED.unit, report_date = EXCLUDED.report_date, source_id = EXCLUDED.source_id;
INSERT INTO financial_fact (period_id, concept, value, source_id)
SELECT p.id, v.concept, v.value, 'glove-tracker-hextar-healthcare'
FROM financial_period p
JOIN (VALUES ('Revenue', 162.7::double precision), ('NetIncome', 15.3::double precision)) AS v(concept, value) ON true
WHERE p.company_id = 'hextar-healthcare' AND p.period_label = 'Q2 FY22'
ON CONFLICT (period_id, concept) DO UPDATE SET value = EXCLUDED.value, source_id = EXCLUDED.source_id;
INSERT INTO financial_period (company_id, period_label, period_type, fiscal_year, fiscal_quarter, currency, unit, report_date, source_id) VALUES ('hextar-healthcare', 'Q3 FY22', 'quarter', 2022, 3, 'MYR', 'MYR millions', '2022-09-30', 'glove-tracker-hextar-healthcare') ON CONFLICT (company_id, period_label) DO UPDATE SET period_type = EXCLUDED.period_type, fiscal_year = EXCLUDED.fiscal_year, fiscal_quarter = EXCLUDED.fiscal_quarter, currency = EXCLUDED.currency, unit = EXCLUDED.unit, report_date = EXCLUDED.report_date, source_id = EXCLUDED.source_id;
INSERT INTO financial_fact (period_id, concept, value, source_id)
SELECT p.id, v.concept, v.value, 'glove-tracker-hextar-healthcare'
FROM financial_period p
JOIN (VALUES ('Revenue', 162.3::double precision), ('NetIncome', 14::double precision)) AS v(concept, value) ON true
WHERE p.company_id = 'hextar-healthcare' AND p.period_label = 'Q3 FY22'
ON CONFLICT (period_id, concept) DO UPDATE SET value = EXCLUDED.value, source_id = EXCLUDED.source_id;
INSERT INTO financial_period (company_id, period_label, period_type, fiscal_year, fiscal_quarter, currency, unit, report_date, source_id) VALUES ('hextar-healthcare', 'Q4 FY22', 'quarter', 2022, 4, 'MYR', 'MYR millions', '2022-12-31', 'glove-tracker-hextar-healthcare') ON CONFLICT (company_id, period_label) DO UPDATE SET period_type = EXCLUDED.period_type, fiscal_year = EXCLUDED.fiscal_year, fiscal_quarter = EXCLUDED.fiscal_quarter, currency = EXCLUDED.currency, unit = EXCLUDED.unit, report_date = EXCLUDED.report_date, source_id = EXCLUDED.source_id;
INSERT INTO financial_fact (period_id, concept, value, source_id)
SELECT p.id, v.concept, v.value, 'glove-tracker-hextar-healthcare'
FROM financial_period p
JOIN (VALUES ('Revenue', 139.7::double precision), ('NetIncome', 4.6::double precision)) AS v(concept, value) ON true
WHERE p.company_id = 'hextar-healthcare' AND p.period_label = 'Q4 FY22'
ON CONFLICT (period_id, concept) DO UPDATE SET value = EXCLUDED.value, source_id = EXCLUDED.source_id;
INSERT INTO financial_period (company_id, period_label, period_type, fiscal_year, fiscal_quarter, currency, unit, report_date, source_id) VALUES ('hextar-healthcare', 'Q1 FY23', 'quarter', 2023, 1, 'MYR', 'MYR millions', '2023-03-31', 'glove-tracker-hextar-healthcare') ON CONFLICT (company_id, period_label) DO UPDATE SET period_type = EXCLUDED.period_type, fiscal_year = EXCLUDED.fiscal_year, fiscal_quarter = EXCLUDED.fiscal_quarter, currency = EXCLUDED.currency, unit = EXCLUDED.unit, report_date = EXCLUDED.report_date, source_id = EXCLUDED.source_id;
INSERT INTO financial_fact (period_id, concept, value, source_id)
SELECT p.id, v.concept, v.value, 'glove-tracker-hextar-healthcare'
FROM financial_period p
JOIN (VALUES ('Revenue', 143.3::double precision), ('NetIncome', 8.6::double precision)) AS v(concept, value) ON true
WHERE p.company_id = 'hextar-healthcare' AND p.period_label = 'Q1 FY23'
ON CONFLICT (period_id, concept) DO UPDATE SET value = EXCLUDED.value, source_id = EXCLUDED.source_id;
INSERT INTO financial_period (company_id, period_label, period_type, fiscal_year, fiscal_quarter, currency, unit, report_date, source_id) VALUES ('hextar-healthcare', 'Q2 FY23', 'quarter', 2023, 2, 'MYR', 'MYR millions', '2023-06-30', 'glove-tracker-hextar-healthcare') ON CONFLICT (company_id, period_label) DO UPDATE SET period_type = EXCLUDED.period_type, fiscal_year = EXCLUDED.fiscal_year, fiscal_quarter = EXCLUDED.fiscal_quarter, currency = EXCLUDED.currency, unit = EXCLUDED.unit, report_date = EXCLUDED.report_date, source_id = EXCLUDED.source_id;
INSERT INTO financial_fact (period_id, concept, value, source_id)
SELECT p.id, v.concept, v.value, 'glove-tracker-hextar-healthcare'
FROM financial_period p
JOIN (VALUES ('Revenue', 133.5::double precision), ('NetIncome', 8.7::double precision)) AS v(concept, value) ON true
WHERE p.company_id = 'hextar-healthcare' AND p.period_label = 'Q2 FY23'
ON CONFLICT (period_id, concept) DO UPDATE SET value = EXCLUDED.value, source_id = EXCLUDED.source_id;
INSERT INTO financial_period (company_id, period_label, period_type, fiscal_year, fiscal_quarter, currency, unit, report_date, source_id) VALUES ('hextar-healthcare', 'Q3 FY23', 'quarter', 2023, 3, 'MYR', 'MYR millions', '2023-09-30', 'glove-tracker-hextar-healthcare') ON CONFLICT (company_id, period_label) DO UPDATE SET period_type = EXCLUDED.period_type, fiscal_year = EXCLUDED.fiscal_year, fiscal_quarter = EXCLUDED.fiscal_quarter, currency = EXCLUDED.currency, unit = EXCLUDED.unit, report_date = EXCLUDED.report_date, source_id = EXCLUDED.source_id;
INSERT INTO financial_fact (period_id, concept, value, source_id)
SELECT p.id, v.concept, v.value, 'glove-tracker-hextar-healthcare'
FROM financial_period p
JOIN (VALUES ('Revenue', 182.9::double precision), ('NetIncome', 15.4::double precision)) AS v(concept, value) ON true
WHERE p.company_id = 'hextar-healthcare' AND p.period_label = 'Q3 FY23'
ON CONFLICT (period_id, concept) DO UPDATE SET value = EXCLUDED.value, source_id = EXCLUDED.source_id;
INSERT INTO financial_period (company_id, period_label, period_type, fiscal_year, fiscal_quarter, currency, unit, report_date, source_id) VALUES ('hextar-healthcare', 'Q4 FY23', 'quarter', 2023, 4, 'MYR', 'MYR millions', '2023-12-31', 'glove-tracker-hextar-healthcare') ON CONFLICT (company_id, period_label) DO UPDATE SET period_type = EXCLUDED.period_type, fiscal_year = EXCLUDED.fiscal_year, fiscal_quarter = EXCLUDED.fiscal_quarter, currency = EXCLUDED.currency, unit = EXCLUDED.unit, report_date = EXCLUDED.report_date, source_id = EXCLUDED.source_id;
INSERT INTO financial_fact (period_id, concept, value, source_id)
SELECT p.id, v.concept, v.value, 'glove-tracker-hextar-healthcare'
FROM financial_period p
JOIN (VALUES ('Revenue', 214.3::double precision), ('NetIncome', 23.4::double precision)) AS v(concept, value) ON true
WHERE p.company_id = 'hextar-healthcare' AND p.period_label = 'Q4 FY23'
ON CONFLICT (period_id, concept) DO UPDATE SET value = EXCLUDED.value, source_id = EXCLUDED.source_id;
INSERT INTO financial_period (company_id, period_label, period_type, fiscal_year, fiscal_quarter, currency, unit, report_date, source_id) VALUES ('hextar-healthcare', 'Q1 FY24', 'quarter', 2024, 1, 'MYR', 'MYR millions', '2024-03-31', 'glove-tracker-hextar-healthcare') ON CONFLICT (company_id, period_label) DO UPDATE SET period_type = EXCLUDED.period_type, fiscal_year = EXCLUDED.fiscal_year, fiscal_quarter = EXCLUDED.fiscal_quarter, currency = EXCLUDED.currency, unit = EXCLUDED.unit, report_date = EXCLUDED.report_date, source_id = EXCLUDED.source_id;
INSERT INTO financial_fact (period_id, concept, value, source_id)
SELECT p.id, v.concept, v.value, 'glove-tracker-hextar-healthcare'
FROM financial_period p
JOIN (VALUES ('Revenue', 232.269::double precision), ('NetIncome', 12.1::double precision)) AS v(concept, value) ON true
WHERE p.company_id = 'hextar-healthcare' AND p.period_label = 'Q1 FY24'
ON CONFLICT (period_id, concept) DO UPDATE SET value = EXCLUDED.value, source_id = EXCLUDED.source_id;
INSERT INTO financial_period (company_id, period_label, period_type, fiscal_year, fiscal_quarter, currency, unit, report_date, source_id) VALUES ('hextar-healthcare', 'Q2 FY24', 'quarter', 2024, 2, 'MYR', 'MYR millions', '2024-06-30', 'glove-tracker-hextar-healthcare') ON CONFLICT (company_id, period_label) DO UPDATE SET period_type = EXCLUDED.period_type, fiscal_year = EXCLUDED.fiscal_year, fiscal_quarter = EXCLUDED.fiscal_quarter, currency = EXCLUDED.currency, unit = EXCLUDED.unit, report_date = EXCLUDED.report_date, source_id = EXCLUDED.source_id;
INSERT INTO financial_fact (period_id, concept, value, source_id)
SELECT p.id, v.concept, v.value, 'glove-tracker-hextar-healthcare'
FROM financial_period p
JOIN (VALUES ('Revenue', 212.963::double precision), ('NetIncome', 19.2::double precision)) AS v(concept, value) ON true
WHERE p.company_id = 'hextar-healthcare' AND p.period_label = 'Q2 FY24'
ON CONFLICT (period_id, concept) DO UPDATE SET value = EXCLUDED.value, source_id = EXCLUDED.source_id;
INSERT INTO financial_period (company_id, period_label, period_type, fiscal_year, fiscal_quarter, currency, unit, report_date, source_id) VALUES ('hextar-healthcare', 'Q3 FY24', 'quarter', 2024, 3, 'MYR', 'MYR millions', '2024-09-30', 'glove-tracker-hextar-healthcare') ON CONFLICT (company_id, period_label) DO UPDATE SET period_type = EXCLUDED.period_type, fiscal_year = EXCLUDED.fiscal_year, fiscal_quarter = EXCLUDED.fiscal_quarter, currency = EXCLUDED.currency, unit = EXCLUDED.unit, report_date = EXCLUDED.report_date, source_id = EXCLUDED.source_id;
INSERT INTO financial_fact (period_id, concept, value, source_id)
SELECT p.id, v.concept, v.value, 'glove-tracker-hextar-healthcare'
FROM financial_period p
JOIN (VALUES ('Revenue', 252.962::double precision), ('NetIncome', 19.7::double precision)) AS v(concept, value) ON true
WHERE p.company_id = 'hextar-healthcare' AND p.period_label = 'Q3 FY24'
ON CONFLICT (period_id, concept) DO UPDATE SET value = EXCLUDED.value, source_id = EXCLUDED.source_id;
INSERT INTO financial_period (company_id, period_label, period_type, fiscal_year, fiscal_quarter, currency, unit, report_date, source_id) VALUES ('hextar-healthcare', 'Q4 FY24', 'quarter', 2024, 4, 'MYR', 'MYR millions', '2024-12-31', 'glove-tracker-hextar-healthcare') ON CONFLICT (company_id, period_label) DO UPDATE SET period_type = EXCLUDED.period_type, fiscal_year = EXCLUDED.fiscal_year, fiscal_quarter = EXCLUDED.fiscal_quarter, currency = EXCLUDED.currency, unit = EXCLUDED.unit, report_date = EXCLUDED.report_date, source_id = EXCLUDED.source_id;
INSERT INTO financial_fact (period_id, concept, value, source_id)
SELECT p.id, v.concept, v.value, 'glove-tracker-hextar-healthcare'
FROM financial_period p
JOIN (VALUES ('Revenue', 220.114::double precision), ('NetIncome', 8.1::double precision)) AS v(concept, value) ON true
WHERE p.company_id = 'hextar-healthcare' AND p.period_label = 'Q4 FY24'
ON CONFLICT (period_id, concept) DO UPDATE SET value = EXCLUDED.value, source_id = EXCLUDED.source_id;
INSERT INTO financial_period (company_id, period_label, period_type, fiscal_year, fiscal_quarter, currency, unit, report_date, source_id) VALUES ('hextar-healthcare', 'Q1 FY25', 'quarter', 2025, 1, 'MYR', 'MYR millions', '2025-03-31', 'glove-tracker-hextar-healthcare') ON CONFLICT (company_id, period_label) DO UPDATE SET period_type = EXCLUDED.period_type, fiscal_year = EXCLUDED.fiscal_year, fiscal_quarter = EXCLUDED.fiscal_quarter, currency = EXCLUDED.currency, unit = EXCLUDED.unit, report_date = EXCLUDED.report_date, source_id = EXCLUDED.source_id;
INSERT INTO financial_fact (period_id, concept, value, source_id)
SELECT p.id, v.concept, v.value, 'glove-tracker-hextar-healthcare'
FROM financial_period p
JOIN (VALUES ('Revenue', 238.548::double precision), ('NetIncome', 13.502::double precision)) AS v(concept, value) ON true
WHERE p.company_id = 'hextar-healthcare' AND p.period_label = 'Q1 FY25'
ON CONFLICT (period_id, concept) DO UPDATE SET value = EXCLUDED.value, source_id = EXCLUDED.source_id;
INSERT INTO financial_period (company_id, period_label, period_type, fiscal_year, fiscal_quarter, currency, unit, report_date, source_id) VALUES ('hextar-healthcare', 'Q2 FY25', 'quarter', 2025, 2, 'MYR', 'MYR millions', '2025-06-30', 'glove-tracker-hextar-healthcare') ON CONFLICT (company_id, period_label) DO UPDATE SET period_type = EXCLUDED.period_type, fiscal_year = EXCLUDED.fiscal_year, fiscal_quarter = EXCLUDED.fiscal_quarter, currency = EXCLUDED.currency, unit = EXCLUDED.unit, report_date = EXCLUDED.report_date, source_id = EXCLUDED.source_id;
INSERT INTO financial_fact (period_id, concept, value, source_id)
SELECT p.id, v.concept, v.value, 'glove-tracker-hextar-healthcare'
FROM financial_period p
JOIN (VALUES ('Revenue', 177.522::double precision), ('NetIncome', 15.934::double precision)) AS v(concept, value) ON true
WHERE p.company_id = 'hextar-healthcare' AND p.period_label = 'Q2 FY25'
ON CONFLICT (period_id, concept) DO UPDATE SET value = EXCLUDED.value, source_id = EXCLUDED.source_id;
INSERT INTO financial_period (company_id, period_label, period_type, fiscal_year, fiscal_quarter, currency, unit, report_date, source_id) VALUES ('hextar-healthcare', 'Q3 FY25', 'quarter', 2025, 3, 'MYR', 'MYR millions', '2025-09-30', 'glove-tracker-hextar-healthcare') ON CONFLICT (company_id, period_label) DO UPDATE SET period_type = EXCLUDED.period_type, fiscal_year = EXCLUDED.fiscal_year, fiscal_quarter = EXCLUDED.fiscal_quarter, currency = EXCLUDED.currency, unit = EXCLUDED.unit, report_date = EXCLUDED.report_date, source_id = EXCLUDED.source_id;
INSERT INTO financial_fact (period_id, concept, value, source_id)
SELECT p.id, v.concept, v.value, 'glove-tracker-hextar-healthcare'
FROM financial_period p
JOIN (VALUES ('Revenue', 232.137::double precision), ('NetIncome', 15.874::double precision)) AS v(concept, value) ON true
WHERE p.company_id = 'hextar-healthcare' AND p.period_label = 'Q3 FY25'
ON CONFLICT (period_id, concept) DO UPDATE SET value = EXCLUDED.value, source_id = EXCLUDED.source_id;
INSERT INTO financial_period (company_id, period_label, period_type, fiscal_year, fiscal_quarter, currency, unit, report_date, source_id) VALUES ('hextar-healthcare', 'Q4 FY25', 'quarter', 2025, 4, 'MYR', 'MYR millions', '2025-12-31', 'glove-tracker-hextar-healthcare') ON CONFLICT (company_id, period_label) DO UPDATE SET period_type = EXCLUDED.period_type, fiscal_year = EXCLUDED.fiscal_year, fiscal_quarter = EXCLUDED.fiscal_quarter, currency = EXCLUDED.currency, unit = EXCLUDED.unit, report_date = EXCLUDED.report_date, source_id = EXCLUDED.source_id;
INSERT INTO financial_fact (period_id, concept, value, source_id)
SELECT p.id, v.concept, v.value, 'glove-tracker-hextar-healthcare'
FROM financial_period p
JOIN (VALUES ('Revenue', 226.484::double precision), ('NetIncome', 16.125::double precision)) AS v(concept, value) ON true
WHERE p.company_id = 'hextar-healthcare' AND p.period_label = 'Q4 FY25'
ON CONFLICT (period_id, concept) DO UPDATE SET value = EXCLUDED.value, source_id = EXCLUDED.source_id;
INSERT INTO financial_period (company_id, period_label, period_type, fiscal_year, fiscal_quarter, currency, unit, report_date, source_id) VALUES ('hextar-healthcare', 'FY10', 'annual', 2010, NULL, 'MYR', 'MYR millions', '2010-09-30', 'glove-tracker-hextar-healthcare') ON CONFLICT (company_id, period_label) DO UPDATE SET period_type = EXCLUDED.period_type, fiscal_year = EXCLUDED.fiscal_year, fiscal_quarter = EXCLUDED.fiscal_quarter, currency = EXCLUDED.currency, unit = EXCLUDED.unit, report_date = EXCLUDED.report_date, source_id = EXCLUDED.source_id;
INSERT INTO financial_fact (period_id, concept, value, source_id)
SELECT p.id, v.concept, v.value, 'glove-tracker-hextar-healthcare'
FROM financial_period p
JOIN (VALUES ('Revenue', 89.6::double precision), ('NetIncome', 3.39::double precision)) AS v(concept, value) ON true
WHERE p.company_id = 'hextar-healthcare' AND p.period_label = 'FY10'
ON CONFLICT (period_id, concept) DO UPDATE SET value = EXCLUDED.value, source_id = EXCLUDED.source_id;
INSERT INTO financial_period (company_id, period_label, period_type, fiscal_year, fiscal_quarter, currency, unit, report_date, source_id) VALUES ('hextar-healthcare', 'FY11', 'annual', 2011, NULL, 'MYR', 'MYR millions', '2011-09-30', 'glove-tracker-hextar-healthcare') ON CONFLICT (company_id, period_label) DO UPDATE SET period_type = EXCLUDED.period_type, fiscal_year = EXCLUDED.fiscal_year, fiscal_quarter = EXCLUDED.fiscal_quarter, currency = EXCLUDED.currency, unit = EXCLUDED.unit, report_date = EXCLUDED.report_date, source_id = EXCLUDED.source_id;
INSERT INTO financial_fact (period_id, concept, value, source_id)
SELECT p.id, v.concept, v.value, 'glove-tracker-hextar-healthcare'
FROM financial_period p
JOIN (VALUES ('Revenue', 101.3::double precision), ('NetIncome', 4.348::double precision)) AS v(concept, value) ON true
WHERE p.company_id = 'hextar-healthcare' AND p.period_label = 'FY11'
ON CONFLICT (period_id, concept) DO UPDATE SET value = EXCLUDED.value, source_id = EXCLUDED.source_id;
INSERT INTO financial_period (company_id, period_label, period_type, fiscal_year, fiscal_quarter, currency, unit, report_date, source_id) VALUES ('hextar-healthcare', 'FY12', 'annual', 2012, NULL, 'MYR', 'MYR millions', '2012-09-30', 'glove-tracker-hextar-healthcare') ON CONFLICT (company_id, period_label) DO UPDATE SET period_type = EXCLUDED.period_type, fiscal_year = EXCLUDED.fiscal_year, fiscal_quarter = EXCLUDED.fiscal_quarter, currency = EXCLUDED.currency, unit = EXCLUDED.unit, report_date = EXCLUDED.report_date, source_id = EXCLUDED.source_id;
INSERT INTO financial_fact (period_id, concept, value, source_id)
SELECT p.id, v.concept, v.value, 'glove-tracker-hextar-healthcare'
FROM financial_period p
JOIN (VALUES ('Revenue', 102.1::double precision), ('NetIncome', 4.374::double precision)) AS v(concept, value) ON true
WHERE p.company_id = 'hextar-healthcare' AND p.period_label = 'FY12'
ON CONFLICT (period_id, concept) DO UPDATE SET value = EXCLUDED.value, source_id = EXCLUDED.source_id;
INSERT INTO financial_period (company_id, period_label, period_type, fiscal_year, fiscal_quarter, currency, unit, report_date, source_id) VALUES ('hextar-healthcare', 'FY13', 'annual', 2013, NULL, 'MYR', 'MYR millions', '2013-09-30', 'glove-tracker-hextar-healthcare') ON CONFLICT (company_id, period_label) DO UPDATE SET period_type = EXCLUDED.period_type, fiscal_year = EXCLUDED.fiscal_year, fiscal_quarter = EXCLUDED.fiscal_quarter, currency = EXCLUDED.currency, unit = EXCLUDED.unit, report_date = EXCLUDED.report_date, source_id = EXCLUDED.source_id;
INSERT INTO financial_fact (period_id, concept, value, source_id)
SELECT p.id, v.concept, v.value, 'glove-tracker-hextar-healthcare'
FROM financial_period p
JOIN (VALUES ('Revenue', 96.3::double precision), ('NetIncome', 3.545::double precision)) AS v(concept, value) ON true
WHERE p.company_id = 'hextar-healthcare' AND p.period_label = 'FY13'
ON CONFLICT (period_id, concept) DO UPDATE SET value = EXCLUDED.value, source_id = EXCLUDED.source_id;
INSERT INTO financial_period (company_id, period_label, period_type, fiscal_year, fiscal_quarter, currency, unit, report_date, source_id) VALUES ('hextar-healthcare', 'FY14', 'annual', 2014, NULL, 'MYR', 'MYR millions', '2014-09-30', 'glove-tracker-hextar-healthcare') ON CONFLICT (company_id, period_label) DO UPDATE SET period_type = EXCLUDED.period_type, fiscal_year = EXCLUDED.fiscal_year, fiscal_quarter = EXCLUDED.fiscal_quarter, currency = EXCLUDED.currency, unit = EXCLUDED.unit, report_date = EXCLUDED.report_date, source_id = EXCLUDED.source_id;
INSERT INTO financial_fact (period_id, concept, value, source_id)
SELECT p.id, v.concept, v.value, 'glove-tracker-hextar-healthcare'
FROM financial_period p
JOIN (VALUES ('Revenue', 94.6::double precision), ('NetIncome', 2.119::double precision)) AS v(concept, value) ON true
WHERE p.company_id = 'hextar-healthcare' AND p.period_label = 'FY14'
ON CONFLICT (period_id, concept) DO UPDATE SET value = EXCLUDED.value, source_id = EXCLUDED.source_id;
INSERT INTO financial_period (company_id, period_label, period_type, fiscal_year, fiscal_quarter, currency, unit, report_date, source_id) VALUES ('hextar-healthcare', 'FY16', 'annual', 2016, NULL, 'MYR', 'MYR millions', '2016-12-31', 'glove-tracker-hextar-healthcare') ON CONFLICT (company_id, period_label) DO UPDATE SET period_type = EXCLUDED.period_type, fiscal_year = EXCLUDED.fiscal_year, fiscal_quarter = EXCLUDED.fiscal_quarter, currency = EXCLUDED.currency, unit = EXCLUDED.unit, report_date = EXCLUDED.report_date, source_id = EXCLUDED.source_id;
INSERT INTO financial_fact (period_id, concept, value, source_id)
SELECT p.id, v.concept, v.value, 'glove-tracker-hextar-healthcare'
FROM financial_period p
JOIN (VALUES ('Revenue', 69.4::double precision), ('NetIncome', -22.104::double precision)) AS v(concept, value) ON true
WHERE p.company_id = 'hextar-healthcare' AND p.period_label = 'FY16'
ON CONFLICT (period_id, concept) DO UPDATE SET value = EXCLUDED.value, source_id = EXCLUDED.source_id;
INSERT INTO financial_period (company_id, period_label, period_type, fiscal_year, fiscal_quarter, currency, unit, report_date, source_id) VALUES ('hextar-healthcare', 'FY17', 'annual', 2017, NULL, 'MYR', 'MYR millions', '2017-12-31', 'glove-tracker-hextar-healthcare') ON CONFLICT (company_id, period_label) DO UPDATE SET period_type = EXCLUDED.period_type, fiscal_year = EXCLUDED.fiscal_year, fiscal_quarter = EXCLUDED.fiscal_quarter, currency = EXCLUDED.currency, unit = EXCLUDED.unit, report_date = EXCLUDED.report_date, source_id = EXCLUDED.source_id;
INSERT INTO financial_fact (period_id, concept, value, source_id)
SELECT p.id, v.concept, v.value, 'glove-tracker-hextar-healthcare'
FROM financial_period p
JOIN (VALUES ('Revenue', 69.1::double precision), ('NetIncome', -12.335::double precision)) AS v(concept, value) ON true
WHERE p.company_id = 'hextar-healthcare' AND p.period_label = 'FY17'
ON CONFLICT (period_id, concept) DO UPDATE SET value = EXCLUDED.value, source_id = EXCLUDED.source_id;
INSERT INTO financial_period (company_id, period_label, period_type, fiscal_year, fiscal_quarter, currency, unit, report_date, source_id) VALUES ('hextar-healthcare', 'FY18', 'annual', 2018, NULL, 'MYR', 'MYR millions', '2018-12-31', 'glove-tracker-hextar-healthcare') ON CONFLICT (company_id, period_label) DO UPDATE SET period_type = EXCLUDED.period_type, fiscal_year = EXCLUDED.fiscal_year, fiscal_quarter = EXCLUDED.fiscal_quarter, currency = EXCLUDED.currency, unit = EXCLUDED.unit, report_date = EXCLUDED.report_date, source_id = EXCLUDED.source_id;
INSERT INTO financial_fact (period_id, concept, value, source_id)
SELECT p.id, v.concept, v.value, 'glove-tracker-hextar-healthcare'
FROM financial_period p
JOIN (VALUES ('Revenue', 68.1::double precision), ('NetIncome', -11.067::double precision)) AS v(concept, value) ON true
WHERE p.company_id = 'hextar-healthcare' AND p.period_label = 'FY18'
ON CONFLICT (period_id, concept) DO UPDATE SET value = EXCLUDED.value, source_id = EXCLUDED.source_id;
INSERT INTO financial_period (company_id, period_label, period_type, fiscal_year, fiscal_quarter, currency, unit, report_date, source_id) VALUES ('hextar-healthcare', 'FY19', 'annual', 2019, NULL, 'MYR', 'MYR millions', '2019-12-31', 'glove-tracker-hextar-healthcare') ON CONFLICT (company_id, period_label) DO UPDATE SET period_type = EXCLUDED.period_type, fiscal_year = EXCLUDED.fiscal_year, fiscal_quarter = EXCLUDED.fiscal_quarter, currency = EXCLUDED.currency, unit = EXCLUDED.unit, report_date = EXCLUDED.report_date, source_id = EXCLUDED.source_id;
INSERT INTO financial_fact (period_id, concept, value, source_id)
SELECT p.id, v.concept, v.value, 'glove-tracker-hextar-healthcare'
FROM financial_period p
JOIN (VALUES ('Revenue', 253.5::double precision), ('NetIncome', -5.973::double precision)) AS v(concept, value) ON true
WHERE p.company_id = 'hextar-healthcare' AND p.period_label = 'FY19'
ON CONFLICT (period_id, concept) DO UPDATE SET value = EXCLUDED.value, source_id = EXCLUDED.source_id;
INSERT INTO financial_period (company_id, period_label, period_type, fiscal_year, fiscal_quarter, currency, unit, report_date, source_id) VALUES ('hextar-healthcare', 'FY20', 'annual', 2020, NULL, 'MYR', 'MYR millions', '2020-12-31', 'glove-tracker-hextar-healthcare') ON CONFLICT (company_id, period_label) DO UPDATE SET period_type = EXCLUDED.period_type, fiscal_year = EXCLUDED.fiscal_year, fiscal_quarter = EXCLUDED.fiscal_quarter, currency = EXCLUDED.currency, unit = EXCLUDED.unit, report_date = EXCLUDED.report_date, source_id = EXCLUDED.source_id;
INSERT INTO financial_fact (period_id, concept, value, source_id)
SELECT p.id, v.concept, v.value, 'glove-tracker-hextar-healthcare'
FROM financial_period p
JOIN (VALUES ('Revenue', 417.7::double precision), ('NetIncome', 44.6::double precision)) AS v(concept, value) ON true
WHERE p.company_id = 'hextar-healthcare' AND p.period_label = 'FY20'
ON CONFLICT (period_id, concept) DO UPDATE SET value = EXCLUDED.value, source_id = EXCLUDED.source_id;
INSERT INTO financial_period (company_id, period_label, period_type, fiscal_year, fiscal_quarter, currency, unit, report_date, source_id) VALUES ('hextar-healthcare', 'FY21', 'annual', 2021, NULL, 'MYR', 'MYR millions', '2021-12-31', 'glove-tracker-hextar-healthcare') ON CONFLICT (company_id, period_label) DO UPDATE SET period_type = EXCLUDED.period_type, fiscal_year = EXCLUDED.fiscal_year, fiscal_quarter = EXCLUDED.fiscal_quarter, currency = EXCLUDED.currency, unit = EXCLUDED.unit, report_date = EXCLUDED.report_date, source_id = EXCLUDED.source_id;
INSERT INTO financial_fact (period_id, concept, value, source_id)
SELECT p.id, v.concept, v.value, 'glove-tracker-hextar-healthcare'
FROM financial_period p
JOIN (VALUES ('Revenue', 464::double precision), ('NetIncome', 39.7::double precision)) AS v(concept, value) ON true
WHERE p.company_id = 'hextar-healthcare' AND p.period_label = 'FY21'
ON CONFLICT (period_id, concept) DO UPDATE SET value = EXCLUDED.value, source_id = EXCLUDED.source_id;
INSERT INTO financial_period (company_id, period_label, period_type, fiscal_year, fiscal_quarter, currency, unit, report_date, source_id) VALUES ('hextar-healthcare', 'FY22', 'annual', 2022, NULL, 'MYR', 'MYR millions', '2022-12-31', 'glove-tracker-hextar-healthcare') ON CONFLICT (company_id, period_label) DO UPDATE SET period_type = EXCLUDED.period_type, fiscal_year = EXCLUDED.fiscal_year, fiscal_quarter = EXCLUDED.fiscal_quarter, currency = EXCLUDED.currency, unit = EXCLUDED.unit, report_date = EXCLUDED.report_date, source_id = EXCLUDED.source_id;
INSERT INTO financial_fact (period_id, concept, value, source_id)
SELECT p.id, v.concept, v.value, 'glove-tracker-hextar-healthcare'
FROM financial_period p
JOIN (VALUES ('Revenue', 618.3::double precision), ('NetIncome', 49.5::double precision)) AS v(concept, value) ON true
WHERE p.company_id = 'hextar-healthcare' AND p.period_label = 'FY22'
ON CONFLICT (period_id, concept) DO UPDATE SET value = EXCLUDED.value, source_id = EXCLUDED.source_id;
INSERT INTO financial_period (company_id, period_label, period_type, fiscal_year, fiscal_quarter, currency, unit, report_date, source_id) VALUES ('hextar-healthcare', 'FY23', 'annual', 2023, NULL, 'MYR', 'MYR millions', '2023-12-31', 'glove-tracker-hextar-healthcare') ON CONFLICT (company_id, period_label) DO UPDATE SET period_type = EXCLUDED.period_type, fiscal_year = EXCLUDED.fiscal_year, fiscal_quarter = EXCLUDED.fiscal_quarter, currency = EXCLUDED.currency, unit = EXCLUDED.unit, report_date = EXCLUDED.report_date, source_id = EXCLUDED.source_id;
INSERT INTO financial_fact (period_id, concept, value, source_id)
SELECT p.id, v.concept, v.value, 'glove-tracker-hextar-healthcare'
FROM financial_period p
JOIN (VALUES ('Revenue', 674::double precision), ('NetIncome', 56.1::double precision)) AS v(concept, value) ON true
WHERE p.company_id = 'hextar-healthcare' AND p.period_label = 'FY23'
ON CONFLICT (period_id, concept) DO UPDATE SET value = EXCLUDED.value, source_id = EXCLUDED.source_id;
INSERT INTO financial_period (company_id, period_label, period_type, fiscal_year, fiscal_quarter, currency, unit, report_date, source_id) VALUES ('hextar-healthcare', 'FY24', 'annual', 2024, NULL, 'MYR', 'MYR millions', '2024-12-31', 'glove-tracker-hextar-healthcare') ON CONFLICT (company_id, period_label) DO UPDATE SET period_type = EXCLUDED.period_type, fiscal_year = EXCLUDED.fiscal_year, fiscal_quarter = EXCLUDED.fiscal_quarter, currency = EXCLUDED.currency, unit = EXCLUDED.unit, report_date = EXCLUDED.report_date, source_id = EXCLUDED.source_id;
INSERT INTO financial_fact (period_id, concept, value, source_id)
SELECT p.id, v.concept, v.value, 'glove-tracker-hextar-healthcare'
FROM financial_period p
JOIN (VALUES ('Revenue', 918.308::double precision), ('NetIncome', 59.1::double precision)) AS v(concept, value) ON true
WHERE p.company_id = 'hextar-healthcare' AND p.period_label = 'FY24'
ON CONFLICT (period_id, concept) DO UPDATE SET value = EXCLUDED.value, source_id = EXCLUDED.source_id;
INSERT INTO financial_period (company_id, period_label, period_type, fiscal_year, fiscal_quarter, currency, unit, report_date, source_id) VALUES ('hextar-healthcare', 'FY25', 'annual', 2025, NULL, 'MYR', 'MYR millions', '2025-12-31', 'glove-tracker-hextar-healthcare') ON CONFLICT (company_id, period_label) DO UPDATE SET period_type = EXCLUDED.period_type, fiscal_year = EXCLUDED.fiscal_year, fiscal_quarter = EXCLUDED.fiscal_quarter, currency = EXCLUDED.currency, unit = EXCLUDED.unit, report_date = EXCLUDED.report_date, source_id = EXCLUDED.source_id;
INSERT INTO financial_fact (period_id, concept, value, source_id)
SELECT p.id, v.concept, v.value, 'glove-tracker-hextar-healthcare'
FROM financial_period p
JOIN (VALUES ('Revenue', 874.691::double precision), ('NetIncome', 61.435::double precision)) AS v(concept, value) ON true
WHERE p.company_id = 'hextar-healthcare' AND p.period_label = 'FY25'
ON CONFLICT (period_id, concept) DO UPDATE SET value = EXCLUDED.value, source_id = EXCLUDED.source_id;
