-- Generated by seed/generate.mjs — do not edit by hand.
PRAGMA foreign_keys = ON;
INSERT OR REPLACE INTO source (id, kind, name, url, retrieved_at, note) VALUES ('seed-nvidia', 'seed', 'Manual seed — NVIDIA Corporation public filings', 'https://www.nvidia.com', '2026-07-21', 'Approximate annual figures compiled manually from public filings (10-K/20-F/annual reports). Not audited copies; some concepts omitted. Superseded by automated ingestion (P022).');
INSERT OR REPLACE INTO source (id, kind, name, url, retrieved_at, note) VALUES ('seed-tsmc', 'seed', 'Manual seed — Taiwan Semiconductor Mfg. public filings', 'https://www.tsmc.com', '2026-07-21', 'Approximate annual figures compiled manually from public filings (10-K/20-F/annual reports). Not audited copies; some concepts omitted. Superseded by automated ingestion (P022).');
INSERT OR REPLACE INTO source (id, kind, name, url, retrieved_at, note) VALUES ('seed-amd', 'seed', 'Manual seed — Advanced Micro Devices public filings', 'https://www.amd.com', '2026-07-21', 'Approximate annual figures compiled manually from public filings (10-K/20-F/annual reports). Not audited copies; some concepts omitted. Superseded by automated ingestion (P022).');
INSERT OR REPLACE INTO source (id, kind, name, url, retrieved_at, note) VALUES ('seed-asml', 'seed', 'Manual seed — ASML Holding public filings', 'https://www.asml.com', '2026-07-21', 'Approximate annual figures compiled manually from public filings (10-K/20-F/annual reports). Not audited copies; some concepts omitted. Superseded by automated ingestion (P022).');
INSERT OR REPLACE INTO source (id, kind, name, url, retrieved_at, note) VALUES ('seed-broadcom', 'seed', 'Manual seed — Broadcom public filings', 'https://www.broadcom.com', '2026-07-21', 'Approximate annual figures compiled manually from public filings (10-K/20-F/annual reports). Not audited copies; some concepts omitted. Superseded by automated ingestion (P022).');
INSERT OR REPLACE INTO source (id, kind, name, url, retrieved_at, note) VALUES ('seed-micron', 'seed', 'Manual seed — Micron Technology public filings', 'https://www.micron.com', '2026-07-21', 'Approximate annual figures compiled manually from public filings (10-K/20-F/annual reports). Not audited copies; some concepts omitted. Superseded by automated ingestion (P022).');
INSERT OR REPLACE INTO source (id, kind, name, url, retrieved_at, note) VALUES ('seed-sk-hynix', 'seed', 'Manual seed — SK hynix public filings', 'https://www.skhynix.com', '2026-07-21', 'Approximate annual figures compiled manually from public filings (10-K/20-F/annual reports). Not audited copies; some concepts omitted. Superseded by automated ingestion (P022).');
INSERT OR REPLACE INTO source (id, kind, name, url, retrieved_at, note) VALUES ('seed-intel', 'seed', 'Manual seed — Intel Corporation public filings', 'https://www.intel.com', '2026-07-21', 'Approximate annual figures compiled manually from public filings (10-K/20-F/annual reports). Not audited copies; some concepts omitted. Superseded by automated ingestion (P022).');
INSERT OR REPLACE INTO source (id, kind, name, url, retrieved_at, note) VALUES ('seed-arista', 'seed', 'Manual seed — Arista Networks public filings', 'https://www.arista.com', '2026-07-21', 'Approximate annual figures compiled manually from public filings (10-K/20-F/annual reports). Not audited copies; some concepts omitted. Superseded by automated ingestion (P022).');
INSERT OR REPLACE INTO source (id, kind, name, url, retrieved_at, note) VALUES ('seed-vertiv', 'seed', 'Manual seed — Vertiv Holdings public filings', 'https://www.vertiv.com', '2026-07-21', 'Approximate annual figures compiled manually from public filings (10-K/20-F/annual reports). Not audited copies; some concepts omitted. Superseded by automated ingestion (P022).');
INSERT OR REPLACE INTO industry (id, name, sector, description, chain_order) VALUES ('semis-equipment', 'Semiconductor Equipment', 'Semiconductors', NULL, 1);
INSERT OR REPLACE INTO industry (id, name, sector, description, chain_order) VALUES ('semis-foundry', 'Foundry & IDM', 'Semiconductors', NULL, 2);
INSERT OR REPLACE INTO industry (id, name, sector, description, chain_order) VALUES ('semis-memory', 'Memory (HBM / DRAM / NAND)', 'Semiconductors', NULL, 3);
INSERT OR REPLACE INTO industry (id, name, sector, description, chain_order) VALUES ('semis-accelerators', 'AI Accelerators & GPUs', 'Semiconductors', NULL, 4);
INSERT OR REPLACE INTO industry (id, name, sector, description, chain_order) VALUES ('networking', 'Networking & Custom ASIC', 'AI Infrastructure', NULL, 5);
INSERT OR REPLACE INTO industry (id, name, sector, description, chain_order) VALUES ('dc-power-cooling', 'Data Center Power & Cooling', 'AI Infrastructure', NULL, 6);
INSERT OR REPLACE INTO company (id, name, ticker, exchange, segment, country, industry_id, description, headquarters, founded_year, website, reporting_currency) VALUES ('nvidia', 'NVIDIA Corporation', 'NVDA', 'NASDAQ', 'GPU / AI Accelerators', 'United States', 'semis-accelerators', 'Dominant supplier of AI training and inference accelerators; full-stack platform spanning GPUs, networking (Mellanox), and the CUDA software ecosystem.', 'Santa Clara, California', 1993, 'https://www.nvidia.com', 'USD');
INSERT OR REPLACE INTO financial_period (id, company_id, period_label, period_type, fiscal_year, fiscal_quarter, currency, unit, source_id) VALUES (100, 'nvidia', 'FY22', 'annual', 2022, NULL, 'USD', 'USD millions', 'seed-nvidia');
INSERT OR REPLACE INTO financial_fact (period_id, concept, value, source_id) VALUES
  (100, 'Revenue', 26914, 'seed-nvidia'),
  (100, 'CostOfRevenue', 9439, 'seed-nvidia'),
  (100, 'RnDExpense', 5268, 'seed-nvidia'),
  (100, 'GnAExpense', 2166, 'seed-nvidia'),
  (100, 'OperatingIncome', 10041, 'seed-nvidia'),
  (100, 'NetIncome', 9752, 'seed-nvidia'),
  (100, 'IncomeTax', 189, 'seed-nvidia'),
  (100, 'InterestExpense', 236, 'seed-nvidia'),
  (100, 'OperatingCashFlow', 9108, 'seed-nvidia'),
  (100, 'Capex', 976, 'seed-nvidia'),
  (100, 'DepreciationAmortization', 1174, 'seed-nvidia'),
  (100, 'CashAndEquivalents', 21208, 'seed-nvidia'),
  (100, 'AccountsReceivable', 4650, 'seed-nvidia'),
  (100, 'Inventory', 2605, 'seed-nvidia'),
  (100, 'CurrentAssets', 28829, 'seed-nvidia'),
  (100, 'CurrentLiabilities', 4335, 'seed-nvidia'),
  (100, 'TotalAssets', 44187, 'seed-nvidia'),
  (100, 'LongTermDebt', 10946, 'seed-nvidia'),
  (100, 'TotalLiabilities', 17575, 'seed-nvidia'),
  (100, 'TotalEquity', 26612, 'seed-nvidia'),
  (100, 'DilutedShares', 25350, 'seed-nvidia');
INSERT OR REPLACE INTO financial_period (id, company_id, period_label, period_type, fiscal_year, fiscal_quarter, currency, unit, source_id) VALUES (101, 'nvidia', 'FY23', 'annual', 2023, NULL, 'USD', 'USD millions', 'seed-nvidia');
INSERT OR REPLACE INTO financial_fact (period_id, concept, value, source_id) VALUES
  (101, 'Revenue', 26974, 'seed-nvidia'),
  (101, 'CostOfRevenue', 11618, 'seed-nvidia'),
  (101, 'RnDExpense', 7339, 'seed-nvidia'),
  (101, 'GnAExpense', 2440, 'seed-nvidia'),
  (101, 'OperatingIncome', 4224, 'seed-nvidia'),
  (101, 'NetIncome', 4368, 'seed-nvidia'),
  (101, 'OperatingCashFlow', 5641, 'seed-nvidia'),
  (101, 'Capex', 1833, 'seed-nvidia'),
  (101, 'DepreciationAmortization', 1544, 'seed-nvidia'),
  (101, 'CashAndEquivalents', 13296, 'seed-nvidia'),
  (101, 'AccountsReceivable', 3827, 'seed-nvidia'),
  (101, 'Inventory', 5159, 'seed-nvidia'),
  (101, 'CurrentAssets', 23073, 'seed-nvidia'),
  (101, 'CurrentLiabilities', 6563, 'seed-nvidia'),
  (101, 'TotalAssets', 41182, 'seed-nvidia'),
  (101, 'LongTermDebt', 9703, 'seed-nvidia'),
  (101, 'TotalLiabilities', 19081, 'seed-nvidia'),
  (101, 'TotalEquity', 22101, 'seed-nvidia'),
  (101, 'DilutedShares', 24700, 'seed-nvidia'),
  (101, 'ShareRepurchases', 10039, 'seed-nvidia');
INSERT OR REPLACE INTO financial_period (id, company_id, period_label, period_type, fiscal_year, fiscal_quarter, currency, unit, source_id) VALUES (102, 'nvidia', 'FY24', 'annual', 2024, NULL, 'USD', 'USD millions', 'seed-nvidia');
INSERT OR REPLACE INTO financial_fact (period_id, concept, value, source_id) VALUES
  (102, 'Revenue', 60922, 'seed-nvidia'),
  (102, 'CostOfRevenue', 16621, 'seed-nvidia'),
  (102, 'RnDExpense', 8675, 'seed-nvidia'),
  (102, 'GnAExpense', 2654, 'seed-nvidia'),
  (102, 'OperatingIncome', 32972, 'seed-nvidia'),
  (102, 'NetIncome', 29760, 'seed-nvidia'),
  (102, 'IncomeTax', 4058, 'seed-nvidia'),
  (102, 'InterestExpense', 257, 'seed-nvidia'),
  (102, 'OperatingCashFlow', 28090, 'seed-nvidia'),
  (102, 'Capex', 1069, 'seed-nvidia'),
  (102, 'DepreciationAmortization', 1508, 'seed-nvidia'),
  (102, 'CashAndEquivalents', 25984, 'seed-nvidia'),
  (102, 'AccountsReceivable', 9999, 'seed-nvidia'),
  (102, 'Inventory', 5282, 'seed-nvidia'),
  (102, 'CurrentAssets', 44345, 'seed-nvidia'),
  (102, 'CurrentLiabilities', 10631, 'seed-nvidia'),
  (102, 'TotalAssets', 65728, 'seed-nvidia'),
  (102, 'LongTermDebt', 8459, 'seed-nvidia'),
  (102, 'TotalLiabilities', 22750, 'seed-nvidia'),
  (102, 'TotalEquity', 42978, 'seed-nvidia'),
  (102, 'DilutedShares', 24940, 'seed-nvidia'),
  (102, 'ShareRepurchases', 9533, 'seed-nvidia');
INSERT OR REPLACE INTO financial_period (id, company_id, period_label, period_type, fiscal_year, fiscal_quarter, currency, unit, source_id) VALUES (103, 'nvidia', 'FY25', 'annual', 2025, NULL, 'USD', 'USD millions', 'seed-nvidia');
INSERT OR REPLACE INTO financial_fact (period_id, concept, value, source_id) VALUES
  (103, 'Revenue', 130497, 'seed-nvidia'),
  (103, 'CostOfRevenue', 32639, 'seed-nvidia'),
  (103, 'RnDExpense', 12914, 'seed-nvidia'),
  (103, 'GnAExpense', 3491, 'seed-nvidia'),
  (103, 'OperatingIncome', 81453, 'seed-nvidia'),
  (103, 'NetIncome', 72880, 'seed-nvidia'),
  (103, 'IncomeTax', 11146, 'seed-nvidia'),
  (103, 'InterestExpense', 247, 'seed-nvidia'),
  (103, 'OperatingCashFlow', 64089, 'seed-nvidia'),
  (103, 'Capex', 3236, 'seed-nvidia'),
  (103, 'DepreciationAmortization', 1864, 'seed-nvidia'),
  (103, 'CashAndEquivalents', 43210, 'seed-nvidia'),
  (103, 'AccountsReceivable', 23065, 'seed-nvidia'),
  (103, 'Inventory', 10080, 'seed-nvidia'),
  (103, 'CurrentAssets', 80126, 'seed-nvidia'),
  (103, 'CurrentLiabilities', 18047, 'seed-nvidia'),
  (103, 'TotalAssets', 111601, 'seed-nvidia'),
  (103, 'LongTermDebt', 8463, 'seed-nvidia'),
  (103, 'TotalLiabilities', 32274, 'seed-nvidia'),
  (103, 'TotalEquity', 79327, 'seed-nvidia'),
  (103, 'DilutedShares', 24804, 'seed-nvidia'),
  (103, 'ShareRepurchases', 33706, 'seed-nvidia');
INSERT OR REPLACE INTO company (id, name, ticker, exchange, segment, country, industry_id, description, headquarters, founded_year, website, reporting_currency) VALUES ('tsmc', 'Taiwan Semiconductor Mfg.', 'TSM', 'NYSE (ADR)', 'Foundry', 'Taiwan', 'semis-foundry', 'The world''s leading dedicated foundry; manufactures virtually all leading-edge AI accelerators (N5/N4/N3) and leads advanced packaging (CoWoS).', 'Hsinchu, Taiwan', 1987, 'https://www.tsmc.com', 'TWD');
INSERT OR REPLACE INTO financial_period (id, company_id, period_label, period_type, fiscal_year, fiscal_quarter, currency, unit, source_id) VALUES (200, 'tsmc', 'FY21', 'annual', 2021, NULL, 'TWD', 'TWD millions', 'seed-tsmc');
INSERT OR REPLACE INTO financial_fact (period_id, concept, value, source_id) VALUES
  (200, 'Revenue', 1587415, 'seed-tsmc'),
  (200, 'CostOfRevenue', 767878, 'seed-tsmc'),
  (200, 'OperatingIncome', 649981, 'seed-tsmc'),
  (200, 'NetIncome', 597097, 'seed-tsmc'),
  (200, 'OperatingCashFlow', 1112160, 'seed-tsmc'),
  (200, 'Capex', 839196, 'seed-tsmc'),
  (200, 'CashAndEquivalents', 1064990, 'seed-tsmc'),
  (200, 'TotalAssets', 3725503, 'seed-tsmc'),
  (200, 'TotalEquity', 2175308, 'seed-tsmc'),
  (200, 'DilutedShares', 25932, 'seed-tsmc');
INSERT OR REPLACE INTO financial_period (id, company_id, period_label, period_type, fiscal_year, fiscal_quarter, currency, unit, source_id) VALUES (201, 'tsmc', 'FY22', 'annual', 2022, NULL, 'TWD', 'TWD millions', 'seed-tsmc');
INSERT OR REPLACE INTO financial_fact (period_id, concept, value, source_id) VALUES
  (201, 'Revenue', 2263891, 'seed-tsmc'),
  (201, 'CostOfRevenue', 915536, 'seed-tsmc'),
  (201, 'OperatingIncome', 1121279, 'seed-tsmc'),
  (201, 'NetIncome', 1016530, 'seed-tsmc'),
  (201, 'OperatingCashFlow', 1610599, 'seed-tsmc'),
  (201, 'Capex', 1082672, 'seed-tsmc'),
  (201, 'CashAndEquivalents', 1342814, 'seed-tsmc'),
  (201, 'TotalAssets', 4964459, 'seed-tsmc'),
  (201, 'TotalEquity', 2960492, 'seed-tsmc'),
  (201, 'DilutedShares', 25932, 'seed-tsmc');
INSERT OR REPLACE INTO financial_period (id, company_id, period_label, period_type, fiscal_year, fiscal_quarter, currency, unit, source_id) VALUES (202, 'tsmc', 'FY23', 'annual', 2023, NULL, 'TWD', 'TWD millions', 'seed-tsmc');
INSERT OR REPLACE INTO financial_fact (period_id, concept, value, source_id) VALUES
  (202, 'Revenue', 2161736, 'seed-tsmc'),
  (202, 'CostOfRevenue', 986625, 'seed-tsmc'),
  (202, 'OperatingIncome', 921466, 'seed-tsmc'),
  (202, 'NetIncome', 838498, 'seed-tsmc'),
  (202, 'OperatingCashFlow', 1241979, 'seed-tsmc'),
  (202, 'Capex', 949517, 'seed-tsmc'),
  (202, 'CashAndEquivalents', 1465428, 'seed-tsmc'),
  (202, 'TotalAssets', 5532196, 'seed-tsmc'),
  (202, 'TotalEquity', 3458314, 'seed-tsmc'),
  (202, 'DilutedShares', 25932, 'seed-tsmc');
INSERT OR REPLACE INTO financial_period (id, company_id, period_label, period_type, fiscal_year, fiscal_quarter, currency, unit, source_id) VALUES (203, 'tsmc', 'FY24', 'annual', 2024, NULL, 'TWD', 'TWD millions', 'seed-tsmc');
INSERT OR REPLACE INTO financial_fact (period_id, concept, value, source_id) VALUES
  (203, 'Revenue', 2894308, 'seed-tsmc'),
  (203, 'CostOfRevenue', 1269954, 'seed-tsmc'),
  (203, 'OperatingIncome', 1322050, 'seed-tsmc'),
  (203, 'NetIncome', 1173268, 'seed-tsmc'),
  (203, 'OperatingCashFlow', 1826079, 'seed-tsmc'),
  (203, 'Capex', 913024, 'seed-tsmc'),
  (203, 'CashAndEquivalents', 2127627, 'seed-tsmc'),
  (203, 'TotalAssets', 6691765, 'seed-tsmc'),
  (203, 'TotalEquity', 4306743, 'seed-tsmc'),
  (203, 'DilutedShares', 25932, 'seed-tsmc');
INSERT OR REPLACE INTO company (id, name, ticker, exchange, segment, country, industry_id, description, headquarters, founded_year, website, reporting_currency) VALUES ('amd', 'Advanced Micro Devices', 'AMD', 'NASDAQ', 'CPU / GPU / AI Accelerators', 'United States', 'semis-accelerators', 'x86 CPUs (EPYC, Ryzen), Instinct AI accelerators, and adaptive computing (Xilinx). Primary challenger to NVIDIA in data-center AI.', 'Santa Clara, California', 1969, 'https://www.amd.com', 'USD');
INSERT OR REPLACE INTO financial_period (id, company_id, period_label, period_type, fiscal_year, fiscal_quarter, currency, unit, source_id) VALUES (300, 'amd', 'FY21', 'annual', 2021, NULL, 'USD', 'USD millions', 'seed-amd');
INSERT OR REPLACE INTO financial_fact (period_id, concept, value, source_id) VALUES
  (300, 'Revenue', 16434, 'seed-amd'),
  (300, 'CostOfRevenue', 8505, 'seed-amd'),
  (300, 'RnDExpense', 2845, 'seed-amd'),
  (300, 'SnMExpense', 1448, 'seed-amd'),
  (300, 'OperatingIncome', 3648, 'seed-amd'),
  (300, 'NetIncome', 3162, 'seed-amd'),
  (300, 'IncomeTax', 513, 'seed-amd'),
  (300, 'OperatingCashFlow', 3521, 'seed-amd'),
  (300, 'Capex', 301, 'seed-amd'),
  (300, 'CashAndEquivalents', 3608, 'seed-amd'),
  (300, 'TotalAssets', 12419, 'seed-amd'),
  (300, 'TotalEquity', 7497, 'seed-amd'),
  (300, 'DilutedShares', 1229, 'seed-amd');
INSERT OR REPLACE INTO financial_period (id, company_id, period_label, period_type, fiscal_year, fiscal_quarter, currency, unit, source_id) VALUES (301, 'amd', 'FY22', 'annual', 2022, NULL, 'USD', 'USD millions', 'seed-amd');
INSERT OR REPLACE INTO financial_fact (period_id, concept, value, source_id) VALUES
  (301, 'Revenue', 23601, 'seed-amd'),
  (301, 'CostOfRevenue', 12998, 'seed-amd'),
  (301, 'RnDExpense', 5005, 'seed-amd'),
  (301, 'SnMExpense', 2336, 'seed-amd'),
  (301, 'OperatingIncome', 1264, 'seed-amd'),
  (301, 'NetIncome', 1320, 'seed-amd'),
  (301, 'OperatingCashFlow', 3565, 'seed-amd'),
  (301, 'Capex', 450, 'seed-amd'),
  (301, 'DepreciationAmortization', 4174, 'seed-amd'),
  (301, 'CashAndEquivalents', 5855, 'seed-amd'),
  (301, 'TotalAssets', 67580, 'seed-amd'),
  (301, 'TotalEquity', 54750, 'seed-amd'),
  (301, 'DilutedShares', 1571, 'seed-amd');
INSERT OR REPLACE INTO financial_period (id, company_id, period_label, period_type, fiscal_year, fiscal_quarter, currency, unit, source_id) VALUES (302, 'amd', 'FY23', 'annual', 2023, NULL, 'USD', 'USD millions', 'seed-amd');
INSERT OR REPLACE INTO financial_fact (period_id, concept, value, source_id) VALUES
  (302, 'Revenue', 22680, 'seed-amd'),
  (302, 'CostOfRevenue', 12220, 'seed-amd'),
  (302, 'RnDExpense', 5872, 'seed-amd'),
  (302, 'SnMExpense', 2352, 'seed-amd'),
  (302, 'OperatingIncome', 401, 'seed-amd'),
  (302, 'NetIncome', 854, 'seed-amd'),
  (302, 'OperatingCashFlow', 1667, 'seed-amd'),
  (302, 'Capex', 546, 'seed-amd'),
  (302, 'CashAndEquivalents', 5773, 'seed-amd'),
  (302, 'TotalAssets', 67885, 'seed-amd'),
  (302, 'TotalEquity', 55892, 'seed-amd'),
  (302, 'DilutedShares', 1625, 'seed-amd');
INSERT OR REPLACE INTO financial_period (id, company_id, period_label, period_type, fiscal_year, fiscal_quarter, currency, unit, source_id) VALUES (303, 'amd', 'FY24', 'annual', 2024, NULL, 'USD', 'USD millions', 'seed-amd');
INSERT OR REPLACE INTO financial_fact (period_id, concept, value, source_id) VALUES
  (303, 'Revenue', 25785, 'seed-amd'),
  (303, 'CostOfRevenue', 12206, 'seed-amd'),
  (303, 'RnDExpense', 6456, 'seed-amd'),
  (303, 'SnMExpense', 2783, 'seed-amd'),
  (303, 'OperatingIncome', 1900, 'seed-amd'),
  (303, 'NetIncome', 1641, 'seed-amd'),
  (303, 'IncomeTax', 302, 'seed-amd'),
  (303, 'OperatingCashFlow', 3041, 'seed-amd'),
  (303, 'Capex', 636, 'seed-amd'),
  (303, 'CashAndEquivalents', 5132, 'seed-amd'),
  (303, 'TotalAssets', 69226, 'seed-amd'),
  (303, 'TotalEquity', 57568, 'seed-amd'),
  (303, 'DilutedShares', 1637, 'seed-amd');
INSERT OR REPLACE INTO company (id, name, ticker, exchange, segment, country, industry_id, description, headquarters, founded_year, website, reporting_currency) VALUES ('asml', 'ASML Holding', 'ASML', 'NASDAQ', 'Lithography', 'Netherlands', 'semis-equipment', 'Monopoly supplier of EUV lithography systems — the critical tool for leading-edge logic and DRAM manufacturing.', 'Veldhoven, Netherlands', 1984, 'https://www.asml.com', 'EUR');
INSERT OR REPLACE INTO financial_period (id, company_id, period_label, period_type, fiscal_year, fiscal_quarter, currency, unit, source_id) VALUES (400, 'asml', 'FY21', 'annual', 2021, NULL, 'EUR', 'EUR millions', 'seed-asml');
INSERT OR REPLACE INTO financial_fact (period_id, concept, value, source_id) VALUES
  (400, 'Revenue', 18611, 'seed-asml'),
  (400, 'CostOfRevenue', 8850, 'seed-asml'),
  (400, 'RnDExpense', 2547, 'seed-asml'),
  (400, 'GnAExpense', 725, 'seed-asml'),
  (400, 'OperatingIncome', 6846, 'seed-asml'),
  (400, 'NetIncome', 5883, 'seed-asml'),
  (400, 'OperatingCashFlow', 10845, 'seed-asml'),
  (400, 'Capex', 971, 'seed-asml'),
  (400, 'CashAndEquivalents', 7586, 'seed-asml'),
  (400, 'TotalAssets', 30432, 'seed-asml'),
  (400, 'TotalEquity', 10047, 'seed-asml'),
  (400, 'DilutedShares', 410, 'seed-asml');
INSERT OR REPLACE INTO financial_period (id, company_id, period_label, period_type, fiscal_year, fiscal_quarter, currency, unit, source_id) VALUES (401, 'asml', 'FY22', 'annual', 2022, NULL, 'EUR', 'EUR millions', 'seed-asml');
INSERT OR REPLACE INTO financial_fact (period_id, concept, value, source_id) VALUES
  (401, 'Revenue', 21173, 'seed-asml'),
  (401, 'CostOfRevenue', 10300, 'seed-asml'),
  (401, 'RnDExpense', 3254, 'seed-asml'),
  (401, 'GnAExpense', 903, 'seed-asml'),
  (401, 'OperatingIncome', 6802, 'seed-asml'),
  (401, 'NetIncome', 5624, 'seed-asml'),
  (401, 'OperatingCashFlow', 8487, 'seed-asml'),
  (401, 'Capex', 1289, 'seed-asml'),
  (401, 'CashAndEquivalents', 7268, 'seed-asml'),
  (401, 'TotalAssets', 36296, 'seed-asml'),
  (401, 'TotalEquity', 8634, 'seed-asml'),
  (401, 'DilutedShares', 397, 'seed-asml');
INSERT OR REPLACE INTO financial_period (id, company_id, period_label, period_type, fiscal_year, fiscal_quarter, currency, unit, source_id) VALUES (402, 'asml', 'FY23', 'annual', 2023, NULL, 'EUR', 'EUR millions', 'seed-asml');
INSERT OR REPLACE INTO financial_fact (period_id, concept, value, source_id) VALUES
  (402, 'Revenue', 27559, 'seed-asml'),
  (402, 'CostOfRevenue', 13134, 'seed-asml'),
  (402, 'RnDExpense', 3981, 'seed-asml'),
  (402, 'GnAExpense', 1113, 'seed-asml'),
  (402, 'OperatingIncome', 9045, 'seed-asml'),
  (402, 'NetIncome', 7839, 'seed-asml'),
  (402, 'OperatingCashFlow', 5443, 'seed-asml'),
  (402, 'Capex', 2027, 'seed-asml'),
  (402, 'CashAndEquivalents', 7059, 'seed-asml'),
  (402, 'TotalAssets', 39958, 'seed-asml'),
  (402, 'TotalEquity', 13839, 'seed-asml'),
  (402, 'DilutedShares', 395, 'seed-asml');
INSERT OR REPLACE INTO financial_period (id, company_id, period_label, period_type, fiscal_year, fiscal_quarter, currency, unit, source_id) VALUES (403, 'asml', 'FY24', 'annual', 2024, NULL, 'EUR', 'EUR millions', 'seed-asml');
INSERT OR REPLACE INTO financial_fact (period_id, concept, value, source_id) VALUES
  (403, 'Revenue', 28263, 'seed-asml'),
  (403, 'CostOfRevenue', 13911, 'seed-asml'),
  (403, 'RnDExpense', 4300, 'seed-asml'),
  (403, 'GnAExpense', 1146, 'seed-asml'),
  (403, 'OperatingIncome', 8977, 'seed-asml'),
  (403, 'NetIncome', 7572, 'seed-asml'),
  (403, 'OperatingCashFlow', 11169, 'seed-asml'),
  (403, 'Capex', 1704, 'seed-asml'),
  (403, 'CashAndEquivalents', 12736, 'seed-asml'),
  (403, 'TotalAssets', 48017, 'seed-asml'),
  (403, 'TotalEquity', 18477, 'seed-asml'),
  (403, 'DilutedShares', 394, 'seed-asml');
INSERT OR REPLACE INTO company (id, name, ticker, exchange, segment, country, industry_id, description, headquarters, founded_year, website, reporting_currency) VALUES ('broadcom', 'Broadcom', 'AVGO', 'NASDAQ', 'Networking / Custom ASIC', 'United States', 'networking', 'AI networking silicon (Tomahawk/Jericho), custom AI accelerators (XPUs) for hyperscalers, plus infrastructure software (VMware).', 'Palo Alto, California', 1961, 'https://www.broadcom.com', 'USD');
INSERT OR REPLACE INTO financial_period (id, company_id, period_label, period_type, fiscal_year, fiscal_quarter, currency, unit, source_id) VALUES (500, 'broadcom', 'FY21', 'annual', 2021, NULL, 'USD', 'USD millions', 'seed-broadcom');
INSERT OR REPLACE INTO financial_fact (period_id, concept, value, source_id) VALUES
  (500, 'Revenue', 27450, 'seed-broadcom'),
  (500, 'CostOfRevenue', 10606, 'seed-broadcom'),
  (500, 'RnDExpense', 4854, 'seed-broadcom'),
  (500, 'GnAExpense', 1347, 'seed-broadcom'),
  (500, 'OperatingIncome', 8519, 'seed-broadcom'),
  (500, 'NetIncome', 6736, 'seed-broadcom'),
  (500, 'OperatingCashFlow', 13764, 'seed-broadcom'),
  (500, 'Capex', 443, 'seed-broadcom'),
  (500, 'CashAndEquivalents', 12163, 'seed-broadcom'),
  (500, 'TotalAssets', 75570, 'seed-broadcom'),
  (500, 'LongTermDebt', 39440, 'seed-broadcom'),
  (500, 'TotalEquity', 24962, 'seed-broadcom'),
  (500, 'DilutedShares', 4450, 'seed-broadcom');
INSERT OR REPLACE INTO financial_period (id, company_id, period_label, period_type, fiscal_year, fiscal_quarter, currency, unit, source_id) VALUES (501, 'broadcom', 'FY22', 'annual', 2022, NULL, 'USD', 'USD millions', 'seed-broadcom');
INSERT OR REPLACE INTO financial_fact (period_id, concept, value, source_id) VALUES
  (501, 'Revenue', 33203, 'seed-broadcom'),
  (501, 'CostOfRevenue', 11069, 'seed-broadcom'),
  (501, 'RnDExpense', 4919, 'seed-broadcom'),
  (501, 'GnAExpense', 1382, 'seed-broadcom'),
  (501, 'OperatingIncome', 14225, 'seed-broadcom'),
  (501, 'NetIncome', 11495, 'seed-broadcom'),
  (501, 'OperatingCashFlow', 16736, 'seed-broadcom'),
  (501, 'Capex', 424, 'seed-broadcom'),
  (501, 'CashAndEquivalents', 12416, 'seed-broadcom'),
  (501, 'TotalAssets', 73249, 'seed-broadcom'),
  (501, 'LongTermDebt', 39075, 'seed-broadcom'),
  (501, 'TotalEquity', 22709, 'seed-broadcom'),
  (501, 'DilutedShares', 4390, 'seed-broadcom');
INSERT OR REPLACE INTO financial_period (id, company_id, period_label, period_type, fiscal_year, fiscal_quarter, currency, unit, source_id) VALUES (502, 'broadcom', 'FY23', 'annual', 2023, NULL, 'USD', 'USD millions', 'seed-broadcom');
INSERT OR REPLACE INTO financial_fact (period_id, concept, value, source_id) VALUES
  (502, 'Revenue', 35819, 'seed-broadcom'),
  (502, 'CostOfRevenue', 11129, 'seed-broadcom'),
  (502, 'RnDExpense', 5253, 'seed-broadcom'),
  (502, 'GnAExpense', 1592, 'seed-broadcom'),
  (502, 'OperatingIncome', 16207, 'seed-broadcom'),
  (502, 'NetIncome', 14082, 'seed-broadcom'),
  (502, 'OperatingCashFlow', 18085, 'seed-broadcom'),
  (502, 'Capex', 452, 'seed-broadcom'),
  (502, 'CashAndEquivalents', 14189, 'seed-broadcom'),
  (502, 'TotalAssets', 72861, 'seed-broadcom'),
  (502, 'LongTermDebt', 37621, 'seed-broadcom'),
  (502, 'TotalEquity', 23988, 'seed-broadcom'),
  (502, 'DilutedShares', 4450, 'seed-broadcom');
INSERT OR REPLACE INTO financial_period (id, company_id, period_label, period_type, fiscal_year, fiscal_quarter, currency, unit, source_id) VALUES (503, 'broadcom', 'FY24', 'annual', 2024, NULL, 'USD', 'USD millions', 'seed-broadcom');
INSERT OR REPLACE INTO financial_fact (period_id, concept, value, source_id) VALUES
  (503, 'Revenue', 51574, 'seed-broadcom'),
  (503, 'CostOfRevenue', 19065, 'seed-broadcom'),
  (503, 'RnDExpense', 9310, 'seed-broadcom'),
  (503, 'GnAExpense', 4959, 'seed-broadcom'),
  (503, 'OperatingIncome', 13462, 'seed-broadcom'),
  (503, 'NetIncome', 5895, 'seed-broadcom'),
  (503, 'OperatingCashFlow', 19962, 'seed-broadcom'),
  (503, 'Capex', 548, 'seed-broadcom'),
  (503, 'CashAndEquivalents', 9348, 'seed-broadcom'),
  (503, 'TotalAssets', 165645, 'seed-broadcom'),
  (503, 'LongTermDebt', 66295, 'seed-broadcom'),
  (503, 'TotalEquity', 67678, 'seed-broadcom'),
  (503, 'DilutedShares', 4752, 'seed-broadcom');
INSERT OR REPLACE INTO company (id, name, ticker, exchange, segment, country, industry_id, description, headquarters, founded_year, website, reporting_currency) VALUES ('micron', 'Micron Technology', 'MU', 'NASDAQ', 'Memory (DRAM / NAND / HBM)', 'United States', 'semis-memory', 'One of three DRAM manufacturers worldwide; HBM3E supplier into AI accelerators. Deeply cyclical memory economics.', 'Boise, Idaho', 1978, 'https://www.micron.com', 'USD');
INSERT OR REPLACE INTO financial_period (id, company_id, period_label, period_type, fiscal_year, fiscal_quarter, currency, unit, source_id) VALUES (600, 'micron', 'FY22', 'annual', 2022, NULL, 'USD', 'USD millions', 'seed-micron');
INSERT OR REPLACE INTO financial_fact (period_id, concept, value, source_id) VALUES
  (600, 'Revenue', 30758, 'seed-micron'),
  (600, 'CostOfRevenue', 16860, 'seed-micron'),
  (600, 'RnDExpense', 3116, 'seed-micron'),
  (600, 'GnAExpense', 1066, 'seed-micron'),
  (600, 'OperatingIncome', 9702, 'seed-micron'),
  (600, 'NetIncome', 8687, 'seed-micron'),
  (600, 'OperatingCashFlow', 15181, 'seed-micron'),
  (600, 'Capex', 12067, 'seed-micron'),
  (600, 'CashAndEquivalents', 9574, 'seed-micron'),
  (600, 'AccountsReceivable', 5130, 'seed-micron'),
  (600, 'Inventory', 6663, 'seed-micron'),
  (600, 'TotalAssets', 66283, 'seed-micron'),
  (600, 'LongTermDebt', 6938, 'seed-micron'),
  (600, 'TotalEquity', 49907, 'seed-micron'),
  (600, 'DilutedShares', 1116, 'seed-micron');
INSERT OR REPLACE INTO financial_period (id, company_id, period_label, period_type, fiscal_year, fiscal_quarter, currency, unit, source_id) VALUES (601, 'micron', 'FY23', 'annual', 2023, NULL, 'USD', 'USD millions', 'seed-micron');
INSERT OR REPLACE INTO financial_fact (period_id, concept, value, source_id) VALUES
  (601, 'Revenue', 15540, 'seed-micron'),
  (601, 'CostOfRevenue', 16956, 'seed-micron'),
  (601, 'RnDExpense', 3114, 'seed-micron'),
  (601, 'GnAExpense', 920, 'seed-micron'),
  (601, 'OperatingIncome', -5745, 'seed-micron'),
  (601, 'NetIncome', -5833, 'seed-micron'),
  (601, 'OperatingCashFlow', 1559, 'seed-micron'),
  (601, 'Capex', 7676, 'seed-micron'),
  (601, 'CashAndEquivalents', 9608, 'seed-micron'),
  (601, 'AccountsReceivable', 2443, 'seed-micron'),
  (601, 'Inventory', 8387, 'seed-micron'),
  (601, 'TotalAssets', 64254, 'seed-micron'),
  (601, 'LongTermDebt', 13052, 'seed-micron'),
  (601, 'TotalEquity', 44120, 'seed-micron'),
  (601, 'DilutedShares', 1094, 'seed-micron');
INSERT OR REPLACE INTO financial_period (id, company_id, period_label, period_type, fiscal_year, fiscal_quarter, currency, unit, source_id) VALUES (602, 'micron', 'FY24', 'annual', 2024, NULL, 'USD', 'USD millions', 'seed-micron');
INSERT OR REPLACE INTO financial_fact (period_id, concept, value, source_id) VALUES
  (602, 'Revenue', 25111, 'seed-micron'),
  (602, 'CostOfRevenue', 19498, 'seed-micron'),
  (602, 'RnDExpense', 3430, 'seed-micron'),
  (602, 'GnAExpense', 1129, 'seed-micron'),
  (602, 'OperatingIncome', 1304, 'seed-micron'),
  (602, 'NetIncome', 778, 'seed-micron'),
  (602, 'OperatingCashFlow', 8507, 'seed-micron'),
  (602, 'Capex', 8386, 'seed-micron'),
  (602, 'CashAndEquivalents', 9155, 'seed-micron'),
  (602, 'AccountsReceivable', 6615, 'seed-micron'),
  (602, 'Inventory', 8875, 'seed-micron'),
  (602, 'TotalAssets', 69416, 'seed-micron'),
  (602, 'LongTermDebt', 13396, 'seed-micron'),
  (602, 'TotalEquity', 45131, 'seed-micron'),
  (602, 'DilutedShares', 1114, 'seed-micron');
INSERT OR REPLACE INTO financial_period (id, company_id, period_label, period_type, fiscal_year, fiscal_quarter, currency, unit, source_id) VALUES (603, 'micron', 'FY25', 'annual', 2025, NULL, 'USD', 'USD millions', 'seed-micron');
INSERT OR REPLACE INTO financial_fact (period_id, concept, value, source_id) VALUES
  (603, 'Revenue', 37378, 'seed-micron'),
  (603, 'CostOfRevenue', 22504, 'seed-micron'),
  (603, 'NetIncome', 8539, 'seed-micron'),
  (603, 'OperatingCashFlow', 17530, 'seed-micron'),
  (603, 'Capex', 13807, 'seed-micron'),
  (603, 'DilutedShares', 1130, 'seed-micron');
INSERT OR REPLACE INTO company (id, name, ticker, exchange, segment, country, industry_id, description, headquarters, founded_year, website, reporting_currency) VALUES ('sk-hynix', 'SK hynix', '000660', 'KRX', 'HBM / DRAM', 'South Korea', 'semis-memory', 'HBM market leader and primary memory supplier for NVIDIA AI accelerators; #2 DRAM manufacturer worldwide.', 'Icheon, South Korea', 1983, 'https://www.skhynix.com', 'KRW');
INSERT OR REPLACE INTO financial_period (id, company_id, period_label, period_type, fiscal_year, fiscal_quarter, currency, unit, source_id) VALUES (700, 'sk-hynix', 'FY21', 'annual', 2021, NULL, 'KRW', 'KRW billions', 'seed-sk-hynix');
INSERT OR REPLACE INTO financial_fact (period_id, concept, value, source_id) VALUES
  (700, 'Revenue', 42998, 'seed-sk-hynix'),
  (700, 'OperatingIncome', 12410, 'seed-sk-hynix'),
  (700, 'NetIncome', 9616, 'seed-sk-hynix');
INSERT OR REPLACE INTO financial_period (id, company_id, period_label, period_type, fiscal_year, fiscal_quarter, currency, unit, source_id) VALUES (701, 'sk-hynix', 'FY22', 'annual', 2022, NULL, 'KRW', 'KRW billions', 'seed-sk-hynix');
INSERT OR REPLACE INTO financial_fact (period_id, concept, value, source_id) VALUES
  (701, 'Revenue', 44648, 'seed-sk-hynix'),
  (701, 'OperatingIncome', 6809, 'seed-sk-hynix'),
  (701, 'NetIncome', 2242, 'seed-sk-hynix');
INSERT OR REPLACE INTO financial_period (id, company_id, period_label, period_type, fiscal_year, fiscal_quarter, currency, unit, source_id) VALUES (702, 'sk-hynix', 'FY23', 'annual', 2023, NULL, 'KRW', 'KRW billions', 'seed-sk-hynix');
INSERT OR REPLACE INTO financial_fact (period_id, concept, value, source_id) VALUES
  (702, 'Revenue', 32766, 'seed-sk-hynix'),
  (702, 'OperatingIncome', -7730, 'seed-sk-hynix'),
  (702, 'NetIncome', -9138, 'seed-sk-hynix');
INSERT OR REPLACE INTO financial_period (id, company_id, period_label, period_type, fiscal_year, fiscal_quarter, currency, unit, source_id) VALUES (703, 'sk-hynix', 'FY24', 'annual', 2024, NULL, 'KRW', 'KRW billions', 'seed-sk-hynix');
INSERT OR REPLACE INTO financial_fact (period_id, concept, value, source_id) VALUES
  (703, 'Revenue', 66193, 'seed-sk-hynix'),
  (703, 'OperatingIncome', 23467, 'seed-sk-hynix'),
  (703, 'NetIncome', 19797, 'seed-sk-hynix');
INSERT OR REPLACE INTO company (id, name, ticker, exchange, segment, country, industry_id, description, headquarters, founded_year, website, reporting_currency) VALUES ('intel', 'Intel Corporation', 'INTC', 'NASDAQ', 'CPU / Foundry', 'United States', 'semis-foundry', 'x86 CPU incumbent rebuilding process leadership and standing up a western foundry (Intel Foundry). 2024 marked by heavy restructuring and impairments.', 'Santa Clara, California', 1968, 'https://www.intel.com', 'USD');
INSERT OR REPLACE INTO financial_period (id, company_id, period_label, period_type, fiscal_year, fiscal_quarter, currency, unit, source_id) VALUES (800, 'intel', 'FY21', 'annual', 2021, NULL, 'USD', 'USD millions', 'seed-intel');
INSERT OR REPLACE INTO financial_fact (period_id, concept, value, source_id) VALUES
  (800, 'Revenue', 79024, 'seed-intel'),
  (800, 'CostOfRevenue', 35209, 'seed-intel'),
  (800, 'RnDExpense', 15190, 'seed-intel'),
  (800, 'GnAExpense', 6543, 'seed-intel'),
  (800, 'OperatingIncome', 19456, 'seed-intel'),
  (800, 'NetIncome', 19868, 'seed-intel'),
  (800, 'OperatingCashFlow', 29456, 'seed-intel'),
  (800, 'Capex', 20329, 'seed-intel'),
  (800, 'CashAndEquivalents', 28413, 'seed-intel'),
  (800, 'TotalAssets', 168406, 'seed-intel'),
  (800, 'LongTermDebt', 33510, 'seed-intel'),
  (800, 'TotalEquity', 95391, 'seed-intel'),
  (800, 'DilutedShares', 4090, 'seed-intel');
INSERT OR REPLACE INTO financial_period (id, company_id, period_label, period_type, fiscal_year, fiscal_quarter, currency, unit, source_id) VALUES (801, 'intel', 'FY22', 'annual', 2022, NULL, 'USD', 'USD millions', 'seed-intel');
INSERT OR REPLACE INTO financial_fact (period_id, concept, value, source_id) VALUES
  (801, 'Revenue', 63054, 'seed-intel'),
  (801, 'CostOfRevenue', 36188, 'seed-intel'),
  (801, 'RnDExpense', 17528, 'seed-intel'),
  (801, 'GnAExpense', 7002, 'seed-intel'),
  (801, 'OperatingIncome', 2334, 'seed-intel'),
  (801, 'NetIncome', 8014, 'seed-intel'),
  (801, 'OperatingCashFlow', 15433, 'seed-intel'),
  (801, 'Capex', 24844, 'seed-intel'),
  (801, 'CashAndEquivalents', 28338, 'seed-intel'),
  (801, 'TotalAssets', 182103, 'seed-intel'),
  (801, 'LongTermDebt', 37684, 'seed-intel'),
  (801, 'TotalEquity', 101423, 'seed-intel'),
  (801, 'DilutedShares', 4123, 'seed-intel');
INSERT OR REPLACE INTO financial_period (id, company_id, period_label, period_type, fiscal_year, fiscal_quarter, currency, unit, source_id) VALUES (802, 'intel', 'FY23', 'annual', 2023, NULL, 'USD', 'USD millions', 'seed-intel');
INSERT OR REPLACE INTO financial_fact (period_id, concept, value, source_id) VALUES
  (802, 'Revenue', 54228, 'seed-intel'),
  (802, 'CostOfRevenue', 32517, 'seed-intel'),
  (802, 'RnDExpense', 16046, 'seed-intel'),
  (802, 'GnAExpense', 5634, 'seed-intel'),
  (802, 'OperatingIncome', 93, 'seed-intel'),
  (802, 'NetIncome', 1689, 'seed-intel'),
  (802, 'OperatingCashFlow', 11471, 'seed-intel'),
  (802, 'Capex', 25750, 'seed-intel'),
  (802, 'CashAndEquivalents', 25034, 'seed-intel'),
  (802, 'TotalAssets', 191572, 'seed-intel'),
  (802, 'LongTermDebt', 46978, 'seed-intel'),
  (802, 'TotalEquity', 105590, 'seed-intel'),
  (802, 'DilutedShares', 4212, 'seed-intel');
INSERT OR REPLACE INTO financial_period (id, company_id, period_label, period_type, fiscal_year, fiscal_quarter, currency, unit, source_id) VALUES (803, 'intel', 'FY24', 'annual', 2024, NULL, 'USD', 'USD millions', 'seed-intel');
INSERT OR REPLACE INTO financial_fact (period_id, concept, value, source_id) VALUES
  (803, 'Revenue', 53101, 'seed-intel'),
  (803, 'CostOfRevenue', 35756, 'seed-intel'),
  (803, 'RnDExpense', 16546, 'seed-intel'),
  (803, 'GnAExpense', 5507, 'seed-intel'),
  (803, 'OperatingIncome', -11678, 'seed-intel'),
  (803, 'NetIncome', -18756, 'seed-intel'),
  (803, 'OperatingCashFlow', 8288, 'seed-intel'),
  (803, 'Capex', 23944, 'seed-intel'),
  (803, 'CashAndEquivalents', 22062, 'seed-intel'),
  (803, 'TotalAssets', 196485, 'seed-intel'),
  (803, 'LongTermDebt', 46282, 'seed-intel'),
  (803, 'TotalEquity', 99270, 'seed-intel'),
  (803, 'DilutedShares', 4280, 'seed-intel');
INSERT OR REPLACE INTO company (id, name, ticker, exchange, segment, country, industry_id, description, headquarters, founded_year, website, reporting_currency) VALUES ('arista', 'Arista Networks', 'ANET', 'NYSE', 'Data Center Networking', 'United States', 'networking', 'Leader in high-speed data-center Ethernet switching; core networking supplier to hyperscale AI clusters (Microsoft, Meta).', 'Santa Clara, California', 2004, 'https://www.arista.com', 'USD');
INSERT OR REPLACE INTO financial_period (id, company_id, period_label, period_type, fiscal_year, fiscal_quarter, currency, unit, source_id) VALUES (900, 'arista', 'FY21', 'annual', 2021, NULL, 'USD', 'USD millions', 'seed-arista');
INSERT OR REPLACE INTO financial_fact (period_id, concept, value, source_id) VALUES
  (900, 'Revenue', 2948, 'seed-arista'),
  (900, 'CostOfRevenue', 1056, 'seed-arista'),
  (900, 'RnDExpense', 587, 'seed-arista'),
  (900, 'SnMExpense', 313, 'seed-arista'),
  (900, 'OperatingIncome', 906, 'seed-arista'),
  (900, 'NetIncome', 841, 'seed-arista'),
  (900, 'OperatingCashFlow', 951, 'seed-arista'),
  (900, 'Capex', 27, 'seed-arista'),
  (900, 'CashAndEquivalents', 3437, 'seed-arista'),
  (900, 'TotalAssets', 5320, 'seed-arista'),
  (900, 'TotalEquity', 3987, 'seed-arista'),
  (900, 'DilutedShares', 1264, 'seed-arista');
INSERT OR REPLACE INTO financial_period (id, company_id, period_label, period_type, fiscal_year, fiscal_quarter, currency, unit, source_id) VALUES (901, 'arista', 'FY22', 'annual', 2022, NULL, 'USD', 'USD millions', 'seed-arista');
INSERT OR REPLACE INTO financial_fact (period_id, concept, value, source_id) VALUES
  (901, 'Revenue', 4381, 'seed-arista'),
  (901, 'CostOfRevenue', 1724, 'seed-arista'),
  (901, 'RnDExpense', 728, 'seed-arista'),
  (901, 'SnMExpense', 393, 'seed-arista'),
  (901, 'OperatingIncome', 1536, 'seed-arista'),
  (901, 'NetIncome', 1352, 'seed-arista'),
  (901, 'OperatingCashFlow', 493, 'seed-arista'),
  (901, 'Capex', 45, 'seed-arista'),
  (901, 'CashAndEquivalents', 3024, 'seed-arista'),
  (901, 'TotalAssets', 7000, 'seed-arista'),
  (901, 'TotalEquity', 4865, 'seed-arista'),
  (901, 'DilutedShares', 1256, 'seed-arista');
INSERT OR REPLACE INTO financial_period (id, company_id, period_label, period_type, fiscal_year, fiscal_quarter, currency, unit, source_id) VALUES (902, 'arista', 'FY23', 'annual', 2023, NULL, 'USD', 'USD millions', 'seed-arista');
INSERT OR REPLACE INTO financial_fact (period_id, concept, value, source_id) VALUES
  (902, 'Revenue', 5860, 'seed-arista'),
  (902, 'CostOfRevenue', 2244, 'seed-arista'),
  (902, 'RnDExpense', 875, 'seed-arista'),
  (902, 'SnMExpense', 465, 'seed-arista'),
  (902, 'OperatingIncome', 2276, 'seed-arista'),
  (902, 'NetIncome', 2087, 'seed-arista'),
  (902, 'OperatingCashFlow', 2034, 'seed-arista'),
  (902, 'Capex', 47, 'seed-arista'),
  (902, 'CashAndEquivalents', 5271, 'seed-arista'),
  (902, 'TotalAssets', 9950, 'seed-arista'),
  (902, 'TotalEquity', 7319, 'seed-arista'),
  (902, 'DilutedShares', 1268, 'seed-arista');
INSERT OR REPLACE INTO financial_period (id, company_id, period_label, period_type, fiscal_year, fiscal_quarter, currency, unit, source_id) VALUES (903, 'arista', 'FY24', 'annual', 2024, NULL, 'USD', 'USD millions', 'seed-arista');
INSERT OR REPLACE INTO financial_fact (period_id, concept, value, source_id) VALUES
  (903, 'Revenue', 7003, 'seed-arista'),
  (903, 'CostOfRevenue', 2507, 'seed-arista'),
  (903, 'RnDExpense', 1000, 'seed-arista'),
  (903, 'SnMExpense', 530, 'seed-arista'),
  (903, 'OperatingIncome', 2966, 'seed-arista'),
  (903, 'NetIncome', 2852, 'seed-arista'),
  (903, 'OperatingCashFlow', 3708, 'seed-arista'),
  (903, 'Capex', 32, 'seed-arista'),
  (903, 'CashAndEquivalents', 8300, 'seed-arista'),
  (903, 'TotalAssets', 14043, 'seed-arista'),
  (903, 'TotalEquity', 9982, 'seed-arista'),
  (903, 'DilutedShares', 1280, 'seed-arista');
INSERT OR REPLACE INTO company (id, name, ticker, exchange, segment, country, industry_id, description, headquarters, founded_year, website, reporting_currency) VALUES ('vertiv', 'Vertiv Holdings', 'VRT', 'NYSE', 'Data Center Power / Cooling', 'United States', 'dc-power-cooling', 'Critical digital infrastructure: power management, thermal management (incl. liquid cooling) for AI data centers.', 'Westerville, Ohio', 2016, 'https://www.vertiv.com', 'USD');
INSERT OR REPLACE INTO financial_period (id, company_id, period_label, period_type, fiscal_year, fiscal_quarter, currency, unit, source_id) VALUES (1000, 'vertiv', 'FY21', 'annual', 2021, NULL, 'USD', 'USD millions', 'seed-vertiv');
INSERT OR REPLACE INTO financial_fact (period_id, concept, value, source_id) VALUES
  (1000, 'Revenue', 4998, 'seed-vertiv'),
  (1000, 'CostOfRevenue', 3417, 'seed-vertiv'),
  (1000, 'OperatingIncome', 320, 'seed-vertiv'),
  (1000, 'NetIncome', 120, 'seed-vertiv');
INSERT OR REPLACE INTO financial_period (id, company_id, period_label, period_type, fiscal_year, fiscal_quarter, currency, unit, source_id) VALUES (1001, 'vertiv', 'FY22', 'annual', 2022, NULL, 'USD', 'USD millions', 'seed-vertiv');
INSERT OR REPLACE INTO financial_fact (period_id, concept, value, source_id) VALUES
  (1001, 'Revenue', 5692, 'seed-vertiv'),
  (1001, 'CostOfRevenue', 4081, 'seed-vertiv'),
  (1001, 'OperatingIncome', 216, 'seed-vertiv'),
  (1001, 'NetIncome', 77, 'seed-vertiv');
INSERT OR REPLACE INTO financial_period (id, company_id, period_label, period_type, fiscal_year, fiscal_quarter, currency, unit, source_id) VALUES (1002, 'vertiv', 'FY23', 'annual', 2023, NULL, 'USD', 'USD millions', 'seed-vertiv');
INSERT OR REPLACE INTO financial_fact (period_id, concept, value, source_id) VALUES
  (1002, 'Revenue', 6863, 'seed-vertiv'),
  (1002, 'CostOfRevenue', 4428, 'seed-vertiv'),
  (1002, 'OperatingIncome', 872, 'seed-vertiv'),
  (1002, 'NetIncome', 460, 'seed-vertiv'),
  (1002, 'OperatingCashFlow', 778, 'seed-vertiv'),
  (1002, 'Capex', 92, 'seed-vertiv');
INSERT OR REPLACE INTO financial_period (id, company_id, period_label, period_type, fiscal_year, fiscal_quarter, currency, unit, source_id) VALUES (1003, 'vertiv', 'FY24', 'annual', 2024, NULL, 'USD', 'USD millions', 'seed-vertiv');
INSERT OR REPLACE INTO financial_fact (period_id, concept, value, source_id) VALUES
  (1003, 'Revenue', 8012, 'seed-vertiv'),
  (1003, 'CostOfRevenue', 5080, 'seed-vertiv'),
  (1003, 'OperatingIncome', 1376, 'seed-vertiv'),
  (1003, 'NetIncome', 496, 'seed-vertiv'),
  (1003, 'OperatingCashFlow', 1336, 'seed-vertiv'),
  (1003, 'Capex', 200, 'seed-vertiv'),
  (1003, 'TotalAssets', 9132, 'seed-vertiv'),
  (1003, 'LongTermDebt', 2929, 'seed-vertiv'),
  (1003, 'TotalEquity', 2666, 'seed-vertiv'),
  (1003, 'DilutedShares', 388, 'seed-vertiv');
