-- Generated by seed/generate.mjs — do not edit by hand. Postgres (Supabase).
INSERT INTO source (id, kind, name, url, retrieved_at, note) VALUES ('seed-nvidia', 'seed', 'Manual seed — NVIDIA Corporation public filings', 'https://www.nvidia.com', '2026-07-21', 'Approximate annual figures compiled manually from public filings (10-K/20-F/annual reports). Not audited copies; some concepts omitted. Superseded by automated ingestion (P022).') ON CONFLICT (id) DO UPDATE SET kind = EXCLUDED.kind, name = EXCLUDED.name, url = EXCLUDED.url, retrieved_at = EXCLUDED.retrieved_at, note = EXCLUDED.note;
INSERT INTO source (id, kind, name, url, retrieved_at, note) VALUES ('seed-tsmc', 'seed', 'Manual seed — Taiwan Semiconductor Mfg. public filings', 'https://www.tsmc.com', '2026-07-21', 'Approximate annual figures compiled manually from public filings (10-K/20-F/annual reports). Not audited copies; some concepts omitted. Superseded by automated ingestion (P022).') ON CONFLICT (id) DO UPDATE SET kind = EXCLUDED.kind, name = EXCLUDED.name, url = EXCLUDED.url, retrieved_at = EXCLUDED.retrieved_at, note = EXCLUDED.note;
INSERT INTO source (id, kind, name, url, retrieved_at, note) VALUES ('seed-amd', 'seed', 'Manual seed — Advanced Micro Devices public filings', 'https://www.amd.com', '2026-07-21', 'Approximate annual figures compiled manually from public filings (10-K/20-F/annual reports). Not audited copies; some concepts omitted. Superseded by automated ingestion (P022).') ON CONFLICT (id) DO UPDATE SET kind = EXCLUDED.kind, name = EXCLUDED.name, url = EXCLUDED.url, retrieved_at = EXCLUDED.retrieved_at, note = EXCLUDED.note;
INSERT INTO source (id, kind, name, url, retrieved_at, note) VALUES ('seed-asml', 'seed', 'Manual seed — ASML Holding public filings', 'https://www.asml.com', '2026-07-21', 'Approximate annual figures compiled manually from public filings (10-K/20-F/annual reports). Not audited copies; some concepts omitted. Superseded by automated ingestion (P022).') ON CONFLICT (id) DO UPDATE SET kind = EXCLUDED.kind, name = EXCLUDED.name, url = EXCLUDED.url, retrieved_at = EXCLUDED.retrieved_at, note = EXCLUDED.note;
INSERT INTO source (id, kind, name, url, retrieved_at, note) VALUES ('seed-broadcom', 'seed', 'Manual seed — Broadcom public filings', 'https://www.broadcom.com', '2026-07-21', 'Approximate annual figures compiled manually from public filings (10-K/20-F/annual reports). Not audited copies; some concepts omitted. Superseded by automated ingestion (P022).') ON CONFLICT (id) DO UPDATE SET kind = EXCLUDED.kind, name = EXCLUDED.name, url = EXCLUDED.url, retrieved_at = EXCLUDED.retrieved_at, note = EXCLUDED.note;
INSERT INTO source (id, kind, name, url, retrieved_at, note) VALUES ('seed-micron', 'seed', 'Manual seed — Micron Technology public filings', 'https://www.micron.com', '2026-07-21', 'Approximate annual figures compiled manually from public filings (10-K/20-F/annual reports). Not audited copies; some concepts omitted. Superseded by automated ingestion (P022).') ON CONFLICT (id) DO UPDATE SET kind = EXCLUDED.kind, name = EXCLUDED.name, url = EXCLUDED.url, retrieved_at = EXCLUDED.retrieved_at, note = EXCLUDED.note;
INSERT INTO source (id, kind, name, url, retrieved_at, note) VALUES ('seed-sk-hynix', 'seed', 'Manual seed — SK hynix public filings', 'https://www.skhynix.com', '2026-07-21', 'Approximate annual figures compiled manually from public filings (10-K/20-F/annual reports). Not audited copies; some concepts omitted. Superseded by automated ingestion (P022).') ON CONFLICT (id) DO UPDATE SET kind = EXCLUDED.kind, name = EXCLUDED.name, url = EXCLUDED.url, retrieved_at = EXCLUDED.retrieved_at, note = EXCLUDED.note;
INSERT INTO source (id, kind, name, url, retrieved_at, note) VALUES ('seed-intel', 'seed', 'Manual seed — Intel Corporation public filings', 'https://www.intel.com', '2026-07-21', 'Approximate annual figures compiled manually from public filings (10-K/20-F/annual reports). Not audited copies; some concepts omitted. Superseded by automated ingestion (P022).') ON CONFLICT (id) DO UPDATE SET kind = EXCLUDED.kind, name = EXCLUDED.name, url = EXCLUDED.url, retrieved_at = EXCLUDED.retrieved_at, note = EXCLUDED.note;
INSERT INTO source (id, kind, name, url, retrieved_at, note) VALUES ('seed-arista', 'seed', 'Manual seed — Arista Networks public filings', 'https://www.arista.com', '2026-07-21', 'Approximate annual figures compiled manually from public filings (10-K/20-F/annual reports). Not audited copies; some concepts omitted. Superseded by automated ingestion (P022).') ON CONFLICT (id) DO UPDATE SET kind = EXCLUDED.kind, name = EXCLUDED.name, url = EXCLUDED.url, retrieved_at = EXCLUDED.retrieved_at, note = EXCLUDED.note;
INSERT INTO source (id, kind, name, url, retrieved_at, note) VALUES ('seed-vertiv', 'seed', 'Manual seed — Vertiv Holdings public filings', 'https://www.vertiv.com', '2026-07-21', 'Approximate annual figures compiled manually from public filings (10-K/20-F/annual reports). Not audited copies; some concepts omitted. Superseded by automated ingestion (P022).') ON CONFLICT (id) DO UPDATE SET kind = EXCLUDED.kind, name = EXCLUDED.name, url = EXCLUDED.url, retrieved_at = EXCLUDED.retrieved_at, note = EXCLUDED.note;
INSERT INTO industry (id, name, sector, description, chain_order) VALUES ('semis-equipment', 'Semiconductor Equipment', 'Semiconductors', NULL, 1) ON CONFLICT (id) DO UPDATE SET name = EXCLUDED.name, sector = EXCLUDED.sector, description = EXCLUDED.description, chain_order = EXCLUDED.chain_order;
INSERT INTO industry (id, name, sector, description, chain_order) VALUES ('semis-foundry', 'Foundry & IDM', 'Semiconductors', NULL, 2) ON CONFLICT (id) DO UPDATE SET name = EXCLUDED.name, sector = EXCLUDED.sector, description = EXCLUDED.description, chain_order = EXCLUDED.chain_order;
INSERT INTO industry (id, name, sector, description, chain_order) VALUES ('semis-memory', 'Memory (HBM / DRAM / NAND)', 'Semiconductors', NULL, 3) ON CONFLICT (id) DO UPDATE SET name = EXCLUDED.name, sector = EXCLUDED.sector, description = EXCLUDED.description, chain_order = EXCLUDED.chain_order;
INSERT INTO industry (id, name, sector, description, chain_order) VALUES ('semis-accelerators', 'AI Accelerators & GPUs', 'Semiconductors', NULL, 4) ON CONFLICT (id) DO UPDATE SET name = EXCLUDED.name, sector = EXCLUDED.sector, description = EXCLUDED.description, chain_order = EXCLUDED.chain_order;
INSERT INTO industry (id, name, sector, description, chain_order) VALUES ('networking', 'Networking & Custom ASIC', 'AI Infrastructure', NULL, 5) ON CONFLICT (id) DO UPDATE SET name = EXCLUDED.name, sector = EXCLUDED.sector, description = EXCLUDED.description, chain_order = EXCLUDED.chain_order;
INSERT INTO industry (id, name, sector, description, chain_order) VALUES ('dc-power-cooling', 'Data Center Power & Cooling', 'AI Infrastructure', NULL, 6) ON CONFLICT (id) DO UPDATE SET name = EXCLUDED.name, sector = EXCLUDED.sector, description = EXCLUDED.description, chain_order = EXCLUDED.chain_order;
INSERT INTO company (id, name, ticker, exchange, segment, country, industry_id, description, headquarters, founded_year, website, reporting_currency) VALUES ('nvidia', 'NVIDIA Corporation', 'NVDA', 'NASDAQ', 'GPU / AI Accelerators', 'United States', 'semis-accelerators', 'Dominant supplier of AI training and inference accelerators; full-stack platform spanning GPUs, networking (Mellanox), and the CUDA software ecosystem.', 'Santa Clara, California', 1993, 'https://www.nvidia.com', 'USD') ON CONFLICT (id) DO UPDATE SET name = EXCLUDED.name, ticker = EXCLUDED.ticker, exchange = EXCLUDED.exchange, segment = EXCLUDED.segment, country = EXCLUDED.country, industry_id = EXCLUDED.industry_id, description = EXCLUDED.description, headquarters = EXCLUDED.headquarters, founded_year = EXCLUDED.founded_year, website = EXCLUDED.website, reporting_currency = EXCLUDED.reporting_currency;
INSERT INTO financial_period (company_id, period_label, period_type, fiscal_year, fiscal_quarter, currency, unit, report_date, source_id) VALUES ('nvidia', 'FY22', 'annual', 2022, NULL, 'USD', 'USD millions', NULL, 'seed-nvidia') ON CONFLICT (company_id, period_label) DO UPDATE SET period_type = EXCLUDED.period_type, fiscal_year = EXCLUDED.fiscal_year, fiscal_quarter = EXCLUDED.fiscal_quarter, currency = EXCLUDED.currency, unit = EXCLUDED.unit, report_date = EXCLUDED.report_date, source_id = EXCLUDED.source_id;
INSERT INTO financial_fact (period_id, concept, value, source_id)
SELECT p.id, v.concept, v.value, 'seed-nvidia'
FROM financial_period p
JOIN (VALUES ('Revenue', 26914::double precision), ('CostOfRevenue', 9439::double precision), ('RnDExpense', 5268::double precision), ('GnAExpense', 2166::double precision), ('OperatingIncome', 10041::double precision), ('NetIncome', 9752::double precision), ('IncomeTax', 189::double precision), ('InterestExpense', 236::double precision), ('OperatingCashFlow', 9108::double precision), ('Capex', 976::double precision), ('DepreciationAmortization', 1174::double precision), ('CashAndEquivalents', 21208::double precision), ('AccountsReceivable', 4650::double precision), ('Inventory', 2605::double precision), ('CurrentAssets', 28829::double precision), ('CurrentLiabilities', 4335::double precision), ('TotalAssets', 44187::double precision), ('LongTermDebt', 10946::double precision), ('TotalLiabilities', 17575::double precision), ('TotalEquity', 26612::double precision), ('DilutedShares', 25350::double precision)) AS v(concept, value) ON true
WHERE p.company_id = 'nvidia' AND p.period_label = 'FY22'
ON CONFLICT (period_id, concept) DO UPDATE SET value = EXCLUDED.value, source_id = EXCLUDED.source_id;
INSERT INTO financial_period (company_id, period_label, period_type, fiscal_year, fiscal_quarter, currency, unit, report_date, source_id) VALUES ('nvidia', 'FY23', 'annual', 2023, NULL, 'USD', 'USD millions', NULL, 'seed-nvidia') ON CONFLICT (company_id, period_label) DO UPDATE SET period_type = EXCLUDED.period_type, fiscal_year = EXCLUDED.fiscal_year, fiscal_quarter = EXCLUDED.fiscal_quarter, currency = EXCLUDED.currency, unit = EXCLUDED.unit, report_date = EXCLUDED.report_date, source_id = EXCLUDED.source_id;
INSERT INTO financial_fact (period_id, concept, value, source_id)
SELECT p.id, v.concept, v.value, 'seed-nvidia'
FROM financial_period p
JOIN (VALUES ('Revenue', 26974::double precision), ('CostOfRevenue', 11618::double precision), ('RnDExpense', 7339::double precision), ('GnAExpense', 2440::double precision), ('OperatingIncome', 4224::double precision), ('NetIncome', 4368::double precision), ('OperatingCashFlow', 5641::double precision), ('Capex', 1833::double precision), ('DepreciationAmortization', 1544::double precision), ('CashAndEquivalents', 13296::double precision), ('AccountsReceivable', 3827::double precision), ('Inventory', 5159::double precision), ('CurrentAssets', 23073::double precision), ('CurrentLiabilities', 6563::double precision), ('TotalAssets', 41182::double precision), ('LongTermDebt', 9703::double precision), ('TotalLiabilities', 19081::double precision), ('TotalEquity', 22101::double precision), ('DilutedShares', 24700::double precision), ('ShareRepurchases', 10039::double precision)) AS v(concept, value) ON true
WHERE p.company_id = 'nvidia' AND p.period_label = 'FY23'
ON CONFLICT (period_id, concept) DO UPDATE SET value = EXCLUDED.value, source_id = EXCLUDED.source_id;
INSERT INTO financial_period (company_id, period_label, period_type, fiscal_year, fiscal_quarter, currency, unit, report_date, source_id) VALUES ('nvidia', 'FY24', 'annual', 2024, NULL, 'USD', 'USD millions', NULL, 'seed-nvidia') ON CONFLICT (company_id, period_label) DO UPDATE SET period_type = EXCLUDED.period_type, fiscal_year = EXCLUDED.fiscal_year, fiscal_quarter = EXCLUDED.fiscal_quarter, currency = EXCLUDED.currency, unit = EXCLUDED.unit, report_date = EXCLUDED.report_date, source_id = EXCLUDED.source_id;
INSERT INTO financial_fact (period_id, concept, value, source_id)
SELECT p.id, v.concept, v.value, 'seed-nvidia'
FROM financial_period p
JOIN (VALUES ('Revenue', 60922::double precision), ('CostOfRevenue', 16621::double precision), ('RnDExpense', 8675::double precision), ('GnAExpense', 2654::double precision), ('OperatingIncome', 32972::double precision), ('NetIncome', 29760::double precision), ('IncomeTax', 4058::double precision), ('InterestExpense', 257::double precision), ('OperatingCashFlow', 28090::double precision), ('Capex', 1069::double precision), ('DepreciationAmortization', 1508::double precision), ('CashAndEquivalents', 25984::double precision), ('AccountsReceivable', 9999::double precision), ('Inventory', 5282::double precision), ('CurrentAssets', 44345::double precision), ('CurrentLiabilities', 10631::double precision), ('TotalAssets', 65728::double precision), ('LongTermDebt', 8459::double precision), ('TotalLiabilities', 22750::double precision), ('TotalEquity', 42978::double precision), ('DilutedShares', 24940::double precision), ('ShareRepurchases', 9533::double precision)) AS v(concept, value) ON true
WHERE p.company_id = 'nvidia' AND p.period_label = 'FY24'
ON CONFLICT (period_id, concept) DO UPDATE SET value = EXCLUDED.value, source_id = EXCLUDED.source_id;
INSERT INTO financial_period (company_id, period_label, period_type, fiscal_year, fiscal_quarter, currency, unit, report_date, source_id) VALUES ('nvidia', 'FY25', 'annual', 2025, NULL, 'USD', 'USD millions', NULL, 'seed-nvidia') ON CONFLICT (company_id, period_label) DO UPDATE SET period_type = EXCLUDED.period_type, fiscal_year = EXCLUDED.fiscal_year, fiscal_quarter = EXCLUDED.fiscal_quarter, currency = EXCLUDED.currency, unit = EXCLUDED.unit, report_date = EXCLUDED.report_date, source_id = EXCLUDED.source_id;
INSERT INTO financial_fact (period_id, concept, value, source_id)
SELECT p.id, v.concept, v.value, 'seed-nvidia'
FROM financial_period p
JOIN (VALUES ('Revenue', 130497::double precision), ('CostOfRevenue', 32639::double precision), ('RnDExpense', 12914::double precision), ('GnAExpense', 3491::double precision), ('OperatingIncome', 81453::double precision), ('NetIncome', 72880::double precision), ('IncomeTax', 11146::double precision), ('InterestExpense', 247::double precision), ('OperatingCashFlow', 64089::double precision), ('Capex', 3236::double precision), ('DepreciationAmortization', 1864::double precision), ('CashAndEquivalents', 43210::double precision), ('AccountsReceivable', 23065::double precision), ('Inventory', 10080::double precision), ('CurrentAssets', 80126::double precision), ('CurrentLiabilities', 18047::double precision), ('TotalAssets', 111601::double precision), ('LongTermDebt', 8463::double precision), ('TotalLiabilities', 32274::double precision), ('TotalEquity', 79327::double precision), ('DilutedShares', 24804::double precision), ('ShareRepurchases', 33706::double precision)) AS v(concept, value) ON true
WHERE p.company_id = 'nvidia' AND p.period_label = 'FY25'
ON CONFLICT (period_id, concept) DO UPDATE SET value = EXCLUDED.value, source_id = EXCLUDED.source_id;
INSERT INTO company (id, name, ticker, exchange, segment, country, industry_id, description, headquarters, founded_year, website, reporting_currency) VALUES ('tsmc', 'Taiwan Semiconductor Mfg.', 'TSM', 'NYSE (ADR)', 'Foundry', 'Taiwan', 'semis-foundry', 'The world''s leading dedicated foundry; manufactures virtually all leading-edge AI accelerators (N5/N4/N3) and leads advanced packaging (CoWoS).', 'Hsinchu, Taiwan', 1987, 'https://www.tsmc.com', 'TWD') ON CONFLICT (id) DO UPDATE SET name = EXCLUDED.name, ticker = EXCLUDED.ticker, exchange = EXCLUDED.exchange, segment = EXCLUDED.segment, country = EXCLUDED.country, industry_id = EXCLUDED.industry_id, description = EXCLUDED.description, headquarters = EXCLUDED.headquarters, founded_year = EXCLUDED.founded_year, website = EXCLUDED.website, reporting_currency = EXCLUDED.reporting_currency;
INSERT INTO financial_period (company_id, period_label, period_type, fiscal_year, fiscal_quarter, currency, unit, report_date, source_id) VALUES ('tsmc', 'FY21', 'annual', 2021, NULL, 'TWD', 'TWD millions', NULL, 'seed-tsmc') ON CONFLICT (company_id, period_label) DO UPDATE SET period_type = EXCLUDED.period_type, fiscal_year = EXCLUDED.fiscal_year, fiscal_quarter = EXCLUDED.fiscal_quarter, currency = EXCLUDED.currency, unit = EXCLUDED.unit, report_date = EXCLUDED.report_date, source_id = EXCLUDED.source_id;
INSERT INTO financial_fact (period_id, concept, value, source_id)
SELECT p.id, v.concept, v.value, 'seed-tsmc'
FROM financial_period p
JOIN (VALUES ('Revenue', 1587415::double precision), ('CostOfRevenue', 767878::double precision), ('OperatingIncome', 649981::double precision), ('NetIncome', 597097::double precision), ('OperatingCashFlow', 1112160::double precision), ('Capex', 839196::double precision), ('CashAndEquivalents', 1064990::double precision), ('TotalAssets', 3725503::double precision), ('TotalEquity', 2175308::double precision), ('DilutedShares', 25932::double precision)) AS v(concept, value) ON true
WHERE p.company_id = 'tsmc' AND p.period_label = 'FY21'
ON CONFLICT (period_id, concept) DO UPDATE SET value = EXCLUDED.value, source_id = EXCLUDED.source_id;
INSERT INTO financial_period (company_id, period_label, period_type, fiscal_year, fiscal_quarter, currency, unit, report_date, source_id) VALUES ('tsmc', 'FY22', 'annual', 2022, NULL, 'TWD', 'TWD millions', NULL, 'seed-tsmc') ON CONFLICT (company_id, period_label) DO UPDATE SET period_type = EXCLUDED.period_type, fiscal_year = EXCLUDED.fiscal_year, fiscal_quarter = EXCLUDED.fiscal_quarter, currency = EXCLUDED.currency, unit = EXCLUDED.unit, report_date = EXCLUDED.report_date, source_id = EXCLUDED.source_id;
INSERT INTO financial_fact (period_id, concept, value, source_id)
SELECT p.id, v.concept, v.value, 'seed-tsmc'
FROM financial_period p
JOIN (VALUES ('Revenue', 2263891::double precision), ('CostOfRevenue', 915536::double precision), ('OperatingIncome', 1121279::double precision), ('NetIncome', 1016530::double precision), ('OperatingCashFlow', 1610599::double precision), ('Capex', 1082672::double precision), ('CashAndEquivalents', 1342814::double precision), ('TotalAssets', 4964459::double precision), ('TotalEquity', 2960492::double precision), ('DilutedShares', 25932::double precision)) AS v(concept, value) ON true
WHERE p.company_id = 'tsmc' AND p.period_label = 'FY22'
ON CONFLICT (period_id, concept) DO UPDATE SET value = EXCLUDED.value, source_id = EXCLUDED.source_id;
INSERT INTO financial_period (company_id, period_label, period_type, fiscal_year, fiscal_quarter, currency, unit, report_date, source_id) VALUES ('tsmc', 'FY23', 'annual', 2023, NULL, 'TWD', 'TWD millions', NULL, 'seed-tsmc') ON CONFLICT (company_id, period_label) DO UPDATE SET period_type = EXCLUDED.period_type, fiscal_year = EXCLUDED.fiscal_year, fiscal_quarter = EXCLUDED.fiscal_quarter, currency = EXCLUDED.currency, unit = EXCLUDED.unit, report_date = EXCLUDED.report_date, source_id = EXCLUDED.source_id;
INSERT INTO financial_fact (period_id, concept, value, source_id)
SELECT p.id, v.concept, v.value, 'seed-tsmc'
FROM financial_period p
JOIN (VALUES ('Revenue', 2161736::double precision), ('CostOfRevenue', 986625::double precision), ('OperatingIncome', 921466::double precision), ('NetIncome', 838498::double precision), ('OperatingCashFlow', 1241979::double precision), ('Capex', 949517::double precision), ('CashAndEquivalents', 1465428::double precision), ('TotalAssets', 5532196::double precision), ('TotalEquity', 3458314::double precision), ('DilutedShares', 25932::double precision)) AS v(concept, value) ON true
WHERE p.company_id = 'tsmc' AND p.period_label = 'FY23'
ON CONFLICT (period_id, concept) DO UPDATE SET value = EXCLUDED.value, source_id = EXCLUDED.source_id;
INSERT INTO financial_period (company_id, period_label, period_type, fiscal_year, fiscal_quarter, currency, unit, report_date, source_id) VALUES ('tsmc', 'FY24', 'annual', 2024, NULL, 'TWD', 'TWD millions', NULL, 'seed-tsmc') ON CONFLICT (company_id, period_label) DO UPDATE SET period_type = EXCLUDED.period_type, fiscal_year = EXCLUDED.fiscal_year, fiscal_quarter = EXCLUDED.fiscal_quarter, currency = EXCLUDED.currency, unit = EXCLUDED.unit, report_date = EXCLUDED.report_date, source_id = EXCLUDED.source_id;
INSERT INTO financial_fact (period_id, concept, value, source_id)
SELECT p.id, v.concept, v.value, 'seed-tsmc'
FROM financial_period p
JOIN (VALUES ('Revenue', 2894308::double precision), ('CostOfRevenue', 1269954::double precision), ('OperatingIncome', 1322050::double precision), ('NetIncome', 1173268::double precision), ('OperatingCashFlow', 1826079::double precision), ('Capex', 913024::double precision), ('CashAndEquivalents', 2127627::double precision), ('TotalAssets', 6691765::double precision), ('TotalEquity', 4306743::double precision), ('DilutedShares', 25932::double precision)) AS v(concept, value) ON true
WHERE p.company_id = 'tsmc' AND p.period_label = 'FY24'
ON CONFLICT (period_id, concept) DO UPDATE SET value = EXCLUDED.value, source_id = EXCLUDED.source_id;
INSERT INTO company (id, name, ticker, exchange, segment, country, industry_id, description, headquarters, founded_year, website, reporting_currency) VALUES ('amd', 'Advanced Micro Devices', 'AMD', 'NASDAQ', 'CPU / GPU / AI Accelerators', 'United States', 'semis-accelerators', 'x86 CPUs (EPYC, Ryzen), Instinct AI accelerators, and adaptive computing (Xilinx). Primary challenger to NVIDIA in data-center AI.', 'Santa Clara, California', 1969, 'https://www.amd.com', 'USD') ON CONFLICT (id) DO UPDATE SET name = EXCLUDED.name, ticker = EXCLUDED.ticker, exchange = EXCLUDED.exchange, segment = EXCLUDED.segment, country = EXCLUDED.country, industry_id = EXCLUDED.industry_id, description = EXCLUDED.description, headquarters = EXCLUDED.headquarters, founded_year = EXCLUDED.founded_year, website = EXCLUDED.website, reporting_currency = EXCLUDED.reporting_currency;
INSERT INTO financial_period (company_id, period_label, period_type, fiscal_year, fiscal_quarter, currency, unit, report_date, source_id) VALUES ('amd', 'FY21', 'annual', 2021, NULL, 'USD', 'USD millions', NULL, 'seed-amd') ON CONFLICT (company_id, period_label) DO UPDATE SET period_type = EXCLUDED.period_type, fiscal_year = EXCLUDED.fiscal_year, fiscal_quarter = EXCLUDED.fiscal_quarter, currency = EXCLUDED.currency, unit = EXCLUDED.unit, report_date = EXCLUDED.report_date, source_id = EXCLUDED.source_id;
INSERT INTO financial_fact (period_id, concept, value, source_id)
SELECT p.id, v.concept, v.value, 'seed-amd'
FROM financial_period p
JOIN (VALUES ('Revenue', 16434::double precision), ('CostOfRevenue', 8505::double precision), ('RnDExpense', 2845::double precision), ('SnMExpense', 1448::double precision), ('OperatingIncome', 3648::double precision), ('NetIncome', 3162::double precision), ('IncomeTax', 513::double precision), ('OperatingCashFlow', 3521::double precision), ('Capex', 301::double precision), ('CashAndEquivalents', 3608::double precision), ('TotalAssets', 12419::double precision), ('TotalEquity', 7497::double precision), ('DilutedShares', 1229::double precision)) AS v(concept, value) ON true
WHERE p.company_id = 'amd' AND p.period_label = 'FY21'
ON CONFLICT (period_id, concept) DO UPDATE SET value = EXCLUDED.value, source_id = EXCLUDED.source_id;
INSERT INTO financial_period (company_id, period_label, period_type, fiscal_year, fiscal_quarter, currency, unit, report_date, source_id) VALUES ('amd', 'FY22', 'annual', 2022, NULL, 'USD', 'USD millions', NULL, 'seed-amd') ON CONFLICT (company_id, period_label) DO UPDATE SET period_type = EXCLUDED.period_type, fiscal_year = EXCLUDED.fiscal_year, fiscal_quarter = EXCLUDED.fiscal_quarter, currency = EXCLUDED.currency, unit = EXCLUDED.unit, report_date = EXCLUDED.report_date, source_id = EXCLUDED.source_id;
INSERT INTO financial_fact (period_id, concept, value, source_id)
SELECT p.id, v.concept, v.value, 'seed-amd'
FROM financial_period p
JOIN (VALUES ('Revenue', 23601::double precision), ('CostOfRevenue', 12998::double precision), ('RnDExpense', 5005::double precision), ('SnMExpense', 2336::double precision), ('OperatingIncome', 1264::double precision), ('NetIncome', 1320::double precision), ('OperatingCashFlow', 3565::double precision), ('Capex', 450::double precision), ('DepreciationAmortization', 4174::double precision), ('CashAndEquivalents', 5855::double precision), ('TotalAssets', 67580::double precision), ('TotalEquity', 54750::double precision), ('DilutedShares', 1571::double precision)) AS v(concept, value) ON true
WHERE p.company_id = 'amd' AND p.period_label = 'FY22'
ON CONFLICT (period_id, concept) DO UPDATE SET value = EXCLUDED.value, source_id = EXCLUDED.source_id;
INSERT INTO financial_period (company_id, period_label, period_type, fiscal_year, fiscal_quarter, currency, unit, report_date, source_id) VALUES ('amd', 'FY23', 'annual', 2023, NULL, 'USD', 'USD millions', NULL, 'seed-amd') ON CONFLICT (company_id, period_label) DO UPDATE SET period_type = EXCLUDED.period_type, fiscal_year = EXCLUDED.fiscal_year, fiscal_quarter = EXCLUDED.fiscal_quarter, currency = EXCLUDED.currency, unit = EXCLUDED.unit, report_date = EXCLUDED.report_date, source_id = EXCLUDED.source_id;
INSERT INTO financial_fact (period_id, concept, value, source_id)
SELECT p.id, v.concept, v.value, 'seed-amd'
FROM financial_period p
JOIN (VALUES ('Revenue', 22680::double precision), ('CostOfRevenue', 12220::double precision), ('RnDExpense', 5872::double precision), ('SnMExpense', 2352::double precision), ('OperatingIncome', 401::double precision), ('NetIncome', 854::double precision), ('OperatingCashFlow', 1667::double precision), ('Capex', 546::double precision), ('CashAndEquivalents', 5773::double precision), ('TotalAssets', 67885::double precision), ('TotalEquity', 55892::double precision), ('DilutedShares', 1625::double precision)) AS v(concept, value) ON true
WHERE p.company_id = 'amd' AND p.period_label = 'FY23'
ON CONFLICT (period_id, concept) DO UPDATE SET value = EXCLUDED.value, source_id = EXCLUDED.source_id;
INSERT INTO financial_period (company_id, period_label, period_type, fiscal_year, fiscal_quarter, currency, unit, report_date, source_id) VALUES ('amd', 'FY24', 'annual', 2024, NULL, 'USD', 'USD millions', NULL, 'seed-amd') ON CONFLICT (company_id, period_label) DO UPDATE SET period_type = EXCLUDED.period_type, fiscal_year = EXCLUDED.fiscal_year, fiscal_quarter = EXCLUDED.fiscal_quarter, currency = EXCLUDED.currency, unit = EXCLUDED.unit, report_date = EXCLUDED.report_date, source_id = EXCLUDED.source_id;
INSERT INTO financial_fact (period_id, concept, value, source_id)
SELECT p.id, v.concept, v.value, 'seed-amd'
FROM financial_period p
JOIN (VALUES ('Revenue', 25785::double precision), ('CostOfRevenue', 12206::double precision), ('RnDExpense', 6456::double precision), ('SnMExpense', 2783::double precision), ('OperatingIncome', 1900::double precision), ('NetIncome', 1641::double precision), ('IncomeTax', 302::double precision), ('OperatingCashFlow', 3041::double precision), ('Capex', 636::double precision), ('CashAndEquivalents', 5132::double precision), ('TotalAssets', 69226::double precision), ('TotalEquity', 57568::double precision), ('DilutedShares', 1637::double precision)) AS v(concept, value) ON true
WHERE p.company_id = 'amd' AND p.period_label = 'FY24'
ON CONFLICT (period_id, concept) DO UPDATE SET value = EXCLUDED.value, source_id = EXCLUDED.source_id;
INSERT INTO company (id, name, ticker, exchange, segment, country, industry_id, description, headquarters, founded_year, website, reporting_currency) VALUES ('asml', 'ASML Holding', 'ASML', 'NASDAQ', 'Lithography', 'Netherlands', 'semis-equipment', 'Monopoly supplier of EUV lithography systems — the critical tool for leading-edge logic and DRAM manufacturing.', 'Veldhoven, Netherlands', 1984, 'https://www.asml.com', 'EUR') ON CONFLICT (id) DO UPDATE SET name = EXCLUDED.name, ticker = EXCLUDED.ticker, exchange = EXCLUDED.exchange, segment = EXCLUDED.segment, country = EXCLUDED.country, industry_id = EXCLUDED.industry_id, description = EXCLUDED.description, headquarters = EXCLUDED.headquarters, founded_year = EXCLUDED.founded_year, website = EXCLUDED.website, reporting_currency = EXCLUDED.reporting_currency;
INSERT INTO financial_period (company_id, period_label, period_type, fiscal_year, fiscal_quarter, currency, unit, report_date, source_id) VALUES ('asml', 'FY21', 'annual', 2021, NULL, 'EUR', 'EUR millions', NULL, 'seed-asml') ON CONFLICT (company_id, period_label) DO UPDATE SET period_type = EXCLUDED.period_type, fiscal_year = EXCLUDED.fiscal_year, fiscal_quarter = EXCLUDED.fiscal_quarter, currency = EXCLUDED.currency, unit = EXCLUDED.unit, report_date = EXCLUDED.report_date, source_id = EXCLUDED.source_id;
INSERT INTO financial_fact (period_id, concept, value, source_id)
SELECT p.id, v.concept, v.value, 'seed-asml'
FROM financial_period p
JOIN (VALUES ('Revenue', 18611::double precision), ('CostOfRevenue', 8850::double precision), ('RnDExpense', 2547::double precision), ('GnAExpense', 725::double precision), ('OperatingIncome', 6846::double precision), ('NetIncome', 5883::double precision), ('OperatingCashFlow', 10845::double precision), ('Capex', 971::double precision), ('CashAndEquivalents', 7586::double precision), ('TotalAssets', 30432::double precision), ('TotalEquity', 10047::double precision), ('DilutedShares', 410::double precision)) AS v(concept, value) ON true
WHERE p.company_id = 'asml' AND p.period_label = 'FY21'
ON CONFLICT (period_id, concept) DO UPDATE SET value = EXCLUDED.value, source_id = EXCLUDED.source_id;
INSERT INTO financial_period (company_id, period_label, period_type, fiscal_year, fiscal_quarter, currency, unit, report_date, source_id) VALUES ('asml', 'FY22', 'annual', 2022, NULL, 'EUR', 'EUR millions', NULL, 'seed-asml') ON CONFLICT (company_id, period_label) DO UPDATE SET period_type = EXCLUDED.period_type, fiscal_year = EXCLUDED.fiscal_year, fiscal_quarter = EXCLUDED.fiscal_quarter, currency = EXCLUDED.currency, unit = EXCLUDED.unit, report_date = EXCLUDED.report_date, source_id = EXCLUDED.source_id;
INSERT INTO financial_fact (period_id, concept, value, source_id)
SELECT p.id, v.concept, v.value, 'seed-asml'
FROM financial_period p
JOIN (VALUES ('Revenue', 21173::double precision), ('CostOfRevenue', 10300::double precision), ('RnDExpense', 3254::double precision), ('GnAExpense', 903::double precision), ('OperatingIncome', 6802::double precision), ('NetIncome', 5624::double precision), ('OperatingCashFlow', 8487::double precision), ('Capex', 1289::double precision), ('CashAndEquivalents', 7268::double precision), ('TotalAssets', 36296::double precision), ('TotalEquity', 8634::double precision), ('DilutedShares', 397::double precision)) AS v(concept, value) ON true
WHERE p.company_id = 'asml' AND p.period_label = 'FY22'
ON CONFLICT (period_id, concept) DO UPDATE SET value = EXCLUDED.value, source_id = EXCLUDED.source_id;
INSERT INTO financial_period (company_id, period_label, period_type, fiscal_year, fiscal_quarter, currency, unit, report_date, source_id) VALUES ('asml', 'FY23', 'annual', 2023, NULL, 'EUR', 'EUR millions', NULL, 'seed-asml') ON CONFLICT (company_id, period_label) DO UPDATE SET period_type = EXCLUDED.period_type, fiscal_year = EXCLUDED.fiscal_year, fiscal_quarter = EXCLUDED.fiscal_quarter, currency = EXCLUDED.currency, unit = EXCLUDED.unit, report_date = EXCLUDED.report_date, source_id = EXCLUDED.source_id;
INSERT INTO financial_fact (period_id, concept, value, source_id)
SELECT p.id, v.concept, v.value, 'seed-asml'
FROM financial_period p
JOIN (VALUES ('Revenue', 27559::double precision), ('CostOfRevenue', 13134::double precision), ('RnDExpense', 3981::double precision), ('GnAExpense', 1113::double precision), ('OperatingIncome', 9045::double precision), ('NetIncome', 7839::double precision), ('OperatingCashFlow', 5443::double precision), ('Capex', 2027::double precision), ('CashAndEquivalents', 7059::double precision), ('TotalAssets', 39958::double precision), ('TotalEquity', 13839::double precision), ('DilutedShares', 395::double precision)) AS v(concept, value) ON true
WHERE p.company_id = 'asml' AND p.period_label = 'FY23'
ON CONFLICT (period_id, concept) DO UPDATE SET value = EXCLUDED.value, source_id = EXCLUDED.source_id;
INSERT INTO financial_period (company_id, period_label, period_type, fiscal_year, fiscal_quarter, currency, unit, report_date, source_id) VALUES ('asml', 'FY24', 'annual', 2024, NULL, 'EUR', 'EUR millions', NULL, 'seed-asml') ON CONFLICT (company_id, period_label) DO UPDATE SET period_type = EXCLUDED.period_type, fiscal_year = EXCLUDED.fiscal_year, fiscal_quarter = EXCLUDED.fiscal_quarter, currency = EXCLUDED.currency, unit = EXCLUDED.unit, report_date = EXCLUDED.report_date, source_id = EXCLUDED.source_id;
INSERT INTO financial_fact (period_id, concept, value, source_id)
SELECT p.id, v.concept, v.value, 'seed-asml'
FROM financial_period p
JOIN (VALUES ('Revenue', 28263::double precision), ('CostOfRevenue', 13911::double precision), ('RnDExpense', 4300::double precision), ('GnAExpense', 1146::double precision), ('OperatingIncome', 8977::double precision), ('NetIncome', 7572::double precision), ('OperatingCashFlow', 11169::double precision), ('Capex', 1704::double precision), ('CashAndEquivalents', 12736::double precision), ('TotalAssets', 48017::double precision), ('TotalEquity', 18477::double precision), ('DilutedShares', 394::double precision)) AS v(concept, value) ON true
WHERE p.company_id = 'asml' AND p.period_label = 'FY24'
ON CONFLICT (period_id, concept) DO UPDATE SET value = EXCLUDED.value, source_id = EXCLUDED.source_id;
INSERT INTO company (id, name, ticker, exchange, segment, country, industry_id, description, headquarters, founded_year, website, reporting_currency) VALUES ('broadcom', 'Broadcom', 'AVGO', 'NASDAQ', 'Networking / Custom ASIC', 'United States', 'networking', 'AI networking silicon (Tomahawk/Jericho), custom AI accelerators (XPUs) for hyperscalers, plus infrastructure software (VMware).', 'Palo Alto, California', 1961, 'https://www.broadcom.com', 'USD') ON CONFLICT (id) DO UPDATE SET name = EXCLUDED.name, ticker = EXCLUDED.ticker, exchange = EXCLUDED.exchange, segment = EXCLUDED.segment, country = EXCLUDED.country, industry_id = EXCLUDED.industry_id, description = EXCLUDED.description, headquarters = EXCLUDED.headquarters, founded_year = EXCLUDED.founded_year, website = EXCLUDED.website, reporting_currency = EXCLUDED.reporting_currency;
INSERT INTO financial_period (company_id, period_label, period_type, fiscal_year, fiscal_quarter, currency, unit, report_date, source_id) VALUES ('broadcom', 'FY21', 'annual', 2021, NULL, 'USD', 'USD millions', NULL, 'seed-broadcom') ON CONFLICT (company_id, period_label) DO UPDATE SET period_type = EXCLUDED.period_type, fiscal_year = EXCLUDED.fiscal_year, fiscal_quarter = EXCLUDED.fiscal_quarter, currency = EXCLUDED.currency, unit = EXCLUDED.unit, report_date = EXCLUDED.report_date, source_id = EXCLUDED.source_id;
INSERT INTO financial_fact (period_id, concept, value, source_id)
SELECT p.id, v.concept, v.value, 'seed-broadcom'
FROM financial_period p
JOIN (VALUES ('Revenue', 27450::double precision), ('CostOfRevenue', 10606::double precision), ('RnDExpense', 4854::double precision), ('GnAExpense', 1347::double precision), ('OperatingIncome', 8519::double precision), ('NetIncome', 6736::double precision), ('OperatingCashFlow', 13764::double precision), ('Capex', 443::double precision), ('CashAndEquivalents', 12163::double precision), ('TotalAssets', 75570::double precision), ('LongTermDebt', 39440::double precision), ('TotalEquity', 24962::double precision), ('DilutedShares', 4450::double precision)) AS v(concept, value) ON true
WHERE p.company_id = 'broadcom' AND p.period_label = 'FY21'
ON CONFLICT (period_id, concept) DO UPDATE SET value = EXCLUDED.value, source_id = EXCLUDED.source_id;
INSERT INTO financial_period (company_id, period_label, period_type, fiscal_year, fiscal_quarter, currency, unit, report_date, source_id) VALUES ('broadcom', 'FY22', 'annual', 2022, NULL, 'USD', 'USD millions', NULL, 'seed-broadcom') ON CONFLICT (company_id, period_label) DO UPDATE SET period_type = EXCLUDED.period_type, fiscal_year = EXCLUDED.fiscal_year, fiscal_quarter = EXCLUDED.fiscal_quarter, currency = EXCLUDED.currency, unit = EXCLUDED.unit, report_date = EXCLUDED.report_date, source_id = EXCLUDED.source_id;
INSERT INTO financial_fact (period_id, concept, value, source_id)
SELECT p.id, v.concept, v.value, 'seed-broadcom'
FROM financial_period p
JOIN (VALUES ('Revenue', 33203::double precision), ('CostOfRevenue', 11069::double precision), ('RnDExpense', 4919::double precision), ('GnAExpense', 1382::double precision), ('OperatingIncome', 14225::double precision), ('NetIncome', 11495::double precision), ('OperatingCashFlow', 16736::double precision), ('Capex', 424::double precision), ('CashAndEquivalents', 12416::double precision), ('TotalAssets', 73249::double precision), ('LongTermDebt', 39075::double precision), ('TotalEquity', 22709::double precision), ('DilutedShares', 4390::double precision)) AS v(concept, value) ON true
WHERE p.company_id = 'broadcom' AND p.period_label = 'FY22'
ON CONFLICT (period_id, concept) DO UPDATE SET value = EXCLUDED.value, source_id = EXCLUDED.source_id;
INSERT INTO financial_period (company_id, period_label, period_type, fiscal_year, fiscal_quarter, currency, unit, report_date, source_id) VALUES ('broadcom', 'FY23', 'annual', 2023, NULL, 'USD', 'USD millions', NULL, 'seed-broadcom') ON CONFLICT (company_id, period_label) DO UPDATE SET period_type = EXCLUDED.period_type, fiscal_year = EXCLUDED.fiscal_year, fiscal_quarter = EXCLUDED.fiscal_quarter, currency = EXCLUDED.currency, unit = EXCLUDED.unit, report_date = EXCLUDED.report_date, source_id = EXCLUDED.source_id;
INSERT INTO financial_fact (period_id, concept, value, source_id)
SELECT p.id, v.concept, v.value, 'seed-broadcom'
FROM financial_period p
JOIN (VALUES ('Revenue', 35819::double precision), ('CostOfRevenue', 11129::double precision), ('RnDExpense', 5253::double precision), ('GnAExpense', 1592::double precision), ('OperatingIncome', 16207::double precision), ('NetIncome', 14082::double precision), ('OperatingCashFlow', 18085::double precision), ('Capex', 452::double precision), ('CashAndEquivalents', 14189::double precision), ('TotalAssets', 72861::double precision), ('LongTermDebt', 37621::double precision), ('TotalEquity', 23988::double precision), ('DilutedShares', 4450::double precision)) AS v(concept, value) ON true
WHERE p.company_id = 'broadcom' AND p.period_label = 'FY23'
ON CONFLICT (period_id, concept) DO UPDATE SET value = EXCLUDED.value, source_id = EXCLUDED.source_id;
INSERT INTO financial_period (company_id, period_label, period_type, fiscal_year, fiscal_quarter, currency, unit, report_date, source_id) VALUES ('broadcom', 'FY24', 'annual', 2024, NULL, 'USD', 'USD millions', NULL, 'seed-broadcom') ON CONFLICT (company_id, period_label) DO UPDATE SET period_type = EXCLUDED.period_type, fiscal_year = EXCLUDED.fiscal_year, fiscal_quarter = EXCLUDED.fiscal_quarter, currency = EXCLUDED.currency, unit = EXCLUDED.unit, report_date = EXCLUDED.report_date, source_id = EXCLUDED.source_id;
INSERT INTO financial_fact (period_id, concept, value, source_id)
SELECT p.id, v.concept, v.value, 'seed-broadcom'
FROM financial_period p
JOIN (VALUES ('Revenue', 51574::double precision), ('CostOfRevenue', 19065::double precision), ('RnDExpense', 9310::double precision), ('GnAExpense', 4959::double precision), ('OperatingIncome', 13462::double precision), ('NetIncome', 5895::double precision), ('OperatingCashFlow', 19962::double precision), ('Capex', 548::double precision), ('CashAndEquivalents', 9348::double precision), ('TotalAssets', 165645::double precision), ('LongTermDebt', 66295::double precision), ('TotalEquity', 67678::double precision), ('DilutedShares', 4752::double precision)) AS v(concept, value) ON true
WHERE p.company_id = 'broadcom' AND p.period_label = 'FY24'
ON CONFLICT (period_id, concept) DO UPDATE SET value = EXCLUDED.value, source_id = EXCLUDED.source_id;
INSERT INTO company (id, name, ticker, exchange, segment, country, industry_id, description, headquarters, founded_year, website, reporting_currency) VALUES ('micron', 'Micron Technology', 'MU', 'NASDAQ', 'Memory (DRAM / NAND / HBM)', 'United States', 'semis-memory', 'One of three DRAM manufacturers worldwide; HBM3E supplier into AI accelerators. Deeply cyclical memory economics.', 'Boise, Idaho', 1978, 'https://www.micron.com', 'USD') ON CONFLICT (id) DO UPDATE SET name = EXCLUDED.name, ticker = EXCLUDED.ticker, exchange = EXCLUDED.exchange, segment = EXCLUDED.segment, country = EXCLUDED.country, industry_id = EXCLUDED.industry_id, description = EXCLUDED.description, headquarters = EXCLUDED.headquarters, founded_year = EXCLUDED.founded_year, website = EXCLUDED.website, reporting_currency = EXCLUDED.reporting_currency;
INSERT INTO financial_period (company_id, period_label, period_type, fiscal_year, fiscal_quarter, currency, unit, report_date, source_id) VALUES ('micron', 'FY22', 'annual', 2022, NULL, 'USD', 'USD millions', NULL, 'seed-micron') ON CONFLICT (company_id, period_label) DO UPDATE SET period_type = EXCLUDED.period_type, fiscal_year = EXCLUDED.fiscal_year, fiscal_quarter = EXCLUDED.fiscal_quarter, currency = EXCLUDED.currency, unit = EXCLUDED.unit, report_date = EXCLUDED.report_date, source_id = EXCLUDED.source_id;
INSERT INTO financial_fact (period_id, concept, value, source_id)
SELECT p.id, v.concept, v.value, 'seed-micron'
FROM financial_period p
JOIN (VALUES ('Revenue', 30758::double precision), ('CostOfRevenue', 16860::double precision), ('RnDExpense', 3116::double precision), ('GnAExpense', 1066::double precision), ('OperatingIncome', 9702::double precision), ('NetIncome', 8687::double precision), ('OperatingCashFlow', 15181::double precision), ('Capex', 12067::double precision), ('CashAndEquivalents', 9574::double precision), ('AccountsReceivable', 5130::double precision), ('Inventory', 6663::double precision), ('TotalAssets', 66283::double precision), ('LongTermDebt', 6938::double precision), ('TotalEquity', 49907::double precision), ('DilutedShares', 1116::double precision)) AS v(concept, value) ON true
WHERE p.company_id = 'micron' AND p.period_label = 'FY22'
ON CONFLICT (period_id, concept) DO UPDATE SET value = EXCLUDED.value, source_id = EXCLUDED.source_id;
INSERT INTO financial_period (company_id, period_label, period_type, fiscal_year, fiscal_quarter, currency, unit, report_date, source_id) VALUES ('micron', 'FY23', 'annual', 2023, NULL, 'USD', 'USD millions', NULL, 'seed-micron') ON CONFLICT (company_id, period_label) DO UPDATE SET period_type = EXCLUDED.period_type, fiscal_year = EXCLUDED.fiscal_year, fiscal_quarter = EXCLUDED.fiscal_quarter, currency = EXCLUDED.currency, unit = EXCLUDED.unit, report_date = EXCLUDED.report_date, source_id = EXCLUDED.source_id;
INSERT INTO financial_fact (period_id, concept, value, source_id)
SELECT p.id, v.concept, v.value, 'seed-micron'
FROM financial_period p
JOIN (VALUES ('Revenue', 15540::double precision), ('CostOfRevenue', 16956::double precision), ('RnDExpense', 3114::double precision), ('GnAExpense', 920::double precision), ('OperatingIncome', -5745::double precision), ('NetIncome', -5833::double precision), ('OperatingCashFlow', 1559::double precision), ('Capex', 7676::double precision), ('CashAndEquivalents', 9608::double precision), ('AccountsReceivable', 2443::double precision), ('Inventory', 8387::double precision), ('TotalAssets', 64254::double precision), ('LongTermDebt', 13052::double precision), ('TotalEquity', 44120::double precision), ('DilutedShares', 1094::double precision)) AS v(concept, value) ON true
WHERE p.company_id = 'micron' AND p.period_label = 'FY23'
ON CONFLICT (period_id, concept) DO UPDATE SET value = EXCLUDED.value, source_id = EXCLUDED.source_id;
INSERT INTO financial_period (company_id, period_label, period_type, fiscal_year, fiscal_quarter, currency, unit, report_date, source_id) VALUES ('micron', 'FY24', 'annual', 2024, NULL, 'USD', 'USD millions', NULL, 'seed-micron') ON CONFLICT (company_id, period_label) DO UPDATE SET period_type = EXCLUDED.period_type, fiscal_year = EXCLUDED.fiscal_year, fiscal_quarter = EXCLUDED.fiscal_quarter, currency = EXCLUDED.currency, unit = EXCLUDED.unit, report_date = EXCLUDED.report_date, source_id = EXCLUDED.source_id;
INSERT INTO financial_fact (period_id, concept, value, source_id)
SELECT p.id, v.concept, v.value, 'seed-micron'
FROM financial_period p
JOIN (VALUES ('Revenue', 25111::double precision), ('CostOfRevenue', 19498::double precision), ('RnDExpense', 3430::double precision), ('GnAExpense', 1129::double precision), ('OperatingIncome', 1304::double precision), ('NetIncome', 778::double precision), ('OperatingCashFlow', 8507::double precision), ('Capex', 8386::double precision), ('CashAndEquivalents', 9155::double precision), ('AccountsReceivable', 6615::double precision), ('Inventory', 8875::double precision), ('TotalAssets', 69416::double precision), ('LongTermDebt', 13396::double precision), ('TotalEquity', 45131::double precision), ('DilutedShares', 1114::double precision)) AS v(concept, value) ON true
WHERE p.company_id = 'micron' AND p.period_label = 'FY24'
ON CONFLICT (period_id, concept) DO UPDATE SET value = EXCLUDED.value, source_id = EXCLUDED.source_id;
INSERT INTO financial_period (company_id, period_label, period_type, fiscal_year, fiscal_quarter, currency, unit, report_date, source_id) VALUES ('micron', 'FY25', 'annual', 2025, NULL, 'USD', 'USD millions', NULL, 'seed-micron') ON CONFLICT (company_id, period_label) DO UPDATE SET period_type = EXCLUDED.period_type, fiscal_year = EXCLUDED.fiscal_year, fiscal_quarter = EXCLUDED.fiscal_quarter, currency = EXCLUDED.currency, unit = EXCLUDED.unit, report_date = EXCLUDED.report_date, source_id = EXCLUDED.source_id;
INSERT INTO financial_fact (period_id, concept, value, source_id)
SELECT p.id, v.concept, v.value, 'seed-micron'
FROM financial_period p
JOIN (VALUES ('Revenue', 37378::double precision), ('CostOfRevenue', 22504::double precision), ('NetIncome', 8539::double precision), ('OperatingCashFlow', 17530::double precision), ('Capex', 13807::double precision), ('DilutedShares', 1130::double precision)) AS v(concept, value) ON true
WHERE p.company_id = 'micron' AND p.period_label = 'FY25'
ON CONFLICT (period_id, concept) DO UPDATE SET value = EXCLUDED.value, source_id = EXCLUDED.source_id;
INSERT INTO company (id, name, ticker, exchange, segment, country, industry_id, description, headquarters, founded_year, website, reporting_currency) VALUES ('sk-hynix', 'SK hynix', '000660', 'KRX', 'HBM / DRAM', 'South Korea', 'semis-memory', 'HBM market leader and primary memory supplier for NVIDIA AI accelerators; #2 DRAM manufacturer worldwide.', 'Icheon, South Korea', 1983, 'https://www.skhynix.com', 'KRW') ON CONFLICT (id) DO UPDATE SET name = EXCLUDED.name, ticker = EXCLUDED.ticker, exchange = EXCLUDED.exchange, segment = EXCLUDED.segment, country = EXCLUDED.country, industry_id = EXCLUDED.industry_id, description = EXCLUDED.description, headquarters = EXCLUDED.headquarters, founded_year = EXCLUDED.founded_year, website = EXCLUDED.website, reporting_currency = EXCLUDED.reporting_currency;
INSERT INTO financial_period (company_id, period_label, period_type, fiscal_year, fiscal_quarter, currency, unit, report_date, source_id) VALUES ('sk-hynix', 'FY21', 'annual', 2021, NULL, 'KRW', 'KRW billions', NULL, 'seed-sk-hynix') ON CONFLICT (company_id, period_label) DO UPDATE SET period_type = EXCLUDED.period_type, fiscal_year = EXCLUDED.fiscal_year, fiscal_quarter = EXCLUDED.fiscal_quarter, currency = EXCLUDED.currency, unit = EXCLUDED.unit, report_date = EXCLUDED.report_date, source_id = EXCLUDED.source_id;
INSERT INTO financial_fact (period_id, concept, value, source_id)
SELECT p.id, v.concept, v.value, 'seed-sk-hynix'
FROM financial_period p
JOIN (VALUES ('Revenue', 42998::double precision), ('OperatingIncome', 12410::double precision), ('NetIncome', 9616::double precision)) AS v(concept, value) ON true
WHERE p.company_id = 'sk-hynix' AND p.period_label = 'FY21'
ON CONFLICT (period_id, concept) DO UPDATE SET value = EXCLUDED.value, source_id = EXCLUDED.source_id;
INSERT INTO financial_period (company_id, period_label, period_type, fiscal_year, fiscal_quarter, currency, unit, report_date, source_id) VALUES ('sk-hynix', 'FY22', 'annual', 2022, NULL, 'KRW', 'KRW billions', NULL, 'seed-sk-hynix') ON CONFLICT (company_id, period_label) DO UPDATE SET period_type = EXCLUDED.period_type, fiscal_year = EXCLUDED.fiscal_year, fiscal_quarter = EXCLUDED.fiscal_quarter, currency = EXCLUDED.currency, unit = EXCLUDED.unit, report_date = EXCLUDED.report_date, source_id = EXCLUDED.source_id;
INSERT INTO financial_fact (period_id, concept, value, source_id)
SELECT p.id, v.concept, v.value, 'seed-sk-hynix'
FROM financial_period p
JOIN (VALUES ('Revenue', 44648::double precision), ('OperatingIncome', 6809::double precision), ('NetIncome', 2242::double precision)) AS v(concept, value) ON true
WHERE p.company_id = 'sk-hynix' AND p.period_label = 'FY22'
ON CONFLICT (period_id, concept) DO UPDATE SET value = EXCLUDED.value, source_id = EXCLUDED.source_id;
INSERT INTO financial_period (company_id, period_label, period_type, fiscal_year, fiscal_quarter, currency, unit, report_date, source_id) VALUES ('sk-hynix', 'FY23', 'annual', 2023, NULL, 'KRW', 'KRW billions', NULL, 'seed-sk-hynix') ON CONFLICT (company_id, period_label) DO UPDATE SET period_type = EXCLUDED.period_type, fiscal_year = EXCLUDED.fiscal_year, fiscal_quarter = EXCLUDED.fiscal_quarter, currency = EXCLUDED.currency, unit = EXCLUDED.unit, report_date = EXCLUDED.report_date, source_id = EXCLUDED.source_id;
INSERT INTO financial_fact (period_id, concept, value, source_id)
SELECT p.id, v.concept, v.value, 'seed-sk-hynix'
FROM financial_period p
JOIN (VALUES ('Revenue', 32766::double precision), ('OperatingIncome', -7730::double precision), ('NetIncome', -9138::double precision)) AS v(concept, value) ON true
WHERE p.company_id = 'sk-hynix' AND p.period_label = 'FY23'
ON CONFLICT (period_id, concept) DO UPDATE SET value = EXCLUDED.value, source_id = EXCLUDED.source_id;
INSERT INTO financial_period (company_id, period_label, period_type, fiscal_year, fiscal_quarter, currency, unit, report_date, source_id) VALUES ('sk-hynix', 'FY24', 'annual', 2024, NULL, 'KRW', 'KRW billions', NULL, 'seed-sk-hynix') ON CONFLICT (company_id, period_label) DO UPDATE SET period_type = EXCLUDED.period_type, fiscal_year = EXCLUDED.fiscal_year, fiscal_quarter = EXCLUDED.fiscal_quarter, currency = EXCLUDED.currency, unit = EXCLUDED.unit, report_date = EXCLUDED.report_date, source_id = EXCLUDED.source_id;
INSERT INTO financial_fact (period_id, concept, value, source_id)
SELECT p.id, v.concept, v.value, 'seed-sk-hynix'
FROM financial_period p
JOIN (VALUES ('Revenue', 66193::double precision), ('OperatingIncome', 23467::double precision), ('NetIncome', 19797::double precision)) AS v(concept, value) ON true
WHERE p.company_id = 'sk-hynix' AND p.period_label = 'FY24'
ON CONFLICT (period_id, concept) DO UPDATE SET value = EXCLUDED.value, source_id = EXCLUDED.source_id;
INSERT INTO company (id, name, ticker, exchange, segment, country, industry_id, description, headquarters, founded_year, website, reporting_currency) VALUES ('intel', 'Intel Corporation', 'INTC', 'NASDAQ', 'CPU / Foundry', 'United States', 'semis-foundry', 'x86 CPU incumbent rebuilding process leadership and standing up a western foundry (Intel Foundry). 2024 marked by heavy restructuring and impairments.', 'Santa Clara, California', 1968, 'https://www.intel.com', 'USD') ON CONFLICT (id) DO UPDATE SET name = EXCLUDED.name, ticker = EXCLUDED.ticker, exchange = EXCLUDED.exchange, segment = EXCLUDED.segment, country = EXCLUDED.country, industry_id = EXCLUDED.industry_id, description = EXCLUDED.description, headquarters = EXCLUDED.headquarters, founded_year = EXCLUDED.founded_year, website = EXCLUDED.website, reporting_currency = EXCLUDED.reporting_currency;
INSERT INTO financial_period (company_id, period_label, period_type, fiscal_year, fiscal_quarter, currency, unit, report_date, source_id) VALUES ('intel', 'FY21', 'annual', 2021, NULL, 'USD', 'USD millions', NULL, 'seed-intel') ON CONFLICT (company_id, period_label) DO UPDATE SET period_type = EXCLUDED.period_type, fiscal_year = EXCLUDED.fiscal_year, fiscal_quarter = EXCLUDED.fiscal_quarter, currency = EXCLUDED.currency, unit = EXCLUDED.unit, report_date = EXCLUDED.report_date, source_id = EXCLUDED.source_id;
INSERT INTO financial_fact (period_id, concept, value, source_id)
SELECT p.id, v.concept, v.value, 'seed-intel'
FROM financial_period p
JOIN (VALUES ('Revenue', 79024::double precision), ('CostOfRevenue', 35209::double precision), ('RnDExpense', 15190::double precision), ('GnAExpense', 6543::double precision), ('OperatingIncome', 19456::double precision), ('NetIncome', 19868::double precision), ('OperatingCashFlow', 29456::double precision), ('Capex', 20329::double precision), ('CashAndEquivalents', 28413::double precision), ('TotalAssets', 168406::double precision), ('LongTermDebt', 33510::double precision), ('TotalEquity', 95391::double precision), ('DilutedShares', 4090::double precision)) AS v(concept, value) ON true
WHERE p.company_id = 'intel' AND p.period_label = 'FY21'
ON CONFLICT (period_id, concept) DO UPDATE SET value = EXCLUDED.value, source_id = EXCLUDED.source_id;
INSERT INTO financial_period (company_id, period_label, period_type, fiscal_year, fiscal_quarter, currency, unit, report_date, source_id) VALUES ('intel', 'FY22', 'annual', 2022, NULL, 'USD', 'USD millions', NULL, 'seed-intel') ON CONFLICT (company_id, period_label) DO UPDATE SET period_type = EXCLUDED.period_type, fiscal_year = EXCLUDED.fiscal_year, fiscal_quarter = EXCLUDED.fiscal_quarter, currency = EXCLUDED.currency, unit = EXCLUDED.unit, report_date = EXCLUDED.report_date, source_id = EXCLUDED.source_id;
INSERT INTO financial_fact (period_id, concept, value, source_id)
SELECT p.id, v.concept, v.value, 'seed-intel'
FROM financial_period p
JOIN (VALUES ('Revenue', 63054::double precision), ('CostOfRevenue', 36188::double precision), ('RnDExpense', 17528::double precision), ('GnAExpense', 7002::double precision), ('OperatingIncome', 2334::double precision), ('NetIncome', 8014::double precision), ('OperatingCashFlow', 15433::double precision), ('Capex', 24844::double precision), ('CashAndEquivalents', 28338::double precision), ('TotalAssets', 182103::double precision), ('LongTermDebt', 37684::double precision), ('TotalEquity', 101423::double precision), ('DilutedShares', 4123::double precision)) AS v(concept, value) ON true
WHERE p.company_id = 'intel' AND p.period_label = 'FY22'
ON CONFLICT (period_id, concept) DO UPDATE SET value = EXCLUDED.value, source_id = EXCLUDED.source_id;
INSERT INTO financial_period (company_id, period_label, period_type, fiscal_year, fiscal_quarter, currency, unit, report_date, source_id) VALUES ('intel', 'FY23', 'annual', 2023, NULL, 'USD', 'USD millions', NULL, 'seed-intel') ON CONFLICT (company_id, period_label) DO UPDATE SET period_type = EXCLUDED.period_type, fiscal_year = EXCLUDED.fiscal_year, fiscal_quarter = EXCLUDED.fiscal_quarter, currency = EXCLUDED.currency, unit = EXCLUDED.unit, report_date = EXCLUDED.report_date, source_id = EXCLUDED.source_id;
INSERT INTO financial_fact (period_id, concept, value, source_id)
SELECT p.id, v.concept, v.value, 'seed-intel'
FROM financial_period p
JOIN (VALUES ('Revenue', 54228::double precision), ('CostOfRevenue', 32517::double precision), ('RnDExpense', 16046::double precision), ('GnAExpense', 5634::double precision), ('OperatingIncome', 93::double precision), ('NetIncome', 1689::double precision), ('OperatingCashFlow', 11471::double precision), ('Capex', 25750::double precision), ('CashAndEquivalents', 25034::double precision), ('TotalAssets', 191572::double precision), ('LongTermDebt', 46978::double precision), ('TotalEquity', 105590::double precision), ('DilutedShares', 4212::double precision)) AS v(concept, value) ON true
WHERE p.company_id = 'intel' AND p.period_label = 'FY23'
ON CONFLICT (period_id, concept) DO UPDATE SET value = EXCLUDED.value, source_id = EXCLUDED.source_id;
INSERT INTO financial_period (company_id, period_label, period_type, fiscal_year, fiscal_quarter, currency, unit, report_date, source_id) VALUES ('intel', 'FY24', 'annual', 2024, NULL, 'USD', 'USD millions', NULL, 'seed-intel') ON CONFLICT (company_id, period_label) DO UPDATE SET period_type = EXCLUDED.period_type, fiscal_year = EXCLUDED.fiscal_year, fiscal_quarter = EXCLUDED.fiscal_quarter, currency = EXCLUDED.currency, unit = EXCLUDED.unit, report_date = EXCLUDED.report_date, source_id = EXCLUDED.source_id;
INSERT INTO financial_fact (period_id, concept, value, source_id)
SELECT p.id, v.concept, v.value, 'seed-intel'
FROM financial_period p
JOIN (VALUES ('Revenue', 53101::double precision), ('CostOfRevenue', 35756::double precision), ('RnDExpense', 16546::double precision), ('GnAExpense', 5507::double precision), ('OperatingIncome', -11678::double precision), ('NetIncome', -18756::double precision), ('OperatingCashFlow', 8288::double precision), ('Capex', 23944::double precision), ('CashAndEquivalents', 22062::double precision), ('TotalAssets', 196485::double precision), ('LongTermDebt', 46282::double precision), ('TotalEquity', 99270::double precision), ('DilutedShares', 4280::double precision)) AS v(concept, value) ON true
WHERE p.company_id = 'intel' AND p.period_label = 'FY24'
ON CONFLICT (period_id, concept) DO UPDATE SET value = EXCLUDED.value, source_id = EXCLUDED.source_id;
INSERT INTO company (id, name, ticker, exchange, segment, country, industry_id, description, headquarters, founded_year, website, reporting_currency) VALUES ('arista', 'Arista Networks', 'ANET', 'NYSE', 'Data Center Networking', 'United States', 'networking', 'Leader in high-speed data-center Ethernet switching; core networking supplier to hyperscale AI clusters (Microsoft, Meta).', 'Santa Clara, California', 2004, 'https://www.arista.com', 'USD') ON CONFLICT (id) DO UPDATE SET name = EXCLUDED.name, ticker = EXCLUDED.ticker, exchange = EXCLUDED.exchange, segment = EXCLUDED.segment, country = EXCLUDED.country, industry_id = EXCLUDED.industry_id, description = EXCLUDED.description, headquarters = EXCLUDED.headquarters, founded_year = EXCLUDED.founded_year, website = EXCLUDED.website, reporting_currency = EXCLUDED.reporting_currency;
INSERT INTO financial_period (company_id, period_label, period_type, fiscal_year, fiscal_quarter, currency, unit, report_date, source_id) VALUES ('arista', 'FY21', 'annual', 2021, NULL, 'USD', 'USD millions', NULL, 'seed-arista') ON CONFLICT (company_id, period_label) DO UPDATE SET period_type = EXCLUDED.period_type, fiscal_year = EXCLUDED.fiscal_year, fiscal_quarter = EXCLUDED.fiscal_quarter, currency = EXCLUDED.currency, unit = EXCLUDED.unit, report_date = EXCLUDED.report_date, source_id = EXCLUDED.source_id;
INSERT INTO financial_fact (period_id, concept, value, source_id)
SELECT p.id, v.concept, v.value, 'seed-arista'
FROM financial_period p
JOIN (VALUES ('Revenue', 2948::double precision), ('CostOfRevenue', 1056::double precision), ('RnDExpense', 587::double precision), ('SnMExpense', 313::double precision), ('OperatingIncome', 906::double precision), ('NetIncome', 841::double precision), ('OperatingCashFlow', 951::double precision), ('Capex', 27::double precision), ('CashAndEquivalents', 3437::double precision), ('TotalAssets', 5320::double precision), ('TotalEquity', 3987::double precision), ('DilutedShares', 1264::double precision)) AS v(concept, value) ON true
WHERE p.company_id = 'arista' AND p.period_label = 'FY21'
ON CONFLICT (period_id, concept) DO UPDATE SET value = EXCLUDED.value, source_id = EXCLUDED.source_id;
INSERT INTO financial_period (company_id, period_label, period_type, fiscal_year, fiscal_quarter, currency, unit, report_date, source_id) VALUES ('arista', 'FY22', 'annual', 2022, NULL, 'USD', 'USD millions', NULL, 'seed-arista') ON CONFLICT (company_id, period_label) DO UPDATE SET period_type = EXCLUDED.period_type, fiscal_year = EXCLUDED.fiscal_year, fiscal_quarter = EXCLUDED.fiscal_quarter, currency = EXCLUDED.currency, unit = EXCLUDED.unit, report_date = EXCLUDED.report_date, source_id = EXCLUDED.source_id;
INSERT INTO financial_fact (period_id, concept, value, source_id)
SELECT p.id, v.concept, v.value, 'seed-arista'
FROM financial_period p
JOIN (VALUES ('Revenue', 4381::double precision), ('CostOfRevenue', 1724::double precision), ('RnDExpense', 728::double precision), ('SnMExpense', 393::double precision), ('OperatingIncome', 1536::double precision), ('NetIncome', 1352::double precision), ('OperatingCashFlow', 493::double precision), ('Capex', 45::double precision), ('CashAndEquivalents', 3024::double precision), ('TotalAssets', 7000::double precision), ('TotalEquity', 4865::double precision), ('DilutedShares', 1256::double precision)) AS v(concept, value) ON true
WHERE p.company_id = 'arista' AND p.period_label = 'FY22'
ON CONFLICT (period_id, concept) DO UPDATE SET value = EXCLUDED.value, source_id = EXCLUDED.source_id;
INSERT INTO financial_period (company_id, period_label, period_type, fiscal_year, fiscal_quarter, currency, unit, report_date, source_id) VALUES ('arista', 'FY23', 'annual', 2023, NULL, 'USD', 'USD millions', NULL, 'seed-arista') ON CONFLICT (company_id, period_label) DO UPDATE SET period_type = EXCLUDED.period_type, fiscal_year = EXCLUDED.fiscal_year, fiscal_quarter = EXCLUDED.fiscal_quarter, currency = EXCLUDED.currency, unit = EXCLUDED.unit, report_date = EXCLUDED.report_date, source_id = EXCLUDED.source_id;
INSERT INTO financial_fact (period_id, concept, value, source_id)
SELECT p.id, v.concept, v.value, 'seed-arista'
FROM financial_period p
JOIN (VALUES ('Revenue', 5860::double precision), ('CostOfRevenue', 2244::double precision), ('RnDExpense', 875::double precision), ('SnMExpense', 465::double precision), ('OperatingIncome', 2276::double precision), ('NetIncome', 2087::double precision), ('OperatingCashFlow', 2034::double precision), ('Capex', 47::double precision), ('CashAndEquivalents', 5271::double precision), ('TotalAssets', 9950::double precision), ('TotalEquity', 7319::double precision), ('DilutedShares', 1268::double precision)) AS v(concept, value) ON true
WHERE p.company_id = 'arista' AND p.period_label = 'FY23'
ON CONFLICT (period_id, concept) DO UPDATE SET value = EXCLUDED.value, source_id = EXCLUDED.source_id;
INSERT INTO financial_period (company_id, period_label, period_type, fiscal_year, fiscal_quarter, currency, unit, report_date, source_id) VALUES ('arista', 'FY24', 'annual', 2024, NULL, 'USD', 'USD millions', NULL, 'seed-arista') ON CONFLICT (company_id, period_label) DO UPDATE SET period_type = EXCLUDED.period_type, fiscal_year = EXCLUDED.fiscal_year, fiscal_quarter = EXCLUDED.fiscal_quarter, currency = EXCLUDED.currency, unit = EXCLUDED.unit, report_date = EXCLUDED.report_date, source_id = EXCLUDED.source_id;
INSERT INTO financial_fact (period_id, concept, value, source_id)
SELECT p.id, v.concept, v.value, 'seed-arista'
FROM financial_period p
JOIN (VALUES ('Revenue', 7003::double precision), ('CostOfRevenue', 2507::double precision), ('RnDExpense', 1000::double precision), ('SnMExpense', 530::double precision), ('OperatingIncome', 2966::double precision), ('NetIncome', 2852::double precision), ('OperatingCashFlow', 3708::double precision), ('Capex', 32::double precision), ('CashAndEquivalents', 8300::double precision), ('TotalAssets', 14043::double precision), ('TotalEquity', 9982::double precision), ('DilutedShares', 1280::double precision)) AS v(concept, value) ON true
WHERE p.company_id = 'arista' AND p.period_label = 'FY24'
ON CONFLICT (period_id, concept) DO UPDATE SET value = EXCLUDED.value, source_id = EXCLUDED.source_id;
INSERT INTO company (id, name, ticker, exchange, segment, country, industry_id, description, headquarters, founded_year, website, reporting_currency) VALUES ('vertiv', 'Vertiv Holdings', 'VRT', 'NYSE', 'Data Center Power / Cooling', 'United States', 'dc-power-cooling', 'Critical digital infrastructure: power management, thermal management (incl. liquid cooling) for AI data centers.', 'Westerville, Ohio', 2016, 'https://www.vertiv.com', 'USD') ON CONFLICT (id) DO UPDATE SET name = EXCLUDED.name, ticker = EXCLUDED.ticker, exchange = EXCLUDED.exchange, segment = EXCLUDED.segment, country = EXCLUDED.country, industry_id = EXCLUDED.industry_id, description = EXCLUDED.description, headquarters = EXCLUDED.headquarters, founded_year = EXCLUDED.founded_year, website = EXCLUDED.website, reporting_currency = EXCLUDED.reporting_currency;
INSERT INTO financial_period (company_id, period_label, period_type, fiscal_year, fiscal_quarter, currency, unit, report_date, source_id) VALUES ('vertiv', 'FY21', 'annual', 2021, NULL, 'USD', 'USD millions', NULL, 'seed-vertiv') ON CONFLICT (company_id, period_label) DO UPDATE SET period_type = EXCLUDED.period_type, fiscal_year = EXCLUDED.fiscal_year, fiscal_quarter = EXCLUDED.fiscal_quarter, currency = EXCLUDED.currency, unit = EXCLUDED.unit, report_date = EXCLUDED.report_date, source_id = EXCLUDED.source_id;
INSERT INTO financial_fact (period_id, concept, value, source_id)
SELECT p.id, v.concept, v.value, 'seed-vertiv'
FROM financial_period p
JOIN (VALUES ('Revenue', 4998::double precision), ('CostOfRevenue', 3417::double precision), ('OperatingIncome', 320::double precision), ('NetIncome', 120::double precision)) AS v(concept, value) ON true
WHERE p.company_id = 'vertiv' AND p.period_label = 'FY21'
ON CONFLICT (period_id, concept) DO UPDATE SET value = EXCLUDED.value, source_id = EXCLUDED.source_id;
INSERT INTO financial_period (company_id, period_label, period_type, fiscal_year, fiscal_quarter, currency, unit, report_date, source_id) VALUES ('vertiv', 'FY22', 'annual', 2022, NULL, 'USD', 'USD millions', NULL, 'seed-vertiv') ON CONFLICT (company_id, period_label) DO UPDATE SET period_type = EXCLUDED.period_type, fiscal_year = EXCLUDED.fiscal_year, fiscal_quarter = EXCLUDED.fiscal_quarter, currency = EXCLUDED.currency, unit = EXCLUDED.unit, report_date = EXCLUDED.report_date, source_id = EXCLUDED.source_id;
INSERT INTO financial_fact (period_id, concept, value, source_id)
SELECT p.id, v.concept, v.value, 'seed-vertiv'
FROM financial_period p
JOIN (VALUES ('Revenue', 5692::double precision), ('CostOfRevenue', 4081::double precision), ('OperatingIncome', 216::double precision), ('NetIncome', 77::double precision)) AS v(concept, value) ON true
WHERE p.company_id = 'vertiv' AND p.period_label = 'FY22'
ON CONFLICT (period_id, concept) DO UPDATE SET value = EXCLUDED.value, source_id = EXCLUDED.source_id;
INSERT INTO financial_period (company_id, period_label, period_type, fiscal_year, fiscal_quarter, currency, unit, report_date, source_id) VALUES ('vertiv', 'FY23', 'annual', 2023, NULL, 'USD', 'USD millions', NULL, 'seed-vertiv') ON CONFLICT (company_id, period_label) DO UPDATE SET period_type = EXCLUDED.period_type, fiscal_year = EXCLUDED.fiscal_year, fiscal_quarter = EXCLUDED.fiscal_quarter, currency = EXCLUDED.currency, unit = EXCLUDED.unit, report_date = EXCLUDED.report_date, source_id = EXCLUDED.source_id;
INSERT INTO financial_fact (period_id, concept, value, source_id)
SELECT p.id, v.concept, v.value, 'seed-vertiv'
FROM financial_period p
JOIN (VALUES ('Revenue', 6863::double precision), ('CostOfRevenue', 4428::double precision), ('OperatingIncome', 872::double precision), ('NetIncome', 460::double precision), ('OperatingCashFlow', 778::double precision), ('Capex', 92::double precision)) AS v(concept, value) ON true
WHERE p.company_id = 'vertiv' AND p.period_label = 'FY23'
ON CONFLICT (period_id, concept) DO UPDATE SET value = EXCLUDED.value, source_id = EXCLUDED.source_id;
INSERT INTO financial_period (company_id, period_label, period_type, fiscal_year, fiscal_quarter, currency, unit, report_date, source_id) VALUES ('vertiv', 'FY24', 'annual', 2024, NULL, 'USD', 'USD millions', NULL, 'seed-vertiv') ON CONFLICT (company_id, period_label) DO UPDATE SET period_type = EXCLUDED.period_type, fiscal_year = EXCLUDED.fiscal_year, fiscal_quarter = EXCLUDED.fiscal_quarter, currency = EXCLUDED.currency, unit = EXCLUDED.unit, report_date = EXCLUDED.report_date, source_id = EXCLUDED.source_id;
INSERT INTO financial_fact (period_id, concept, value, source_id)
SELECT p.id, v.concept, v.value, 'seed-vertiv'
FROM financial_period p
JOIN (VALUES ('Revenue', 8012::double precision), ('CostOfRevenue', 5080::double precision), ('OperatingIncome', 1376::double precision), ('NetIncome', 496::double precision), ('OperatingCashFlow', 1336::double precision), ('Capex', 200::double precision), ('TotalAssets', 9132::double precision), ('LongTermDebt', 2929::double precision), ('TotalEquity', 2666::double precision), ('DilutedShares', 388::double precision)) AS v(concept, value) ON true
WHERE p.company_id = 'vertiv' AND p.period_label = 'FY24'
ON CONFLICT (period_id, concept) DO UPDATE SET value = EXCLUDED.value, source_id = EXCLUDED.source_id;
